Date,Model,Fold,Actual,Probability,Prediction
2017-01-17,Dummy Prior,1,1,0.5392670157068062,1
2017-01-18,Dummy Prior,1,0,0.5392670157068062,1
2017-01-19,Dummy Prior,1,1,0.5392670157068062,1
2017-01-20,Dummy Prior,1,0,0.5392670157068062,1
2017-01-23,Dummy Prior,1,1,0.5392670157068062,1
2017-01-24,Dummy Prior,1,1,0.5392670157068062,1
2017-01-25,Dummy Prior,1,0,0.5392670157068062,1
2017-01-26,Dummy Prior,1,0,0.5392670157068062,1
2017-01-27,Dummy Prior,1,0,0.5392670157068062,1
2017-01-30,Dummy Prior,1,0,0.5392670157068062,1
2017-01-31,Dummy Prior,1,1,0.5392670157068062,1
2017-02-01,Dummy Prior,1,1,0.5392670157068062,1
2017-02-02,Dummy Prior,1,1,0.5392670157068062,1
2017-02-03,Dummy Prior,1,0,0.5392670157068062,1
2017-02-06,Dummy Prior,1,1,0.5392670157068062,1
2017-02-07,Dummy Prior,1,1,0.5392670157068062,1
2017-02-08,Dummy Prior,1,1,0.5392670157068062,1
2017-02-09,Dummy Prior,1,1,0.5392670157068062,1
2017-02-10,Dummy Prior,1,1,0.5392670157068062,1
2017-02-13,Dummy Prior,1,1,0.5392670157068062,1
2017-02-14,Dummy Prior,1,1,0.5392670157068062,1
2017-02-15,Dummy Prior,1,0,0.5392670157068062,1
2017-02-16,Dummy Prior,1,1,0.5392670157068062,1
2017-02-17,Dummy Prior,1,1,0.5392670157068062,1
2017-02-21,Dummy Prior,1,0,0.5392670157068062,1
2017-02-22,Dummy Prior,1,1,0.5392670157068062,1
2017-02-23,Dummy Prior,1,1,0.5392670157068062,1
2017-02-24,Dummy Prior,1,1,0.5392670157068062,1
2017-02-27,Dummy Prior,1,0,0.5392670157068062,1
2017-02-28,Dummy Prior,1,1,0.5392670157068062,1
2017-03-01,Dummy Prior,1,0,0.5392670157068062,1
2017-03-02,Dummy Prior,1,1,0.5392670157068062,1
2017-03-03,Dummy Prior,1,0,0.5392670157068062,1
2017-03-06,Dummy Prior,1,0,0.5392670157068062,1
2017-03-07,Dummy Prior,1,0,0.5392670157068062,1
2017-03-08,Dummy Prior,1,1,0.5392670157068062,1
2017-03-09,Dummy Prior,1,1,0.5392670157068062,1
2017-03-10,Dummy Prior,1,1,0.5392670157068062,1
2017-03-13,Dummy Prior,1,0,0.5392670157068062,1
2017-03-14,Dummy Prior,1,1,0.5392670157068062,1
2017-03-15,Dummy Prior,1,0,0.5392670157068062,1
2017-03-16,Dummy Prior,1,0,0.5392670157068062,1
2017-03-17,Dummy Prior,1,0,0.5392670157068062,1
2017-03-20,Dummy Prior,1,0,0.5392670157068062,1
2017-03-21,Dummy Prior,1,1,0.5392670157068062,1
2017-03-22,Dummy Prior,1,0,0.5392670157068062,1
2017-03-23,Dummy Prior,1,0,0.5392670157068062,1
2017-03-24,Dummy Prior,1,0,0.5392670157068062,1
2017-03-27,Dummy Prior,1,1,0.5392670157068062,1
2017-03-28,Dummy Prior,1,1,0.5392670157068062,1
2017-03-29,Dummy Prior,1,1,0.5392670157068062,1
2017-03-30,Dummy Prior,1,0,0.5392670157068062,1
2017-03-31,Dummy Prior,1,0,0.5392670157068062,1
2017-04-03,Dummy Prior,1,1,0.5392670157068062,1
2017-04-04,Dummy Prior,1,0,0.5392670157068062,1
2017-04-05,Dummy Prior,1,1,0.5392670157068062,1
2017-04-06,Dummy Prior,1,0,0.5392670157068062,1
2017-04-07,Dummy Prior,1,1,0.5392670157068062,1
2017-04-10,Dummy Prior,1,0,0.5392670157068062,1
2017-04-11,Dummy Prior,1,0,0.5392670157068062,1
2017-04-12,Dummy Prior,1,0,0.5392670157068062,1
2017-04-13,Dummy Prior,1,1,0.5392670157068062,1
2017-04-17,Dummy Prior,1,0,0.5392670157068062,1
2017-04-18,Dummy Prior,1,0,0.5392670157068062,1
2017-04-19,Dummy Prior,1,1,0.5392670157068062,1
2017-04-20,Dummy Prior,1,0,0.5392670157068062,1
2017-04-21,Dummy Prior,1,1,0.5392670157068062,1
2017-04-24,Dummy Prior,1,1,0.5392670157068062,1
2017-04-25,Dummy Prior,1,0,0.5392670157068062,1
2017-04-26,Dummy Prior,1,1,0.5392670157068062,1
2017-04-27,Dummy Prior,1,0,0.5392670157068062,1
2017-04-28,Dummy Prior,1,1,0.5392670157068062,1
2017-05-01,Dummy Prior,1,1,0.5392670157068062,1
2017-05-02,Dummy Prior,1,0,0.5392670157068062,1
2017-05-03,Dummy Prior,1,1,0.5392670157068062,1
2017-05-04,Dummy Prior,1,1,0.5392670157068062,1
2017-05-05,Dummy Prior,1,0,0.5392670157068062,1
2017-05-08,Dummy Prior,1,0,0.5392670157068062,1
2017-05-09,Dummy Prior,1,1,0.5392670157068062,1
2017-05-10,Dummy Prior,1,0,0.5392670157068062,1
2017-05-11,Dummy Prior,1,0,0.5392670157068062,1
2017-05-12,Dummy Prior,1,1,0.5392670157068062,1
2017-05-15,Dummy Prior,1,0,0.5392670157068062,1
2017-05-16,Dummy Prior,1,0,0.5392670157068062,1
2017-05-17,Dummy Prior,1,1,0.5392670157068062,1
2017-05-18,Dummy Prior,1,1,0.5392670157068062,1
2017-05-19,Dummy Prior,1,1,0.5392670157068062,1
2017-05-22,Dummy Prior,1,1,0.5392670157068062,1
2017-05-23,Dummy Prior,1,1,0.5392670157068062,1
2017-05-24,Dummy Prior,1,1,0.5392670157068062,1
2017-05-25,Dummy Prior,1,0,0.5392670157068062,1
2017-05-26,Dummy Prior,1,0,0.5392670157068062,1
2017-05-30,Dummy Prior,1,0,0.5392670157068062,1
2017-05-31,Dummy Prior,1,1,0.5392670157068062,1
2017-06-01,Dummy Prior,1,1,0.5392670157068062,1
2017-06-02,Dummy Prior,1,0,0.5392670157068062,1
2017-06-05,Dummy Prior,1,0,0.5392670157068062,1
2017-06-06,Dummy Prior,1,1,0.5392670157068062,1
2017-06-07,Dummy Prior,1,1,0.5392670157068062,1
2017-06-08,Dummy Prior,1,0,0.5392670157068062,1
2017-06-09,Dummy Prior,1,0,0.5392670157068062,1
2017-06-12,Dummy Prior,1,1,0.5392670157068062,1
2017-06-13,Dummy Prior,1,0,0.5392670157068062,1
2017-06-14,Dummy Prior,1,0,0.5392670157068062,1
2017-06-15,Dummy Prior,1,1,0.5392670157068062,1
2017-06-16,Dummy Prior,1,1,0.5392670157068062,1
2017-06-19,Dummy Prior,1,0,0.5392670157068062,1
2017-06-20,Dummy Prior,1,0,0.5392670157068062,1
2017-06-21,Dummy Prior,1,0,0.5392670157068062,1
2017-06-22,Dummy Prior,1,1,0.5392670157068062,1
2017-06-23,Dummy Prior,1,1,0.5392670157068062,1
2017-06-26,Dummy Prior,1,0,0.5392670157068062,1
2017-06-27,Dummy Prior,1,1,0.5392670157068062,1
2017-06-28,Dummy Prior,1,0,0.5392670157068062,1
2017-06-29,Dummy Prior,1,1,0.5392670157068062,1
2017-06-30,Dummy Prior,1,1,0.5392670157068062,1
2017-07-03,Dummy Prior,1,1,0.5392670157068062,1
2017-07-05,Dummy Prior,1,0,0.5392670157068062,1
2017-07-06,Dummy Prior,1,1,0.5392670157068062,1
2017-07-07,Dummy Prior,1,1,0.5392670157068062,1
2017-07-10,Dummy Prior,1,0,0.5392670157068062,1
2017-07-11,Dummy Prior,1,1,0.5392670157068062,1
2017-07-12,Dummy Prior,1,1,0.5392670157068062,1
2017-07-13,Dummy Prior,1,1,0.5392670157068062,1
2017-07-14,Dummy Prior,1,0,0.5392670157068062,1
2017-07-17,Dummy Prior,1,1,0.5392670157068062,1
2017-07-18,Dummy Prior,1,1,0.5392670157068062,1
2017-07-19,Dummy Prior,1,1,0.5392670157068062,1
2017-07-20,Dummy Prior,1,0,0.5392670157068062,1
2017-07-21,Dummy Prior,1,0,0.5392670157068062,1
2017-07-24,Dummy Prior,1,1,0.5392670157068062,1
2017-07-25,Dummy Prior,1,1,0.5392670157068062,1
2017-07-26,Dummy Prior,1,0,0.5392670157068062,1
2017-07-27,Dummy Prior,1,0,0.5392670157068062,1
2017-07-28,Dummy Prior,1,0,0.5392670157068062,1
2017-07-31,Dummy Prior,1,1,0.5392670157068062,1
2017-08-01,Dummy Prior,1,1,0.5392670157068062,1
2017-08-02,Dummy Prior,1,0,0.5392670157068062,1
2017-08-03,Dummy Prior,1,1,0.5392670157068062,1
2017-08-04,Dummy Prior,1,1,0.5392670157068062,1
2017-08-07,Dummy Prior,1,0,0.5392670157068062,1
2017-08-08,Dummy Prior,1,0,0.5392670157068062,1
2017-08-09,Dummy Prior,1,0,0.5392670157068062,1
2017-08-10,Dummy Prior,1,1,0.5392670157068062,1
2017-08-11,Dummy Prior,1,1,0.5392670157068062,1
2017-08-14,Dummy Prior,1,0,0.5392670157068062,1
2017-08-15,Dummy Prior,1,1,0.5392670157068062,1
2017-08-16,Dummy Prior,1,0,0.5392670157068062,1
2017-08-17,Dummy Prior,1,0,0.5392670157068062,1
2017-08-18,Dummy Prior,1,1,0.5392670157068062,1
2017-08-21,Dummy Prior,1,1,0.5392670157068062,1
2017-08-22,Dummy Prior,1,0,0.5392670157068062,1
2017-08-23,Dummy Prior,1,0,0.5392670157068062,1
2017-08-24,Dummy Prior,1,1,0.5392670157068062,1
2017-08-25,Dummy Prior,1,1,0.5392670157068062,1
2017-08-28,Dummy Prior,1,1,0.5392670157068062,1
2017-08-29,Dummy Prior,1,1,0.5392670157068062,1
2017-08-30,Dummy Prior,1,1,0.5392670157068062,1
2017-08-31,Dummy Prior,1,1,0.5392670157068062,1
2017-09-01,Dummy Prior,1,0,0.5392670157068062,1
2017-09-05,Dummy Prior,1,1,0.5392670157068062,1
2017-09-06,Dummy Prior,1,0,0.5392670157068062,1
2017-09-07,Dummy Prior,1,0,0.5392670157068062,1
2017-09-08,Dummy Prior,1,1,0.5392670157068062,1
2017-09-11,Dummy Prior,1,1,0.5392670157068062,1
2017-09-12,Dummy Prior,1,1,0.5392670157068062,1
2017-09-13,Dummy Prior,1,0,0.5392670157068062,1
2017-09-14,Dummy Prior,1,1,0.5392670157068062,1
2017-09-15,Dummy Prior,1,1,0.5392670157068062,1
2017-09-18,Dummy Prior,1,1,0.5392670157068062,1
2017-09-19,Dummy Prior,1,1,0.5392670157068062,1
2017-09-20,Dummy Prior,1,0,0.5392670157068062,1
2017-09-21,Dummy Prior,1,1,0.5392670157068062,1
2017-09-22,Dummy Prior,1,0,0.5392670157068062,1
2017-09-25,Dummy Prior,1,1,0.5392670157068062,1
2017-09-26,Dummy Prior,1,1,0.5392670157068062,1
2017-09-27,Dummy Prior,1,1,0.5392670157068062,1
2017-09-28,Dummy Prior,1,1,0.5392670157068062,1
2017-09-29,Dummy Prior,1,1,0.5392670157068062,1
2017-10-02,Dummy Prior,1,1,0.5392670157068062,1
2017-10-03,Dummy Prior,1,1,0.5392670157068062,1
2017-10-04,Dummy Prior,1,1,0.5392670157068062,1
2017-10-05,Dummy Prior,1,0,0.5392670157068062,1
2017-10-06,Dummy Prior,1,0,0.5392670157068062,1
2017-10-09,Dummy Prior,1,1,0.5392670157068062,1
2017-10-10,Dummy Prior,1,1,0.5392670157068062,1
2017-10-11,Dummy Prior,1,0,0.5392670157068062,1
2017-10-12,Dummy Prior,1,1,0.5392670157068062,1
2017-10-13,Dummy Prior,1,1,0.5392670157068062,1
2017-10-16,Dummy Prior,1,1,0.5392670157068062,1
2017-10-17,Dummy Prior,1,1,0.5392670157068062,1
2017-10-18,Dummy Prior,1,1,0.5392670157068062,1
2017-10-19,Dummy Prior,1,1,0.5392670157068062,1
2017-10-20,Dummy Prior,1,0,0.5392670157068062,1
2017-10-23,Dummy Prior,1,1,0.5392670157068062,1
2017-10-24,Dummy Prior,1,0,0.5392670157068062,1
2017-10-25,Dummy Prior,1,1,0.5392670157068062,1
2017-10-26,Dummy Prior,1,1,0.5392670157068062,1
2017-10-27,Dummy Prior,1,0,0.5392670157068062,1
2017-10-30,Dummy Prior,1,1,0.5392670157068062,1
2017-10-31,Dummy Prior,1,1,0.5392670157068062,1
2017-11-01,Dummy Prior,1,1,0.5392670157068062,1
2017-11-02,Dummy Prior,1,1,0.5392670157068062,1
2017-11-03,Dummy Prior,1,1,0.5392670157068062,1
2017-11-06,Dummy Prior,1,0,0.5392670157068062,1
2017-11-07,Dummy Prior,1,1,0.5392670157068062,1
2017-11-08,Dummy Prior,1,0,0.5392670157068062,1
2017-11-09,Dummy Prior,1,0,0.5392670157068062,1
2017-11-10,Dummy Prior,1,1,0.5392670157068062,1
2017-11-13,Dummy Prior,1,0,0.5392670157068062,1
2017-11-14,Dummy Prior,1,0,0.5392670157068062,1
2017-11-15,Dummy Prior,1,1,0.5392670157068062,1
2017-11-16,Dummy Prior,1,0,0.5392670157068062,1
2017-11-17,Dummy Prior,1,1,0.5392670157068062,1
2017-11-20,Dummy Prior,1,1,0.5392670157068062,1
2017-11-21,Dummy Prior,1,0,0.5392670157068062,1
2017-11-22,Dummy Prior,1,1,0.5392670157068062,1
2017-11-24,Dummy Prior,1,0,0.5392670157068062,1
2017-11-27,Dummy Prior,1,1,0.5392670157068062,1
2017-11-28,Dummy Prior,1,0,0.5392670157068062,1
2017-11-29,Dummy Prior,1,1,0.5392670157068062,1
2017-11-30,Dummy Prior,1,0,0.5392670157068062,1
2017-12-01,Dummy Prior,1,0,0.5392670157068062,1
2017-12-04,Dummy Prior,1,0,0.5392670157068062,1
2017-12-05,Dummy Prior,1,1,0.5392670157068062,1
2017-12-06,Dummy Prior,1,1,0.5392670157068062,1
2017-12-07,Dummy Prior,1,1,0.5392670157068062,1
2017-12-08,Dummy Prior,1,1,0.5392670157068062,1
2017-12-11,Dummy Prior,1,1,0.5392670157068062,1
2017-12-12,Dummy Prior,1,0,0.5392670157068062,1
2017-12-13,Dummy Prior,1,0,0.5392670157068062,1
2017-12-14,Dummy Prior,1,1,0.5392670157068062,1
2017-12-15,Dummy Prior,1,1,0.5392670157068062,1
2017-12-18,Dummy Prior,1,0,0.5392670157068062,1
2017-12-19,Dummy Prior,1,0,0.5392670157068062,1
2017-12-20,Dummy Prior,1,1,0.5392670157068062,1
2017-12-21,Dummy Prior,1,0,0.5392670157068062,1
2017-12-22,Dummy Prior,1,0,0.5392670157068062,1
2017-12-26,Dummy Prior,1,1,0.5392670157068062,1
2017-12-27,Dummy Prior,1,1,0.5392670157068062,1
2017-12-28,Dummy Prior,1,0,0.5392670157068062,1
2017-12-29,Dummy Prior,1,1,0.5392670157068062,1
2018-01-02,Dummy Prior,1,1,0.5392670157068062,1
2018-01-03,Dummy Prior,1,1,0.5392670157068062,1
2018-01-04,Dummy Prior,1,1,0.5392670157068062,1
2018-01-05,Dummy Prior,1,1,0.5392670157068062,1
2018-01-08,Dummy Prior,1,1,0.5392670157068062,1
2018-01-09,Dummy Prior,1,0,0.5392670157068062,1
2018-01-10,Dummy Prior,1,1,0.5392670157068062,1
2018-01-11,Dummy Prior,1,1,0.5392670157068062,1
2018-01-12,Dummy Prior,2,0,0.5493096646942801,1
2018-01-16,Dummy Prior,2,1,0.5493096646942801,1
2018-01-17,Dummy Prior,2,0,0.5493096646942801,1
2018-01-18,Dummy Prior,2,1,0.5493096646942801,1
2018-01-19,Dummy Prior,2,1,0.5493096646942801,1
2018-01-22,Dummy Prior,2,1,0.5493096646942801,1
2018-01-23,Dummy Prior,2,0,0.5493096646942801,1
2018-01-24,Dummy Prior,2,1,0.5493096646942801,1
2018-01-25,Dummy Prior,2,1,0.5493096646942801,1
2018-01-26,Dummy Prior,2,0,0.5493096646942801,1
2018-01-29,Dummy Prior,2,0,0.5493096646942801,1
2018-01-30,Dummy Prior,2,1,0.5493096646942801,1
2018-01-31,Dummy Prior,2,0,0.5493096646942801,1
2018-02-01,Dummy Prior,2,0,0.5493096646942801,1
2018-02-02,Dummy Prior,2,0,0.5493096646942801,1
2018-02-05,Dummy Prior,2,1,0.5493096646942801,1
2018-02-06,Dummy Prior,2,0,0.5493096646942801,1
2018-02-07,Dummy Prior,2,0,0.5493096646942801,1
2018-02-08,Dummy Prior,2,1,0.5493096646942801,1
2018-02-09,Dummy Prior,2,1,0.5493096646942801,1
2018-02-12,Dummy Prior,2,1,0.5493096646942801,1
2018-02-13,Dummy Prior,2,1,0.5493096646942801,1
2018-02-14,Dummy Prior,2,1,0.5493096646942801,1
2018-02-15,Dummy Prior,2,1,0.5493096646942801,1
2018-02-16,Dummy Prior,2,0,0.5493096646942801,1
2018-02-20,Dummy Prior,2,0,0.5493096646942801,1
2018-02-21,Dummy Prior,2,1,0.5493096646942801,1
2018-02-22,Dummy Prior,2,1,0.5493096646942801,1
2018-02-23,Dummy Prior,2,1,0.5493096646942801,1
2018-02-26,Dummy Prior,2,0,0.5493096646942801,1
2018-02-27,Dummy Prior,2,0,0.5493096646942801,1
2018-02-28,Dummy Prior,2,0,0.5493096646942801,1
2018-03-01,Dummy Prior,2,1,0.5493096646942801,1
2018-03-02,Dummy Prior,2,1,0.5493096646942801,1
2018-03-05,Dummy Prior,2,1,0.5493096646942801,1
2018-03-06,Dummy Prior,2,0,0.5493096646942801,1
2018-03-07,Dummy Prior,2,1,0.5493096646942801,1
2018-03-08,Dummy Prior,2,1,0.5493096646942801,1
2018-03-09,Dummy Prior,2,0,0.5493096646942801,1
2018-03-12,Dummy Prior,2,0,0.5493096646942801,1
2018-03-13,Dummy Prior,2,0,0.5493096646942801,1
2018-03-14,Dummy Prior,2,0,0.5493096646942801,1
2018-03-15,Dummy Prior,2,1,0.5493096646942801,1
2018-03-16,Dummy Prior,2,0,0.5493096646942801,1
2018-03-19,Dummy Prior,2,1,0.5493096646942801,1
2018-03-20,Dummy Prior,2,0,0.5493096646942801,1
2018-03-21,Dummy Prior,2,0,0.5493096646942801,1
2018-03-22,Dummy Prior,2,0,0.5493096646942801,1
2018-03-23,Dummy Prior,2,1,0.5493096646942801,1
2018-03-26,Dummy Prior,2,0,0.5493096646942801,1
2018-03-27,Dummy Prior,2,0,0.5493096646942801,1
2018-03-28,Dummy Prior,2,1,0.5493096646942801,1
2018-03-29,Dummy Prior,2,0,0.5493096646942801,1
2018-04-02,Dummy Prior,2,1,0.5493096646942801,1
2018-04-03,Dummy Prior,2,1,0.5493096646942801,1
2018-04-04,Dummy Prior,2,1,0.5493096646942801,1
2018-04-05,Dummy Prior,2,0,0.5493096646942801,1
2018-04-06,Dummy Prior,2,1,0.5493096646942801,1
2018-04-09,Dummy Prior,2,1,0.5493096646942801,1
2018-04-10,Dummy Prior,2,0,0.5493096646942801,1
2018-04-11,Dummy Prior,2,1,0.5493096646942801,1
2018-04-12,Dummy Prior,2,0,0.5493096646942801,1
2018-04-13,Dummy Prior,2,1,0.5493096646942801,1
2018-04-16,Dummy Prior,2,1,0.5493096646942801,1
2018-04-17,Dummy Prior,2,1,0.5493096646942801,1
2018-04-18,Dummy Prior,2,0,0.5493096646942801,1
2018-04-19,Dummy Prior,2,0,0.5493096646942801,1
2018-04-20,Dummy Prior,2,0,0.5493096646942801,1
2018-04-23,Dummy Prior,2,0,0.5493096646942801,1
2018-04-24,Dummy Prior,2,1,0.5493096646942801,1
2018-04-25,Dummy Prior,2,1,0.5493096646942801,1
2018-04-26,Dummy Prior,2,1,0.5493096646942801,1
2018-04-27,Dummy Prior,2,0,0.5493096646942801,1
2018-04-30,Dummy Prior,2,1,0.5493096646942801,1
2018-05-01,Dummy Prior,2,0,0.5493096646942801,1
2018-05-02,Dummy Prior,2,0,0.5493096646942801,1
2018-05-03,Dummy Prior,2,1,0.5493096646942801,1
2018-05-04,Dummy Prior,2,1,0.5493096646942801,1
2018-05-07,Dummy Prior,2,0,0.5493096646942801,1
2018-05-08,Dummy Prior,2,1,0.5493096646942801,1
2018-05-09,Dummy Prior,2,1,0.5493096646942801,1
2018-05-10,Dummy Prior,2,1,0.5493096646942801,1
2018-05-11,Dummy Prior,2,1,0.5493096646942801,1
2018-05-14,Dummy Prior,2,0,0.5493096646942801,1
2018-05-15,Dummy Prior,2,1,0.5493096646942801,1
2018-05-16,Dummy Prior,2,0,0.5493096646942801,1
2018-05-17,Dummy Prior,2,0,0.5493096646942801,1
2018-05-18,Dummy Prior,2,1,0.5493096646942801,1
2018-05-21,Dummy Prior,2,0,0.5493096646942801,1
2018-05-22,Dummy Prior,2,1,0.5493096646942801,1
2018-05-23,Dummy Prior,2,0,0.5493096646942801,1
2018-05-24,Dummy Prior,2,0,0.5493096646942801,1
2018-05-25,Dummy Prior,2,0,0.5493096646942801,1
2018-05-29,Dummy Prior,2,1,0.5493096646942801,1
2018-05-30,Dummy Prior,2,0,0.5493096646942801,1
2018-05-31,Dummy Prior,2,1,0.5493096646942801,1
2018-06-01,Dummy Prior,2,1,0.5493096646942801,1
2018-06-04,Dummy Prior,2,1,0.5493096646942801,1
2018-06-05,Dummy Prior,2,1,0.5493096646942801,1
2018-06-06,Dummy Prior,2,0,0.5493096646942801,1
2018-06-07,Dummy Prior,2,1,0.5493096646942801,1
2018-06-08,Dummy Prior,2,1,0.5493096646942801,1
2018-06-11,Dummy Prior,2,1,0.5493096646942801,1
2018-06-12,Dummy Prior,2,0,0.5493096646942801,1
2018-06-13,Dummy Prior,2,1,0.5493096646942801,1
2018-06-14,Dummy Prior,2,0,0.5493096646942801,1
2018-06-15,Dummy Prior,2,0,0.5493096646942801,1
2018-06-18,Dummy Prior,2,0,0.5493096646942801,1
2018-06-19,Dummy Prior,2,1,0.5493096646942801,1
2018-06-20,Dummy Prior,2,0,0.5493096646942801,1
2018-06-21,Dummy Prior,2,1,0.5493096646942801,1
2018-06-22,Dummy Prior,2,0,0.5493096646942801,1
2018-06-25,Dummy Prior,2,1,0.5493096646942801,1
2018-06-26,Dummy Prior,2,0,0.5493096646942801,1
2018-06-27,Dummy Prior,2,1,0.5493096646942801,1
2018-06-28,Dummy Prior,2,1,0.5493096646942801,1
2018-06-29,Dummy Prior,2,1,0.5493096646942801,1
2018-07-02,Dummy Prior,2,0,0.5493096646942801,1
2018-07-03,Dummy Prior,2,1,0.5493096646942801,1
2018-07-05,Dummy Prior,2,1,0.5493096646942801,1
2018-07-06,Dummy Prior,2,1,0.5493096646942801,1
2018-07-09,Dummy Prior,2,1,0.5493096646942801,1
2018-07-10,Dummy Prior,2,0,0.5493096646942801,1
2018-07-11,Dummy Prior,2,1,0.5493096646942801,1
2018-07-12,Dummy Prior,2,1,0.5493096646942801,1
2018-07-13,Dummy Prior,2,0,0.5493096646942801,1
2018-07-16,Dummy Prior,2,1,0.5493096646942801,1
2018-07-17,Dummy Prior,2,1,0.5493096646942801,1
2018-07-18,Dummy Prior,2,0,0.5493096646942801,1
2018-07-19,Dummy Prior,2,0,0.5493096646942801,1
2018-07-20,Dummy Prior,2,1,0.5493096646942801,1
2018-07-23,Dummy Prior,2,1,0.5493096646942801,1
2018-07-24,Dummy Prior,2,1,0.5493096646942801,1
2018-07-25,Dummy Prior,2,0,0.5493096646942801,1
2018-07-26,Dummy Prior,2,0,0.5493096646942801,1
2018-07-27,Dummy Prior,2,0,0.5493096646942801,1
2018-07-30,Dummy Prior,2,1,0.5493096646942801,1
2018-07-31,Dummy Prior,2,0,0.5493096646942801,1
2018-08-01,Dummy Prior,2,1,0.5493096646942801,1
2018-08-02,Dummy Prior,2,1,0.5493096646942801,1
2018-08-03,Dummy Prior,2,1,0.5493096646942801,1
2018-08-06,Dummy Prior,2,1,0.5493096646942801,1
2018-08-07,Dummy Prior,2,0,0.5493096646942801,1
2018-08-08,Dummy Prior,2,0,0.5493096646942801,1
2018-08-09,Dummy Prior,2,0,0.5493096646942801,1
2018-08-10,Dummy Prior,2,0,0.5493096646942801,1
2018-08-13,Dummy Prior,2,1,0.5493096646942801,1
2018-08-14,Dummy Prior,2,0,0.5493096646942801,1
2018-08-15,Dummy Prior,2,1,0.5493096646942801,1
2018-08-16,Dummy Prior,2,1,0.5493096646942801,1
2018-08-17,Dummy Prior,2,1,0.5493096646942801,1
2018-08-20,Dummy Prior,2,1,0.5493096646942801,1
2018-08-21,Dummy Prior,2,0,0.5493096646942801,1
2018-08-22,Dummy Prior,2,0,0.5493096646942801,1
2018-08-23,Dummy Prior,2,1,0.5493096646942801,1
2018-08-24,Dummy Prior,2,1,0.5493096646942801,1
2018-08-27,Dummy Prior,2,1,0.5493096646942801,1
2018-08-28,Dummy Prior,2,1,0.5493096646942801,1
2018-08-29,Dummy Prior,2,0,0.5493096646942801,1
2018-08-30,Dummy Prior,2,1,0.5493096646942801,1
2018-08-31,Dummy Prior,2,0,0.5493096646942801,1
2018-09-04,Dummy Prior,2,0,0.5493096646942801,1
2018-09-05,Dummy Prior,2,0,0.5493096646942801,1
2018-09-06,Dummy Prior,2,0,0.5493096646942801,1
2018-09-07,Dummy Prior,2,1,0.5493096646942801,1
2018-09-10,Dummy Prior,2,1,0.5493096646942801,1
2018-09-11,Dummy Prior,2,1,0.5493096646942801,1
2018-09-12,Dummy Prior,2,1,0.5493096646942801,1
2018-09-13,Dummy Prior,2,1,0.5493096646942801,1
2018-09-14,Dummy Prior,2,0,0.5493096646942801,1
2018-09-17,Dummy Prior,2,1,0.5493096646942801,1
2018-09-18,Dummy Prior,2,1,0.5493096646942801,1
2018-09-19,Dummy Prior,2,1,0.5493096646942801,1
2018-09-20,Dummy Prior,2,0,0.5493096646942801,1
2018-09-21,Dummy Prior,2,0,0.5493096646942801,1
2018-09-24,Dummy Prior,2,0,0.5493096646942801,1
2018-09-25,Dummy Prior,2,0,0.5493096646942801,1
2018-09-26,Dummy Prior,2,1,0.5493096646942801,1
2018-09-27,Dummy Prior,2,1,0.5493096646942801,1
2018-09-28,Dummy Prior,2,1,0.5493096646942801,1
2018-10-01,Dummy Prior,2,0,0.5493096646942801,1
2018-10-02,Dummy Prior,2,1,0.5493096646942801,1
2018-10-03,Dummy Prior,2,0,0.5493096646942801,1
2018-10-04,Dummy Prior,2,0,0.5493096646942801,1
2018-10-05,Dummy Prior,2,0,0.5493096646942801,1
2018-10-08,Dummy Prior,2,0,0.5493096646942801,1
2018-10-09,Dummy Prior,2,0,0.5493096646942801,1
2018-10-10,Dummy Prior,2,0,0.5493096646942801,1
2018-10-11,Dummy Prior,2,1,0.5493096646942801,1
2018-10-12,Dummy Prior,2,0,0.5493096646942801,1
2018-10-15,Dummy Prior,2,1,0.5493096646942801,1
2018-10-16,Dummy Prior,2,1,0.5493096646942801,1
2018-10-17,Dummy Prior,2,0,0.5493096646942801,1
2018-10-18,Dummy Prior,2,0,0.5493096646942801,1
2018-10-19,Dummy Prior,2,0,0.5493096646942801,1
2018-10-22,Dummy Prior,2,0,0.5493096646942801,1
2018-10-23,Dummy Prior,2,0,0.5493096646942801,1
2018-10-24,Dummy Prior,2,1,0.5493096646942801,1
2018-10-25,Dummy Prior,2,0,0.5493096646942801,1
2018-10-26,Dummy Prior,2,0,0.5493096646942801,1
2018-10-29,Dummy Prior,2,1,0.5493096646942801,1
2018-10-30,Dummy Prior,2,1,0.5493096646942801,1
2018-10-31,Dummy Prior,2,1,0.5493096646942801,1
2018-11-01,Dummy Prior,2,0,0.5493096646942801,1
2018-11-02,Dummy Prior,2,1,0.5493096646942801,1
2018-11-05,Dummy Prior,2,1,0.5493096646942801,1
2018-11-06,Dummy Prior,2,1,0.5493096646942801,1
2018-11-07,Dummy Prior,2,0,0.5493096646942801,1
2018-11-08,Dummy Prior,2,0,0.5493096646942801,1
2018-11-09,Dummy Prior,2,0,0.5493096646942801,1
2018-11-12,Dummy Prior,2,0,0.5493096646942801,1
2018-11-13,Dummy Prior,2,0,0.5493096646942801,1
2018-11-14,Dummy Prior,2,1,0.5493096646942801,1
2018-11-15,Dummy Prior,2,1,0.5493096646942801,1
2018-11-16,Dummy Prior,2,0,0.5493096646942801,1
2018-11-19,Dummy Prior,2,0,0.5493096646942801,1
2018-11-20,Dummy Prior,2,1,0.5493096646942801,1
2018-11-21,Dummy Prior,2,0,0.5493096646942801,1
2018-11-23,Dummy Prior,2,1,0.5493096646942801,1
2018-11-26,Dummy Prior,2,1,0.5493096646942801,1
2018-11-27,Dummy Prior,2,1,0.5493096646942801,1
2018-11-28,Dummy Prior,2,0,0.5493096646942801,1
2018-11-29,Dummy Prior,2,1,0.5493096646942801,1
2018-11-30,Dummy Prior,2,1,0.5493096646942801,1
2018-12-03,Dummy Prior,2,0,0.5493096646942801,1
2018-12-04,Dummy Prior,2,0,0.5493096646942801,1
2018-12-06,Dummy Prior,2,0,0.5493096646942801,1
2018-12-07,Dummy Prior,2,1,0.5493096646942801,1
2018-12-10,Dummy Prior,2,1,0.5493096646942801,1
2018-12-11,Dummy Prior,2,1,0.5493096646942801,1
2018-12-12,Dummy Prior,2,0,0.5493096646942801,1
2018-12-13,Dummy Prior,2,0,0.5493096646942801,1
2018-12-14,Dummy Prior,2,0,0.5493096646942801,1
2018-12-17,Dummy Prior,2,0,0.5493096646942801,1
2018-12-18,Dummy Prior,2,0,0.5493096646942801,1
2018-12-19,Dummy Prior,2,0,0.5493096646942801,1
2018-12-20,Dummy Prior,2,0,0.5493096646942801,1
2018-12-21,Dummy Prior,2,0,0.5493096646942801,1
2018-12-24,Dummy Prior,2,1,0.5493096646942801,1
2018-12-26,Dummy Prior,2,1,0.5493096646942801,1
2018-12-27,Dummy Prior,2,0,0.5493096646942801,1
2018-12-28,Dummy Prior,2,1,0.5493096646942801,1
2018-12-31,Dummy Prior,2,1,0.5493096646942801,1
2019-01-02,Dummy Prior,2,0,0.5493096646942801,1
2019-01-03,Dummy Prior,2,1,0.5493096646942801,1
2019-01-04,Dummy Prior,2,1,0.5493096646942801,1
2019-01-07,Dummy Prior,2,1,0.5493096646942801,1
2019-01-08,Dummy Prior,2,1,0.5493096646942801,1
2019-01-09,Dummy Prior,2,1,0.5493096646942801,1
2019-01-10,Dummy Prior,2,1,0.5493096646942801,1
2019-01-11,Dummy Prior,3,0,0.5450949367088608,1
2019-01-14,Dummy Prior,3,1,0.5450949367088608,1
2019-01-15,Dummy Prior,3,1,0.5450949367088608,1
2019-01-16,Dummy Prior,3,1,0.5450949367088608,1
2019-01-17,Dummy Prior,3,1,0.5450949367088608,1
2019-01-18,Dummy Prior,3,0,0.5450949367088608,1
2019-01-22,Dummy Prior,3,1,0.5450949367088608,1
2019-01-23,Dummy Prior,3,1,0.5450949367088608,1
2019-01-24,Dummy Prior,3,1,0.5450949367088608,1
2019-01-25,Dummy Prior,3,0,0.5450949367088608,1
2019-01-28,Dummy Prior,3,0,0.5450949367088608,1
2019-01-29,Dummy Prior,3,1,0.5450949367088608,1
2019-01-30,Dummy Prior,3,1,0.5450949367088608,1
2019-01-31,Dummy Prior,3,1,0.5450949367088608,1
2019-02-01,Dummy Prior,3,1,0.5450949367088608,1
2019-02-04,Dummy Prior,3,1,0.5450949367088608,1
2019-02-05,Dummy Prior,3,0,0.5450949367088608,1
2019-02-06,Dummy Prior,3,0,0.5450949367088608,1
2019-02-07,Dummy Prior,3,1,0.5450949367088608,1
2019-02-08,Dummy Prior,3,1,0.5450949367088608,1
2019-02-11,Dummy Prior,3,1,0.5450949367088608,1
2019-02-12,Dummy Prior,3,1,0.5450949367088608,1
2019-02-13,Dummy Prior,3,0,0.5450949367088608,1
2019-02-14,Dummy Prior,3,1,0.5450949367088608,1
2019-02-15,Dummy Prior,3,1,0.5450949367088608,1
2019-02-19,Dummy Prior,3,1,0.5450949367088608,1
2019-02-20,Dummy Prior,3,0,0.5450949367088608,1
2019-02-21,Dummy Prior,3,1,0.5450949367088608,1
2019-02-22,Dummy Prior,3,1,0.5450949367088608,1
2019-02-25,Dummy Prior,3,0,0.5450949367088608,1
2019-02-26,Dummy Prior,3,0,0.5450949367088608,1
2019-02-27,Dummy Prior,3,0,0.5450949367088608,1
2019-02-28,Dummy Prior,3,1,0.5450949367088608,1
2019-03-01,Dummy Prior,3,0,0.5450949367088608,1
2019-03-04,Dummy Prior,3,0,0.5450949367088608,1
2019-03-05,Dummy Prior,3,0,0.5450949367088608,1
2019-03-06,Dummy Prior,3,0,0.5450949367088608,1
2019-03-07,Dummy Prior,3,0,0.5450949367088608,1
2019-03-08,Dummy Prior,3,1,0.5450949367088608,1
2019-03-11,Dummy Prior,3,1,0.5450949367088608,1
2019-03-12,Dummy Prior,3,1,0.5450949367088608,1
2019-03-13,Dummy Prior,3,0,0.5450949367088608,1
2019-03-14,Dummy Prior,3,1,0.5450949367088608,1
2019-03-15,Dummy Prior,3,1,0.5450949367088608,1
2019-03-18,Dummy Prior,3,1,0.5450949367088608,1
2019-03-19,Dummy Prior,3,0,0.5450949367088608,1
2019-03-20,Dummy Prior,3,1,0.5450949367088608,1
2019-03-21,Dummy Prior,3,0,0.5450949367088608,1
2019-03-22,Dummy Prior,3,0,0.5450949367088608,1
2019-03-25,Dummy Prior,3,1,0.5450949367088608,1
2019-03-26,Dummy Prior,3,0,0.5450949367088608,1
2019-03-27,Dummy Prior,3,1,0.5450949367088608,1
2019-03-28,Dummy Prior,3,1,0.5450949367088608,1
2019-03-29,Dummy Prior,3,1,0.5450949367088608,1
2019-04-01,Dummy Prior,3,1,0.5450949367088608,1
2019-04-02,Dummy Prior,3,1,0.5450949367088608,1
2019-04-03,Dummy Prior,3,1,0.5450949367088608,1
2019-04-04,Dummy Prior,3,1,0.5450949367088608,1
2019-04-05,Dummy Prior,3,1,0.5450949367088608,1
2019-04-08,Dummy Prior,3,0,0.5450949367088608,1
2019-04-09,Dummy Prior,3,1,0.5450949367088608,1
2019-04-10,Dummy Prior,3,0,0.5450949367088608,1
2019-04-11,Dummy Prior,3,1,0.5450949367088608,1
2019-04-12,Dummy Prior,3,0,0.5450949367088608,1
2019-04-15,Dummy Prior,3,1,0.5450949367088608,1
2019-04-16,Dummy Prior,3,0,0.5450949367088608,1
2019-04-17,Dummy Prior,3,1,0.5450949367088608,1
2019-04-18,Dummy Prior,3,1,0.5450949367088608,1
2019-04-22,Dummy Prior,3,1,0.5450949367088608,1
2019-04-23,Dummy Prior,3,0,0.5450949367088608,1
2019-04-24,Dummy Prior,3,0,0.5450949367088608,1
2019-04-25,Dummy Prior,3,1,0.5450949367088608,1
2019-04-26,Dummy Prior,3,1,0.5450949367088608,1
2019-04-29,Dummy Prior,3,1,0.5450949367088608,1
2019-04-30,Dummy Prior,3,0,0.5450949367088608,1
2019-05-01,Dummy Prior,3,0,0.5450949367088608,1
2019-05-02,Dummy Prior,3,1,0.5450949367088608,1
2019-05-03,Dummy Prior,3,0,0.5450949367088608,1
2019-05-06,Dummy Prior,3,0,0.5450949367088608,1
2019-05-07,Dummy Prior,3,0,0.5450949367088608,1
2019-05-08,Dummy Prior,3,0,0.5450949367088608,1
2019-05-09,Dummy Prior,3,1,0.5450949367088608,1
2019-05-10,Dummy Prior,3,0,0.5450949367088608,1
2019-05-13,Dummy Prior,3,1,0.5450949367088608,1
2019-05-14,Dummy Prior,3,1,0.5450949367088608,1
2019-05-15,Dummy Prior,3,1,0.5450949367088608,1
2019-05-16,Dummy Prior,3,0,0.5450949367088608,1
2019-05-17,Dummy Prior,3,0,0.5450949367088608,1
2019-05-20,Dummy Prior,3,1,0.5450949367088608,1
2019-05-21,Dummy Prior,3,0,0.5450949367088608,1
2019-05-22,Dummy Prior,3,0,0.5450949367088608,1
2019-05-23,Dummy Prior,3,1,0.5450949367088608,1
2019-05-24,Dummy Prior,3,0,0.5450949367088608,1
2019-05-28,Dummy Prior,3,0,0.5450949367088608,1
2019-05-29,Dummy Prior,3,1,0.5450949367088608,1
2019-05-30,Dummy Prior,3,0,0.5450949367088608,1
2019-05-31,Dummy Prior,3,0,0.5450949367088608,1
2019-06-03,Dummy Prior,3,1,0.5450949367088608,1
2019-06-04,Dummy Prior,3,1,0.5450949367088608,1
2019-06-05,Dummy Prior,3,1,0.5450949367088608,1
2019-06-06,Dummy Prior,3,1,0.5450949367088608,1
2019-06-07,Dummy Prior,3,1,0.5450949367088608,1
2019-06-10,Dummy Prior,3,0,0.5450949367088608,1
2019-06-11,Dummy Prior,3,0,0.5450949367088608,1
2019-06-12,Dummy Prior,3,1,0.5450949367088608,1
2019-06-13,Dummy Prior,3,0,0.5450949367088608,1
2019-06-14,Dummy Prior,3,1,0.5450949367088608,1
2019-06-17,Dummy Prior,3,1,0.5450949367088608,1
2019-06-18,Dummy Prior,3,1,0.5450949367088608,1
2019-06-19,Dummy Prior,3,1,0.5450949367088608,1
2019-06-20,Dummy Prior,3,0,0.5450949367088608,1
2019-06-21,Dummy Prior,3,0,0.5450949367088608,1
2019-06-24,Dummy Prior,3,0,0.5450949367088608,1
2019-06-25,Dummy Prior,3,0,0.5450949367088608,1
2019-06-26,Dummy Prior,3,1,0.5450949367088608,1
2019-06-27,Dummy Prior,3,1,0.5450949367088608,1
2019-06-28,Dummy Prior,3,1,0.5450949367088608,1
2019-07-01,Dummy Prior,3,1,0.5450949367088608,1
2019-07-02,Dummy Prior,3,1,0.5450949367088608,1
2019-07-03,Dummy Prior,3,0,0.5450949367088608,1
2019-07-05,Dummy Prior,3,0,0.5450949367088608,1
2019-07-08,Dummy Prior,3,1,0.5450949367088608,1
2019-07-09,Dummy Prior,3,1,0.5450949367088608,1
2019-07-10,Dummy Prior,3,1,0.5450949367088608,1
2019-07-11,Dummy Prior,3,1,0.5450949367088608,1
2019-07-12,Dummy Prior,3,1,0.5450949367088608,1
2019-07-15,Dummy Prior,3,0,0.5450949367088608,1
2019-07-16,Dummy Prior,3,0,0.5450949367088608,1
2019-07-17,Dummy Prior,3,1,0.5450949367088608,1
2019-07-18,Dummy Prior,3,0,0.5450949367088608,1
2019-07-19,Dummy Prior,3,1,0.5450949367088608,1
2019-07-22,Dummy Prior,3,1,0.5450949367088608,1
2019-07-23,Dummy Prior,3,1,0.5450949367088608,1
2019-07-24,Dummy Prior,3,0,0.5450949367088608,1
2019-07-25,Dummy Prior,3,1,0.5450949367088608,1
2019-07-26,Dummy Prior,3,0,0.5450949367088608,1
2019-07-29,Dummy Prior,3,0,0.5450949367088608,1
2019-07-30,Dummy Prior,3,0,0.5450949367088608,1
2019-07-31,Dummy Prior,3,0,0.5450949367088608,1
2019-08-01,Dummy Prior,3,0,0.5450949367088608,1
2019-08-02,Dummy Prior,3,0,0.5450949367088608,1
2019-08-05,Dummy Prior,3,1,0.5450949367088608,1
2019-08-06,Dummy Prior,3,1,0.5450949367088608,1
2019-08-07,Dummy Prior,3,1,0.5450949367088608,1
2019-08-08,Dummy Prior,3,0,0.5450949367088608,1
2019-08-09,Dummy Prior,3,0,0.5450949367088608,1
2019-08-12,Dummy Prior,3,1,0.5450949367088608,1
2019-08-13,Dummy Prior,3,0,0.5450949367088608,1
2019-08-14,Dummy Prior,3,1,0.5450949367088608,1
2019-08-15,Dummy Prior,3,1,0.5450949367088608,1
2019-08-16,Dummy Prior,3,1,0.5450949367088608,1
2019-08-19,Dummy Prior,3,0,0.5450949367088608,1
2019-08-20,Dummy Prior,3,1,0.5450949367088608,1
2019-08-21,Dummy Prior,3,0,0.5450949367088608,1
2019-08-22,Dummy Prior,3,0,0.5450949367088608,1
2019-08-23,Dummy Prior,3,1,0.5450949367088608,1
2019-08-26,Dummy Prior,3,0,0.5450949367088608,1
2019-08-27,Dummy Prior,3,1,0.5450949367088608,1
2019-08-28,Dummy Prior,3,1,0.5450949367088608,1
2019-08-29,Dummy Prior,3,0,0.5450949367088608,1
2019-08-30,Dummy Prior,3,0,0.5450949367088608,1
2019-09-03,Dummy Prior,3,1,0.5450949367088608,1
2019-09-04,Dummy Prior,3,1,0.5450949367088608,1
2019-09-05,Dummy Prior,3,1,0.5450949367088608,1
2019-09-06,Dummy Prior,3,1,0.5450949367088608,1
2019-09-09,Dummy Prior,3,0,0.5450949367088608,1
2019-09-10,Dummy Prior,3,1,0.5450949367088608,1
2019-09-11,Dummy Prior,3,1,0.5450949367088608,1
2019-09-12,Dummy Prior,3,0,0.5450949367088608,1
2019-09-13,Dummy Prior,3,0,0.5450949367088608,1
2019-09-16,Dummy Prior,3,1,0.5450949367088608,1
2019-09-17,Dummy Prior,3,1,0.5450949367088608,1
2019-09-18,Dummy Prior,3,0,0.5450949367088608,1
2019-09-19,Dummy Prior,3,0,0.5450949367088608,1
2019-09-20,Dummy Prior,3,0,0.5450949367088608,1
2019-09-23,Dummy Prior,3,0,0.5450949367088608,1
2019-09-24,Dummy Prior,3,1,0.5450949367088608,1
2019-09-25,Dummy Prior,3,0,0.5450949367088608,1
2019-09-26,Dummy Prior,3,0,0.5450949367088608,1
2019-09-27,Dummy Prior,3,1,0.5450949367088608,1
2019-09-30,Dummy Prior,3,0,0.5450949367088608,1
2019-10-01,Dummy Prior,3,0,0.5450949367088608,1
2019-10-02,Dummy Prior,3,1,0.5450949367088608,1
2019-10-03,Dummy Prior,3,1,0.5450949367088608,1
2019-10-04,Dummy Prior,3,0,0.5450949367088608,1
2019-10-07,Dummy Prior,3,0,0.5450949367088608,1
2019-10-08,Dummy Prior,3,1,0.5450949367088608,1
2019-10-09,Dummy Prior,3,1,0.5450949367088608,1
2019-10-10,Dummy Prior,3,1,0.5450949367088608,1
2019-10-11,Dummy Prior,3,0,0.5450949367088608,1
2019-10-14,Dummy Prior,3,1,0.5450949367088608,1
2019-10-15,Dummy Prior,3,0,0.5450949367088608,1
2019-10-16,Dummy Prior,3,1,0.5450949367088608,1
2019-10-17,Dummy Prior,3,0,0.5450949367088608,1
2019-10-18,Dummy Prior,3,1,0.5450949367088608,1
2019-10-21,Dummy Prior,3,0,0.5450949367088608,1
2019-10-22,Dummy Prior,3,1,0.5450949367088608,1
2019-10-23,Dummy Prior,3,1,0.5450949367088608,1
2019-10-24,Dummy Prior,3,1,0.5450949367088608,1
2019-10-25,Dummy Prior,3,1,0.5450949367088608,1
2019-10-28,Dummy Prior,3,0,0.5450949367088608,1
2019-10-29,Dummy Prior,3,1,0.5450949367088608,1
2019-10-30,Dummy Prior,3,0,0.5450949367088608,1
2019-10-31,Dummy Prior,3,1,0.5450949367088608,1
2019-11-01,Dummy Prior,3,1,0.5450949367088608,1
2019-11-04,Dummy Prior,3,0,0.5450949367088608,1
2019-11-05,Dummy Prior,3,1,0.5450949367088608,1
2019-11-06,Dummy Prior,3,1,0.5450949367088608,1
2019-11-07,Dummy Prior,3,1,0.5450949367088608,1
2019-11-08,Dummy Prior,3,0,0.5450949367088608,1
2019-11-11,Dummy Prior,3,1,0.5450949367088608,1
2019-11-12,Dummy Prior,3,1,0.5450949367088608,1
2019-11-13,Dummy Prior,3,1,0.5450949367088608,1
2019-11-14,Dummy Prior,3,1,0.5450949367088608,1
2019-11-15,Dummy Prior,3,1,0.5450949367088608,1
2019-11-18,Dummy Prior,3,0,0.5450949367088608,1
2019-11-19,Dummy Prior,3,0,0.5450949367088608,1
2019-11-20,Dummy Prior,3,0,0.5450949367088608,1
2019-11-21,Dummy Prior,3,1,0.5450949367088608,1
2019-11-22,Dummy Prior,3,1,0.5450949367088608,1
2019-11-25,Dummy Prior,3,1,0.5450949367088608,1
2019-11-26,Dummy Prior,3,1,0.5450949367088608,1
2019-11-27,Dummy Prior,3,0,0.5450949367088608,1
2019-11-29,Dummy Prior,3,0,0.5450949367088608,1
2019-12-02,Dummy Prior,3,0,0.5450949367088608,1
2019-12-03,Dummy Prior,3,1,0.5450949367088608,1
2019-12-04,Dummy Prior,3,1,0.5450949367088608,1
2019-12-05,Dummy Prior,3,1,0.5450949367088608,1
2019-12-06,Dummy Prior,3,0,0.5450949367088608,1
2019-12-09,Dummy Prior,3,0,0.5450949367088608,1
2019-12-10,Dummy Prior,3,1,0.5450949367088608,1
2019-12-11,Dummy Prior,3,1,0.5450949367088608,1
2019-12-12,Dummy Prior,3,1,0.5450949367088608,1
2019-12-13,Dummy Prior,3,1,0.5450949367088608,1
2019-12-16,Dummy Prior,3,1,0.5450949367088608,1
2019-12-17,Dummy Prior,3,1,0.5450949367088608,1
2019-12-18,Dummy Prior,3,1,0.5450949367088608,1
2019-12-19,Dummy Prior,3,1,0.5450949367088608,1
2019-12-20,Dummy Prior,3,1,0.5450949367088608,1
2019-12-23,Dummy Prior,3,1,0.5450949367088608,1
2019-12-24,Dummy Prior,3,1,0.5450949367088608,1
2019-12-26,Dummy Prior,3,0,0.5450949367088608,1
2019-12-27,Dummy Prior,3,0,0.5450949367088608,1
2019-12-30,Dummy Prior,3,1,0.5450949367088608,1
2019-12-31,Dummy Prior,3,1,0.5450949367088608,1
2020-01-02,Dummy Prior,3,0,0.5450949367088608,1
2020-01-03,Dummy Prior,3,1,0.5450949367088608,1
2020-01-06,Dummy Prior,3,0,0.5450949367088608,1
2020-01-07,Dummy Prior,3,1,0.5450949367088608,1
2020-01-08,Dummy Prior,3,1,0.5450949367088608,1
2020-01-09,Dummy Prior,4,0,0.5521796565389696,1
2020-01-10,Dummy Prior,4,1,0.5521796565389696,1
2020-01-13,Dummy Prior,4,0,0.5521796565389696,1
2020-01-14,Dummy Prior,4,1,0.5521796565389696,1
2020-01-15,Dummy Prior,4,1,0.5521796565389696,1
2020-01-16,Dummy Prior,4,1,0.5521796565389696,1
2020-01-17,Dummy Prior,4,0,0.5521796565389696,1
2020-01-21,Dummy Prior,4,1,0.5521796565389696,1
2020-01-22,Dummy Prior,4,1,0.5521796565389696,1
2020-01-23,Dummy Prior,4,0,0.5521796565389696,1
2020-01-24,Dummy Prior,4,0,0.5521796565389696,1
2020-01-27,Dummy Prior,4,1,0.5521796565389696,1
2020-01-28,Dummy Prior,4,0,0.5521796565389696,1
2020-01-29,Dummy Prior,4,1,0.5521796565389696,1
2020-01-30,Dummy Prior,4,0,0.5521796565389696,1
2020-01-31,Dummy Prior,4,1,0.5521796565389696,1
2020-02-03,Dummy Prior,4,1,0.5521796565389696,1
2020-02-04,Dummy Prior,4,1,0.5521796565389696,1
2020-02-05,Dummy Prior,4,1,0.5521796565389696,1
2020-02-06,Dummy Prior,4,0,0.5521796565389696,1
2020-02-07,Dummy Prior,4,1,0.5521796565389696,1
2020-02-10,Dummy Prior,4,1,0.5521796565389696,1
2020-02-11,Dummy Prior,4,1,0.5521796565389696,1
2020-02-12,Dummy Prior,4,0,0.5521796565389696,1
2020-02-13,Dummy Prior,4,1,0.5521796565389696,1
2020-02-14,Dummy Prior,4,0,0.5521796565389696,1
2020-02-18,Dummy Prior,4,1,0.5521796565389696,1
2020-02-19,Dummy Prior,4,0,0.5521796565389696,1
2020-02-20,Dummy Prior,4,0,0.5521796565389696,1
2020-02-21,Dummy Prior,4,0,0.5521796565389696,1
2020-02-24,Dummy Prior,4,0,0.5521796565389696,1
2020-02-25,Dummy Prior,4,0,0.5521796565389696,1
2020-02-26,Dummy Prior,4,0,0.5521796565389696,1
2020-02-27,Dummy Prior,4,0,0.5521796565389696,1
2020-02-28,Dummy Prior,4,1,0.5521796565389696,1
2020-03-02,Dummy Prior,4,0,0.5521796565389696,1
2020-03-03,Dummy Prior,4,1,0.5521796565389696,1
2020-03-04,Dummy Prior,4,0,0.5521796565389696,1
2020-03-05,Dummy Prior,4,0,0.5521796565389696,1
2020-03-06,Dummy Prior,4,0,0.5521796565389696,1
2020-03-09,Dummy Prior,4,1,0.5521796565389696,1
2020-03-10,Dummy Prior,4,0,0.5521796565389696,1
2020-03-11,Dummy Prior,4,0,0.5521796565389696,1
2020-03-12,Dummy Prior,4,1,0.5521796565389696,1
2020-03-13,Dummy Prior,4,0,0.5521796565389696,1
2020-03-16,Dummy Prior,4,1,0.5521796565389696,1
2020-03-17,Dummy Prior,4,0,0.5521796565389696,1
2020-03-18,Dummy Prior,4,1,0.5521796565389696,1
2020-03-19,Dummy Prior,4,0,0.5521796565389696,1
2020-03-20,Dummy Prior,4,0,0.5521796565389696,1
2020-03-23,Dummy Prior,4,1,0.5521796565389696,1
2020-03-24,Dummy Prior,4,1,0.5521796565389696,1
2020-03-25,Dummy Prior,4,1,0.5521796565389696,1
2020-03-26,Dummy Prior,4,0,0.5521796565389696,1
2020-03-27,Dummy Prior,4,1,0.5521796565389696,1
2020-03-30,Dummy Prior,4,0,0.5521796565389696,1
2020-03-31,Dummy Prior,4,0,0.5521796565389696,1
2020-04-01,Dummy Prior,4,1,0.5521796565389696,1
2020-04-02,Dummy Prior,4,0,0.5521796565389696,1
2020-04-03,Dummy Prior,4,1,0.5521796565389696,1
2020-04-06,Dummy Prior,4,1,0.5521796565389696,1
2020-04-07,Dummy Prior,4,1,0.5521796565389696,1
2020-04-08,Dummy Prior,4,1,0.5521796565389696,1
2020-04-09,Dummy Prior,4,0,0.5521796565389696,1
2020-04-13,Dummy Prior,4,1,0.5521796565389696,1
2020-04-14,Dummy Prior,4,0,0.5521796565389696,1
2020-04-15,Dummy Prior,4,1,0.5521796565389696,1
2020-04-16,Dummy Prior,4,1,0.5521796565389696,1
2020-04-17,Dummy Prior,4,0,0.5521796565389696,1
2020-04-20,Dummy Prior,4,0,0.5521796565389696,1
2020-04-21,Dummy Prior,4,1,0.5521796565389696,1
2020-04-22,Dummy Prior,4,0,0.5521796565389696,1
2020-04-23,Dummy Prior,4,1,0.5521796565389696,1
2020-04-24,Dummy Prior,4,1,0.5521796565389696,1
2020-04-27,Dummy Prior,4,0,0.5521796565389696,1
2020-04-28,Dummy Prior,4,1,0.5521796565389696,1
2020-04-29,Dummy Prior,4,0,0.5521796565389696,1
2020-04-30,Dummy Prior,4,0,0.5521796565389696,1
2020-05-01,Dummy Prior,4,1,0.5521796565389696,1
2020-05-04,Dummy Prior,4,1,0.5521796565389696,1
2020-05-05,Dummy Prior,4,0,0.5521796565389696,1
2020-05-06,Dummy Prior,4,1,0.5521796565389696,1
2020-05-07,Dummy Prior,4,1,0.5521796565389696,1
2020-05-08,Dummy Prior,4,1,0.5521796565389696,1
2020-05-11,Dummy Prior,4,0,0.5521796565389696,1
2020-05-12,Dummy Prior,4,0,0.5521796565389696,1
2020-05-13,Dummy Prior,4,1,0.5521796565389696,1
2020-05-14,Dummy Prior,4,1,0.5521796565389696,1
2020-05-15,Dummy Prior,4,1,0.5521796565389696,1
2020-05-18,Dummy Prior,4,0,0.5521796565389696,1
2020-05-19,Dummy Prior,4,1,0.5521796565389696,1
2020-05-20,Dummy Prior,4,0,0.5521796565389696,1
2020-05-21,Dummy Prior,4,1,0.5521796565389696,1
2020-05-22,Dummy Prior,4,1,0.5521796565389696,1
2020-05-26,Dummy Prior,4,1,0.5521796565389696,1
2020-05-27,Dummy Prior,4,0,0.5521796565389696,1
2020-05-28,Dummy Prior,4,1,0.5521796565389696,1
2020-05-29,Dummy Prior,4,1,0.5521796565389696,1
2020-06-01,Dummy Prior,4,1,0.5521796565389696,1
2020-06-02,Dummy Prior,4,1,0.5521796565389696,1
2020-06-03,Dummy Prior,4,0,0.5521796565389696,1
2020-06-04,Dummy Prior,4,1,0.5521796565389696,1
2020-06-05,Dummy Prior,4,1,0.5521796565389696,1
2020-06-08,Dummy Prior,4,0,0.5521796565389696,1
2020-06-09,Dummy Prior,4,0,0.5521796565389696,1
2020-06-10,Dummy Prior,4,0,0.5521796565389696,1
2020-06-11,Dummy Prior,4,1,0.5521796565389696,1
2020-06-12,Dummy Prior,4,1,0.5521796565389696,1
2020-06-15,Dummy Prior,4,1,0.5521796565389696,1
2020-06-16,Dummy Prior,4,0,0.5521796565389696,1
2020-06-17,Dummy Prior,4,1,0.5521796565389696,1
2020-06-18,Dummy Prior,4,0,0.5521796565389696,1
2020-06-19,Dummy Prior,4,1,0.5521796565389696,1
2020-06-22,Dummy Prior,4,1,0.5521796565389696,1
2020-06-23,Dummy Prior,4,0,0.5521796565389696,1
2020-06-24,Dummy Prior,4,1,0.5521796565389696,1
2020-06-25,Dummy Prior,4,0,0.5521796565389696,1
2020-06-26,Dummy Prior,4,1,0.5521796565389696,1
2020-06-29,Dummy Prior,4,1,0.5521796565389696,1
2020-06-30,Dummy Prior,4,1,0.5521796565389696,1
2020-07-01,Dummy Prior,4,1,0.5521796565389696,1
2020-07-02,Dummy Prior,4,1,0.5521796565389696,1
2020-07-06,Dummy Prior,4,0,0.5521796565389696,1
2020-07-07,Dummy Prior,4,1,0.5521796565389696,1
2020-07-08,Dummy Prior,4,0,0.5521796565389696,1
2020-07-09,Dummy Prior,4,1,0.5521796565389696,1
2020-07-10,Dummy Prior,4,0,0.5521796565389696,1
2020-07-13,Dummy Prior,4,1,0.5521796565389696,1
2020-07-14,Dummy Prior,4,1,0.5521796565389696,1
2020-07-15,Dummy Prior,4,0,0.5521796565389696,1
2020-07-16,Dummy Prior,4,1,0.5521796565389696,1
2020-07-17,Dummy Prior,4,1,0.5521796565389696,1
2020-07-20,Dummy Prior,4,1,0.5521796565389696,1
2020-07-21,Dummy Prior,4,1,0.5521796565389696,1
2020-07-22,Dummy Prior,4,0,0.5521796565389696,1
2020-07-23,Dummy Prior,4,0,0.5521796565389696,1
2020-07-24,Dummy Prior,4,1,0.5521796565389696,1
2020-07-27,Dummy Prior,4,0,0.5521796565389696,1
2020-07-28,Dummy Prior,4,1,0.5521796565389696,1
2020-07-29,Dummy Prior,4,0,0.5521796565389696,1
2020-07-30,Dummy Prior,4,1,0.5521796565389696,1
2020-07-31,Dummy Prior,4,1,0.5521796565389696,1
2020-08-03,Dummy Prior,4,1,0.5521796565389696,1
2020-08-04,Dummy Prior,4,1,0.5521796565389696,1
2020-08-05,Dummy Prior,4,1,0.5521796565389696,1
2020-08-06,Dummy Prior,4,1,0.5521796565389696,1
2020-08-07,Dummy Prior,4,1,0.5521796565389696,1
2020-08-10,Dummy Prior,4,0,0.5521796565389696,1
2020-08-11,Dummy Prior,4,1,0.5521796565389696,1
2020-08-12,Dummy Prior,4,0,0.5521796565389696,1
2020-08-13,Dummy Prior,4,1,0.5521796565389696,1
2020-08-14,Dummy Prior,4,1,0.5521796565389696,1
2020-08-17,Dummy Prior,4,1,0.5521796565389696,1
2020-08-18,Dummy Prior,4,0,0.5521796565389696,1
2020-08-19,Dummy Prior,4,1,0.5521796565389696,1
2020-08-20,Dummy Prior,4,1,0.5521796565389696,1
2020-08-21,Dummy Prior,4,1,0.5521796565389696,1
2020-08-24,Dummy Prior,4,1,0.5521796565389696,1
2020-08-25,Dummy Prior,4,1,0.5521796565389696,1
2020-08-26,Dummy Prior,4,1,0.5521796565389696,1
2020-08-27,Dummy Prior,4,1,0.5521796565389696,1
2020-08-28,Dummy Prior,4,0,0.5521796565389696,1
2020-08-31,Dummy Prior,4,1,0.5521796565389696,1
2020-09-01,Dummy Prior,4,1,0.5521796565389696,1
2020-09-02,Dummy Prior,4,0,0.5521796565389696,1
2020-09-03,Dummy Prior,4,0,0.5521796565389696,1
2020-09-04,Dummy Prior,4,0,0.5521796565389696,1
2020-09-08,Dummy Prior,4,1,0.5521796565389696,1
2020-09-09,Dummy Prior,4,0,0.5521796565389696,1
2020-09-10,Dummy Prior,4,1,0.5521796565389696,1
2020-09-11,Dummy Prior,4,1,0.5521796565389696,1
2020-09-14,Dummy Prior,4,1,0.5521796565389696,1
2020-09-15,Dummy Prior,4,0,0.5521796565389696,1
2020-09-16,Dummy Prior,4,0,0.5521796565389696,1
2020-09-17,Dummy Prior,4,0,0.5521796565389696,1
2020-09-18,Dummy Prior,4,0,0.5521796565389696,1
2020-09-21,Dummy Prior,4,1,0.5521796565389696,1
2020-09-22,Dummy Prior,4,0,0.5521796565389696,1
2020-09-23,Dummy Prior,4,1,0.5521796565389696,1
2020-09-24,Dummy Prior,4,1,0.5521796565389696,1
2020-09-25,Dummy Prior,4,1,0.5521796565389696,1
2020-09-28,Dummy Prior,4,0,0.5521796565389696,1
2020-09-29,Dummy Prior,4,1,0.5521796565389696,1
2020-09-30,Dummy Prior,4,1,0.5521796565389696,1
2020-10-01,Dummy Prior,4,0,0.5521796565389696,1
2020-10-02,Dummy Prior,4,1,0.5521796565389696,1
2020-10-05,Dummy Prior,4,0,0.5521796565389696,1
2020-10-06,Dummy Prior,4,1,0.5521796565389696,1
2020-10-07,Dummy Prior,4,1,0.5521796565389696,1
2020-10-08,Dummy Prior,4,1,0.5521796565389696,1
2020-10-09,Dummy Prior,4,1,0.5521796565389696,1
2020-10-12,Dummy Prior,4,0,0.5521796565389696,1
2020-10-13,Dummy Prior,4,0,0.5521796565389696,1
2020-10-14,Dummy Prior,4,0,0.5521796565389696,1
2020-10-15,Dummy Prior,4,0,0.5521796565389696,1
2020-10-16,Dummy Prior,4,0,0.5521796565389696,1
2020-10-19,Dummy Prior,4,1,0.5521796565389696,1
2020-10-20,Dummy Prior,4,0,0.5521796565389696,1
2020-10-21,Dummy Prior,4,1,0.5521796565389696,1
2020-10-22,Dummy Prior,4,1,0.5521796565389696,1
2020-10-23,Dummy Prior,4,0,0.5521796565389696,1
2020-10-26,Dummy Prior,4,0,0.5521796565389696,1
2020-10-27,Dummy Prior,4,0,0.5521796565389696,1
2020-10-28,Dummy Prior,4,1,0.5521796565389696,1
2020-10-29,Dummy Prior,4,0,0.5521796565389696,1
2020-10-30,Dummy Prior,4,1,0.5521796565389696,1
2020-11-02,Dummy Prior,4,1,0.5521796565389696,1
2020-11-03,Dummy Prior,4,1,0.5521796565389696,1
2020-11-04,Dummy Prior,4,1,0.5521796565389696,1
2020-11-05,Dummy Prior,4,0,0.5521796565389696,1
2020-11-06,Dummy Prior,4,1,0.5521796565389696,1
2020-11-09,Dummy Prior,4,0,0.5521796565389696,1
2020-11-10,Dummy Prior,4,1,0.5521796565389696,1
2020-11-11,Dummy Prior,4,0,0.5521796565389696,1
2020-11-12,Dummy Prior,4,1,0.5521796565389696,1
2020-11-13,Dummy Prior,4,1,0.5521796565389696,1
2020-11-16,Dummy Prior,4,0,0.5521796565389696,1
2020-11-17,Dummy Prior,4,0,0.5521796565389696,1
2020-11-18,Dummy Prior,4,1,0.5521796565389696,1
2020-11-19,Dummy Prior,4,0,0.5521796565389696,1
2020-11-20,Dummy Prior,4,1,0.5521796565389696,1
2020-11-23,Dummy Prior,4,1,0.5521796565389696,1
2020-11-24,Dummy Prior,4,0,0.5521796565389696,1
2020-11-25,Dummy Prior,4,1,0.5521796565389696,1
2020-11-27,Dummy Prior,4,0,0.5521796565389696,1
2020-11-30,Dummy Prior,4,1,0.5521796565389696,1
2020-12-01,Dummy Prior,4,1,0.5521796565389696,1
2020-12-02,Dummy Prior,4,0,0.5521796565389696,1
2020-12-03,Dummy Prior,4,1,0.5521796565389696,1
2020-12-04,Dummy Prior,4,0,0.5521796565389696,1
2020-12-07,Dummy Prior,4,1,0.5521796565389696,1
2020-12-08,Dummy Prior,4,0,0.5521796565389696,1
2020-12-09,Dummy Prior,4,0,0.5521796565389696,1
2020-12-10,Dummy Prior,4,0,0.5521796565389696,1
2020-12-11,Dummy Prior,4,0,0.5521796565389696,1
2020-12-14,Dummy Prior,4,1,0.5521796565389696,1
2020-12-15,Dummy Prior,4,1,0.5521796565389696,1
2020-12-16,Dummy Prior,4,1,0.5521796565389696,1
2020-12-17,Dummy Prior,4,0,0.5521796565389696,1
2020-12-18,Dummy Prior,4,0,0.5521796565389696,1
2020-12-21,Dummy Prior,4,0,0.5521796565389696,1
2020-12-22,Dummy Prior,4,1,0.5521796565389696,1
2020-12-23,Dummy Prior,4,1,0.5521796565389696,1
2020-12-24,Dummy Prior,4,1,0.5521796565389696,1
2020-12-28,Dummy Prior,4,0,0.5521796565389696,1
2020-12-29,Dummy Prior,4,1,0.5521796565389696,1
2020-12-30,Dummy Prior,4,1,0.5521796565389696,1
2020-12-31,Dummy Prior,4,0,0.5521796565389696,1
2021-01-04,Dummy Prior,4,1,0.5521796565389696,1
2021-01-05,Dummy Prior,4,1,0.5521796565389696,1
2021-01-06,Dummy Prior,5,1,0.5555555555555556,1
2021-01-07,Dummy Prior,5,1,0.5555555555555556,1
2021-01-08,Dummy Prior,5,0,0.5555555555555556,1
2021-01-11,Dummy Prior,5,1,0.5555555555555556,1
2021-01-12,Dummy Prior,5,1,0.5555555555555556,1
2021-01-13,Dummy Prior,5,0,0.5555555555555556,1
2021-01-14,Dummy Prior,5,0,0.5555555555555556,1
2021-01-15,Dummy Prior,5,1,0.5555555555555556,1
2021-01-19,Dummy Prior,5,1,0.5555555555555556,1
2021-01-20,Dummy Prior,5,1,0.5555555555555556,1
2021-01-21,Dummy Prior,5,0,0.5555555555555556,1
2021-01-22,Dummy Prior,5,1,0.5555555555555556,1
2021-01-25,Dummy Prior,5,0,0.5555555555555556,1
2021-01-26,Dummy Prior,5,0,0.5555555555555556,1
2021-01-27,Dummy Prior,5,1,0.5555555555555556,1
2021-01-28,Dummy Prior,5,0,0.5555555555555556,1
2021-01-29,Dummy Prior,5,1,0.5555555555555556,1
2021-02-01,Dummy Prior,5,1,0.5555555555555556,1
2021-02-02,Dummy Prior,5,1,0.5555555555555556,1
2021-02-03,Dummy Prior,5,1,0.5555555555555556,1
2021-02-04,Dummy Prior,5,1,0.5555555555555556,1
2021-02-05,Dummy Prior,5,1,0.5555555555555556,1
2021-02-08,Dummy Prior,5,0,0.5555555555555556,1
2021-02-09,Dummy Prior,5,0,0.5555555555555556,1
2021-02-10,Dummy Prior,5,1,0.5555555555555556,1
2021-02-11,Dummy Prior,5,1,0.5555555555555556,1
2021-02-12,Dummy Prior,5,0,0.5555555555555556,1
2021-02-16,Dummy Prior,5,1,0.5555555555555556,1
2021-02-17,Dummy Prior,5,0,0.5555555555555556,1
2021-02-18,Dummy Prior,5,0,0.5555555555555556,1
2021-02-19,Dummy Prior,5,0,0.5555555555555556,1
2021-02-22,Dummy Prior,5,1,0.5555555555555556,1
2021-02-23,Dummy Prior,5,1,0.5555555555555556,1
2021-02-24,Dummy Prior,5,0,0.5555555555555556,1
2021-02-25,Dummy Prior,5,0,0.5555555555555556,1
2021-02-26,Dummy Prior,5,1,0.5555555555555556,1
2021-03-01,Dummy Prior,5,0,0.5555555555555556,1
2021-03-02,Dummy Prior,5,0,0.5555555555555556,1
2021-03-03,Dummy Prior,5,0,0.5555555555555556,1
2021-03-04,Dummy Prior,5,1,0.5555555555555556,1
2021-03-05,Dummy Prior,5,0,0.5555555555555556,1
2021-03-08,Dummy Prior,5,1,0.5555555555555556,1
2021-03-09,Dummy Prior,5,1,0.5555555555555556,1
2021-03-10,Dummy Prior,5,1,0.5555555555555556,1
2021-03-11,Dummy Prior,5,1,0.5555555555555556,1
2021-03-12,Dummy Prior,5,1,0.5555555555555556,1
2021-03-15,Dummy Prior,5,0,0.5555555555555556,1
2021-03-16,Dummy Prior,5,1,0.5555555555555556,1
2021-03-17,Dummy Prior,5,0,0.5555555555555556,1
2021-03-18,Dummy Prior,5,0,0.5555555555555556,1
2021-03-19,Dummy Prior,5,1,0.5555555555555556,1
2021-03-22,Dummy Prior,5,0,0.5555555555555556,1
2021-03-23,Dummy Prior,5,0,0.5555555555555556,1
2021-03-24,Dummy Prior,5,1,0.5555555555555556,1
2021-03-25,Dummy Prior,5,1,0.5555555555555556,1
2021-03-26,Dummy Prior,5,0,0.5555555555555556,1
2021-03-29,Dummy Prior,5,0,0.5555555555555556,1
2021-03-30,Dummy Prior,5,1,0.5555555555555556,1
2021-03-31,Dummy Prior,5,1,0.5555555555555556,1
2021-04-01,Dummy Prior,5,1,0.5555555555555556,1
2021-04-05,Dummy Prior,5,0,0.5555555555555556,1
2021-04-06,Dummy Prior,5,1,0.5555555555555556,1
2021-04-07,Dummy Prior,5,1,0.5555555555555556,1
2021-04-08,Dummy Prior,5,1,0.5555555555555556,1
2021-04-09,Dummy Prior,5,1,0.5555555555555556,1
2021-04-12,Dummy Prior,5,1,0.5555555555555556,1
2021-04-13,Dummy Prior,5,0,0.5555555555555556,1
2021-04-14,Dummy Prior,5,1,0.5555555555555556,1
2021-04-15,Dummy Prior,5,1,0.5555555555555556,1
2021-04-16,Dummy Prior,5,0,0.5555555555555556,1
2021-04-19,Dummy Prior,5,0,0.5555555555555556,1
2021-04-20,Dummy Prior,5,1,0.5555555555555556,1
2021-04-21,Dummy Prior,5,0,0.5555555555555556,1
2021-04-22,Dummy Prior,5,1,0.5555555555555556,1
2021-04-23,Dummy Prior,5,1,0.5555555555555556,1
2021-04-26,Dummy Prior,5,0,0.5555555555555556,1
2021-04-27,Dummy Prior,5,0,0.5555555555555556,1
2021-04-28,Dummy Prior,5,1,0.5555555555555556,1
2021-04-29,Dummy Prior,5,0,0.5555555555555556,1
2021-04-30,Dummy Prior,5,1,0.5555555555555556,1
2021-05-03,Dummy Prior,5,0,0.5555555555555556,1
2021-05-04,Dummy Prior,5,1,0.5555555555555556,1
2021-05-05,Dummy Prior,5,1,0.5555555555555556,1
2021-05-06,Dummy Prior,5,1,0.5555555555555556,1
2021-05-07,Dummy Prior,5,0,0.5555555555555556,1
2021-05-10,Dummy Prior,5,0,0.5555555555555556,1
2021-05-11,Dummy Prior,5,0,0.5555555555555556,1
2021-05-12,Dummy Prior,5,1,0.5555555555555556,1
2021-05-13,Dummy Prior,5,1,0.5555555555555556,1
2021-05-14,Dummy Prior,5,0,0.5555555555555556,1
2021-05-17,Dummy Prior,5,0,0.5555555555555556,1
2021-05-18,Dummy Prior,5,0,0.5555555555555556,1
2021-05-19,Dummy Prior,5,1,0.5555555555555556,1
2021-05-20,Dummy Prior,5,0,0.5555555555555556,1
2021-05-21,Dummy Prior,5,1,0.5555555555555556,1
2021-05-24,Dummy Prior,5,0,0.5555555555555556,1
2021-05-25,Dummy Prior,5,1,0.5555555555555556,1
2021-05-26,Dummy Prior,5,1,0.5555555555555556,1
2021-05-27,Dummy Prior,5,1,0.5555555555555556,1
2021-05-28,Dummy Prior,5,0,0.5555555555555556,1
2021-06-01,Dummy Prior,5,1,0.5555555555555556,1
2021-06-02,Dummy Prior,5,0,0.5555555555555556,1
2021-06-03,Dummy Prior,5,1,0.5555555555555556,1
2021-06-04,Dummy Prior,5,0,0.5555555555555556,1
2021-06-07,Dummy Prior,5,1,0.5555555555555556,1
2021-06-08,Dummy Prior,5,0,0.5555555555555556,1
2021-06-09,Dummy Prior,5,1,0.5555555555555556,1
2021-06-10,Dummy Prior,5,1,0.5555555555555556,1
2021-06-11,Dummy Prior,5,1,0.5555555555555556,1
2021-06-14,Dummy Prior,5,0,0.5555555555555556,1
2021-06-15,Dummy Prior,5,0,0.5555555555555556,1
2021-06-16,Dummy Prior,5,0,0.5555555555555556,1
2021-06-17,Dummy Prior,5,0,0.5555555555555556,1
2021-06-18,Dummy Prior,5,1,0.5555555555555556,1
2021-06-21,Dummy Prior,5,1,0.5555555555555556,1
2021-06-22,Dummy Prior,5,0,0.5555555555555556,1
2021-06-23,Dummy Prior,5,1,0.5555555555555556,1
2021-06-24,Dummy Prior,5,1,0.5555555555555556,1
2021-06-25,Dummy Prior,5,1,0.5555555555555556,1
2021-06-28,Dummy Prior,5,1,0.5555555555555556,1
2021-06-29,Dummy Prior,5,1,0.5555555555555556,1
2021-06-30,Dummy Prior,5,1,0.5555555555555556,1
2021-07-01,Dummy Prior,5,1,0.5555555555555556,1
2021-07-02,Dummy Prior,5,0,0.5555555555555556,1
2021-07-06,Dummy Prior,5,1,0.5555555555555556,1
2021-07-07,Dummy Prior,5,0,0.5555555555555556,1
2021-07-08,Dummy Prior,5,1,0.5555555555555556,1
2021-07-09,Dummy Prior,5,1,0.5555555555555556,1
2021-07-12,Dummy Prior,5,0,0.5555555555555556,1
2021-07-13,Dummy Prior,5,1,0.5555555555555556,1
2021-07-14,Dummy Prior,5,0,0.5555555555555556,1
2021-07-15,Dummy Prior,5,0,0.5555555555555556,1
2021-07-16,Dummy Prior,5,0,0.5555555555555556,1
2021-07-19,Dummy Prior,5,1,0.5555555555555556,1
2021-07-20,Dummy Prior,5,1,0.5555555555555556,1
2021-07-21,Dummy Prior,5,1,0.5555555555555556,1
2021-07-22,Dummy Prior,5,1,0.5555555555555556,1
2021-07-23,Dummy Prior,5,1,0.5555555555555556,1
2021-07-26,Dummy Prior,5,0,0.5555555555555556,1
2021-07-27,Dummy Prior,5,0,0.5555555555555556,1
2021-07-28,Dummy Prior,5,1,0.5555555555555556,1
2021-07-29,Dummy Prior,5,0,0.5555555555555556,1
2021-07-30,Dummy Prior,5,0,0.5555555555555556,1
2021-08-02,Dummy Prior,5,1,0.5555555555555556,1
2021-08-03,Dummy Prior,5,0,0.5555555555555556,1
2021-08-04,Dummy Prior,5,1,0.5555555555555556,1
2021-08-05,Dummy Prior,5,1,0.5555555555555556,1
2021-08-06,Dummy Prior,5,0,0.5555555555555556,1
2021-08-09,Dummy Prior,5,1,0.5555555555555556,1
2021-08-10,Dummy Prior,5,1,0.5555555555555556,1
2021-08-11,Dummy Prior,5,1,0.5555555555555556,1
2021-08-12,Dummy Prior,5,1,0.5555555555555556,1
2021-08-13,Dummy Prior,5,1,0.5555555555555556,1
2021-08-16,Dummy Prior,5,0,0.5555555555555556,1
2021-08-17,Dummy Prior,5,0,0.5555555555555556,1
2021-08-18,Dummy Prior,5,1,0.5555555555555556,1
2021-08-19,Dummy Prior,5,1,0.5555555555555556,1
2021-08-20,Dummy Prior,5,1,0.5555555555555556,1
2021-08-23,Dummy Prior,5,1,0.5555555555555556,1
2021-08-24,Dummy Prior,5,1,0.5555555555555556,1
2021-08-25,Dummy Prior,5,0,0.5555555555555556,1
2021-08-26,Dummy Prior,5,1,0.5555555555555556,1
2021-08-27,Dummy Prior,5,1,0.5555555555555556,1
2021-08-30,Dummy Prior,5,0,0.5555555555555556,1
2021-08-31,Dummy Prior,5,1,0.5555555555555556,1
2021-09-01,Dummy Prior,5,1,0.5555555555555556,1
2021-09-02,Dummy Prior,5,0,0.5555555555555556,1
2021-09-03,Dummy Prior,5,0,0.5555555555555556,1
2021-09-07,Dummy Prior,5,0,0.5555555555555556,1
2021-09-08,Dummy Prior,5,0,0.5555555555555556,1
2021-09-09,Dummy Prior,5,0,0.5555555555555556,1
2021-09-10,Dummy Prior,5,1,0.5555555555555556,1
2021-09-13,Dummy Prior,5,0,0.5555555555555556,1
2021-09-14,Dummy Prior,5,1,0.5555555555555556,1
2021-09-15,Dummy Prior,5,0,0.5555555555555556,1
2021-09-16,Dummy Prior,5,0,0.5555555555555556,1
2021-09-17,Dummy Prior,5,0,0.5555555555555556,1
2021-09-20,Dummy Prior,5,0,0.5555555555555556,1
2021-09-21,Dummy Prior,5,1,0.5555555555555556,1
2021-09-22,Dummy Prior,5,1,0.5555555555555556,1
2021-09-23,Dummy Prior,5,1,0.5555555555555556,1
2021-09-24,Dummy Prior,5,0,0.5555555555555556,1
2021-09-27,Dummy Prior,5,0,0.5555555555555556,1
2021-09-28,Dummy Prior,5,1,0.5555555555555556,1
2021-09-29,Dummy Prior,5,0,0.5555555555555556,1
2021-09-30,Dummy Prior,5,1,0.5555555555555556,1
2021-10-01,Dummy Prior,5,0,0.5555555555555556,1
2021-10-04,Dummy Prior,5,1,0.5555555555555556,1
2021-10-05,Dummy Prior,5,1,0.5555555555555556,1
2021-10-06,Dummy Prior,5,1,0.5555555555555556,1
2021-10-07,Dummy Prior,5,0,0.5555555555555556,1
2021-10-08,Dummy Prior,5,0,0.5555555555555556,1
2021-10-11,Dummy Prior,5,0,0.5555555555555556,1
2021-10-12,Dummy Prior,5,1,0.5555555555555556,1
2021-10-13,Dummy Prior,5,1,0.5555555555555556,1
2021-10-14,Dummy Prior,5,1,0.5555555555555556,1
2021-10-15,Dummy Prior,5,1,0.5555555555555556,1
2021-10-18,Dummy Prior,5,1,0.5555555555555556,1
2021-10-19,Dummy Prior,5,1,0.5555555555555556,1
2021-10-20,Dummy Prior,5,1,0.5555555555555556,1
2021-10-21,Dummy Prior,5,0,0.5555555555555556,1
2021-10-22,Dummy Prior,5,1,0.5555555555555556,1
2021-10-25,Dummy Prior,5,1,0.5555555555555556,1
2021-10-26,Dummy Prior,5,0,0.5555555555555556,1
2021-10-27,Dummy Prior,5,1,0.5555555555555556,1
2021-10-28,Dummy Prior,5,1,0.5555555555555556,1
2021-10-29,Dummy Prior,5,1,0.5555555555555556,1
2021-11-01,Dummy Prior,5,1,0.5555555555555556,1
2021-11-02,Dummy Prior,5,1,0.5555555555555556,1
2021-11-03,Dummy Prior,5,1,0.5555555555555556,1
2021-11-04,Dummy Prior,5,1,0.5555555555555556,1
2021-11-05,Dummy Prior,5,1,0.5555555555555556,1
2021-11-08,Dummy Prior,5,0,0.5555555555555556,1
2021-11-09,Dummy Prior,5,0,0.5555555555555556,1
2021-11-10,Dummy Prior,5,1,0.5555555555555556,1
2021-11-11,Dummy Prior,5,1,0.5555555555555556,1
2021-11-12,Dummy Prior,5,1,0.5555555555555556,1
2021-11-15,Dummy Prior,5,1,0.5555555555555556,1
2021-11-16,Dummy Prior,5,0,0.5555555555555556,1
2021-11-17,Dummy Prior,5,1,0.5555555555555556,1
2021-11-18,Dummy Prior,5,0,0.5555555555555556,1
2021-11-19,Dummy Prior,5,0,0.5555555555555556,1
2021-11-22,Dummy Prior,5,1,0.5555555555555556,1
2021-11-23,Dummy Prior,5,1,0.5555555555555556,1
2021-11-24,Dummy Prior,5,0,0.5555555555555556,1
2021-11-26,Dummy Prior,5,1,0.5555555555555556,1
2021-11-29,Dummy Prior,5,0,0.5555555555555556,1
2021-11-30,Dummy Prior,5,0,0.5555555555555556,1
2021-12-01,Dummy Prior,5,1,0.5555555555555556,1
2021-12-02,Dummy Prior,5,0,0.5555555555555556,1
2021-12-03,Dummy Prior,5,1,0.5555555555555556,1
2021-12-06,Dummy Prior,5,1,0.5555555555555556,1
2021-12-07,Dummy Prior,5,1,0.5555555555555556,1
2021-12-08,Dummy Prior,5,0,0.5555555555555556,1
2021-12-09,Dummy Prior,5,1,0.5555555555555556,1
2021-12-10,Dummy Prior,5,0,0.5555555555555556,1
2021-12-13,Dummy Prior,5,0,0.5555555555555556,1
2021-12-14,Dummy Prior,5,1,0.5555555555555556,1
2021-12-15,Dummy Prior,5,0,0.5555555555555556,1
2021-12-16,Dummy Prior,5,0,0.5555555555555556,1
2021-12-17,Dummy Prior,5,0,0.5555555555555556,1
2021-12-20,Dummy Prior,5,1,0.5555555555555556,1
2021-12-21,Dummy Prior,5,1,0.5555555555555556,1
2021-12-22,Dummy Prior,5,1,0.5555555555555556,1
2021-12-23,Dummy Prior,5,1,0.5555555555555556,1
2021-12-27,Dummy Prior,5,0,0.5555555555555556,1
2021-12-28,Dummy Prior,5,1,0.5555555555555556,1
2021-12-29,Dummy Prior,5,0,0.5555555555555556,1
2021-12-30,Dummy Prior,5,0,0.5555555555555556,1
2021-12-31,Dummy Prior,5,1,0.5555555555555556,1
2017-01-17,Elastic-Net Logistic,1,1,0.38547801007361737,0
2017-01-18,Elastic-Net Logistic,1,0,0.4036852464808445,0
2017-01-19,Elastic-Net Logistic,1,1,0.456118252967102,0
2017-01-20,Elastic-Net Logistic,1,0,0.592505207416622,1
2017-01-23,Elastic-Net Logistic,1,1,0.4622349154471441,0
2017-01-24,Elastic-Net Logistic,1,1,0.3842942021776701,0
2017-01-25,Elastic-Net Logistic,1,0,0.37299511555076836,0
2017-01-26,Elastic-Net Logistic,1,0,0.28192767359633203,0
2017-01-27,Elastic-Net Logistic,1,0,0.3382188591086068,0
2017-01-30,Elastic-Net Logistic,1,0,0.5297905651178926,1
2017-01-31,Elastic-Net Logistic,1,1,0.5139218877016278,1
2017-02-01,Elastic-Net Logistic,1,1,0.47752529182575215,0
2017-02-02,Elastic-Net Logistic,1,1,0.36548372731705214,0
2017-02-03,Elastic-Net Logistic,1,0,0.38824490952450075,0
2017-02-06,Elastic-Net Logistic,1,1,0.36160930201983515,0
2017-02-07,Elastic-Net Logistic,1,1,0.34239533244941794,0
2017-02-08,Elastic-Net Logistic,1,1,0.3692496835139782,0
2017-02-09,Elastic-Net Logistic,1,1,0.2846063856781928,0
2017-02-10,Elastic-Net Logistic,1,1,0.3819061285617632,0
2017-02-13,Elastic-Net Logistic,1,1,0.28509416044498814,0
2017-02-14,Elastic-Net Logistic,1,1,0.3911068001258983,0
2017-02-15,Elastic-Net Logistic,1,0,0.36785127681281765,0
2017-02-16,Elastic-Net Logistic,1,1,0.4274161417205096,0
2017-02-17,Elastic-Net Logistic,1,1,0.37712348632737114,0
2017-02-21,Elastic-Net Logistic,1,0,0.4429346153406013,0
2017-02-22,Elastic-Net Logistic,1,1,0.3391259284731952,0
2017-02-23,Elastic-Net Logistic,1,1,0.4380869787553772,0
2017-02-24,Elastic-Net Logistic,1,1,0.36492542932152133,0
2017-02-27,Elastic-Net Logistic,1,0,0.30831447930691863,0
2017-02-28,Elastic-Net Logistic,1,1,0.5297416431148257,1
2017-03-01,Elastic-Net Logistic,1,0,0.7134254931705111,1
2017-03-02,Elastic-Net Logistic,1,1,0.4247329064147837,0
2017-03-03,Elastic-Net Logistic,1,0,0.5664466061937782,1
2017-03-06,Elastic-Net Logistic,1,0,0.4727960522510027,0
2017-03-07,Elastic-Net Logistic,1,0,0.5869973201755518,1
2017-03-08,Elastic-Net Logistic,1,1,0.6928301099322305,1
2017-03-09,Elastic-Net Logistic,1,1,0.6217068991709523,1
2017-03-10,Elastic-Net Logistic,1,1,0.6460494620439206,1
2017-03-13,Elastic-Net Logistic,1,0,0.5174181899519973,1
2017-03-14,Elastic-Net Logistic,1,1,0.5989818590847756,1
2017-03-15,Elastic-Net Logistic,1,0,0.5521709440912658,1
2017-03-16,Elastic-Net Logistic,1,0,0.511315465798758,1
2017-03-17,Elastic-Net Logistic,1,0,0.5399754340145599,1
2017-03-20,Elastic-Net Logistic,1,0,0.4764398683120512,0
2017-03-21,Elastic-Net Logistic,1,1,0.5995784323559121,1
2017-03-22,Elastic-Net Logistic,1,0,0.6233682809794682,1
2017-03-23,Elastic-Net Logistic,1,0,0.5612547165568319,1
2017-03-24,Elastic-Net Logistic,1,0,0.6646591671285331,1
2017-03-27,Elastic-Net Logistic,1,1,0.4965261241271992,0
2017-03-28,Elastic-Net Logistic,1,1,0.517211892145662,1
2017-03-29,Elastic-Net Logistic,1,1,0.5041053362807641,1
2017-03-30,Elastic-Net Logistic,1,0,0.37857283360129246,0
2017-03-31,Elastic-Net Logistic,1,0,0.5665298912018479,1
2017-04-03,Elastic-Net Logistic,1,1,0.6864307301255294,1
2017-04-04,Elastic-Net Logistic,1,0,0.5407846625926641,1
2017-04-05,Elastic-Net Logistic,1,1,0.5745315351820661,1
2017-04-06,Elastic-Net Logistic,1,0,0.4214147920363166,0
2017-04-07,Elastic-Net Logistic,1,1,0.5361064961697771,1
2017-04-10,Elastic-Net Logistic,1,0,0.544901708903297,1
2017-04-11,Elastic-Net Logistic,1,0,0.6738962102237983,1
2017-04-12,Elastic-Net Logistic,1,0,0.5898595938721416,1
2017-04-13,Elastic-Net Logistic,1,1,0.5172934860806317,1
2017-04-17,Elastic-Net Logistic,1,0,0.4616552939018562,0
2017-04-18,Elastic-Net Logistic,1,0,0.6283577352561549,1
2017-04-19,Elastic-Net Logistic,1,1,0.4873930619128955,0
2017-04-20,Elastic-Net Logistic,1,0,0.5214754936605109,1
2017-04-21,Elastic-Net Logistic,1,1,0.6527898436326062,1
2017-04-24,Elastic-Net Logistic,1,1,0.7694605862776316,1
2017-04-25,Elastic-Net Logistic,1,0,0.44985357438222057,0
2017-04-26,Elastic-Net Logistic,1,1,0.3959076866949197,0
2017-04-27,Elastic-Net Logistic,1,0,0.42123138319079645,0
2017-04-28,Elastic-Net Logistic,1,1,0.4515546433220277,0
2017-05-01,Elastic-Net Logistic,1,1,0.5573948286242713,1
2017-05-02,Elastic-Net Logistic,1,0,0.4706734246802068,0
2017-05-03,Elastic-Net Logistic,1,1,0.5335803973253994,1
2017-05-04,Elastic-Net Logistic,1,1,0.4013122214521294,0
2017-05-05,Elastic-Net Logistic,1,0,0.3716390765995725,0
2017-05-08,Elastic-Net Logistic,1,0,0.41864048052891795,0
2017-05-09,Elastic-Net Logistic,1,1,0.4288282094598699,0
2017-05-10,Elastic-Net Logistic,1,0,0.4217346812510946,0
2017-05-11,Elastic-Net Logistic,1,0,0.475653399763854,0
2017-05-12,Elastic-Net Logistic,1,1,0.399866633696975,0
2017-05-15,Elastic-Net Logistic,1,0,0.37221247951836417,0
2017-05-16,Elastic-Net Logistic,1,0,0.42132908664655355,0
2017-05-17,Elastic-Net Logistic,1,1,0.671776731073818,1
2017-05-18,Elastic-Net Logistic,1,1,0.5501655580952539,1
2017-05-19,Elastic-Net Logistic,1,1,0.6144722610660341,1
2017-05-22,Elastic-Net Logistic,1,1,0.5722356906714215,1
2017-05-23,Elastic-Net Logistic,1,1,0.6280367950167636,1
2017-05-24,Elastic-Net Logistic,1,1,0.7214589242227372,1
2017-05-25,Elastic-Net Logistic,1,0,0.7319442451044449,1
2017-05-26,Elastic-Net Logistic,1,0,0.7044289086987923,1
2017-05-30,Elastic-Net Logistic,1,0,0.7031231405865768,1
2017-05-31,Elastic-Net Logistic,1,1,0.8341820706951812,1
2017-06-01,Elastic-Net Logistic,1,1,0.5431556087841929,1
2017-06-02,Elastic-Net Logistic,1,0,0.7485897503812868,1
2017-06-05,Elastic-Net Logistic,1,0,0.5956887642782525,1
2017-06-06,Elastic-Net Logistic,1,1,0.5833640024826713,1
2017-06-07,Elastic-Net Logistic,1,1,0.7108506018547228,1
2017-06-08,Elastic-Net Logistic,1,0,0.6754687419850715,1
2017-06-09,Elastic-Net Logistic,1,0,0.8050533834423582,1
2017-06-12,Elastic-Net Logistic,1,1,0.6832074698761945,1
2017-06-13,Elastic-Net Logistic,1,0,0.6276992055040945,1
2017-06-14,Elastic-Net Logistic,1,0,0.7092454525790998,1
2017-06-15,Elastic-Net Logistic,1,1,0.5648279881148945,1
2017-06-16,Elastic-Net Logistic,1,1,0.6338697834671739,1
2017-06-19,Elastic-Net Logistic,1,0,0.47025904898765813,0
2017-06-20,Elastic-Net Logistic,1,0,0.5151139027453143,1
2017-06-21,Elastic-Net Logistic,1,0,0.5434572354290045,1
2017-06-22,Elastic-Net Logistic,1,1,0.42751765630373223,0
2017-06-23,Elastic-Net Logistic,1,1,0.5928572220348997,1
2017-06-26,Elastic-Net Logistic,1,0,0.5344620938803716,1
2017-06-27,Elastic-Net Logistic,1,1,0.5929382746800516,1
2017-06-28,Elastic-Net Logistic,1,0,0.4753875413202913,0
2017-06-29,Elastic-Net Logistic,1,1,0.5578336944005233,1
2017-06-30,Elastic-Net Logistic,1,1,0.49692103264418697,0
2017-07-03,Elastic-Net Logistic,1,1,0.33678653894740246,0
2017-07-05,Elastic-Net Logistic,1,0,0.4847316832427105,0
2017-07-06,Elastic-Net Logistic,1,1,0.5146757065050583,1
2017-07-07,Elastic-Net Logistic,1,1,0.4925664932270677,0
2017-07-10,Elastic-Net Logistic,1,0,0.47165944797963033,0
2017-07-11,Elastic-Net Logistic,1,1,0.5589921289854101,1
2017-07-12,Elastic-Net Logistic,1,1,0.41935589757708447,0
2017-07-13,Elastic-Net Logistic,1,1,0.35280688842059904,0
2017-07-14,Elastic-Net Logistic,1,0,0.42595161970937606,0
2017-07-17,Elastic-Net Logistic,1,1,0.3422721889448519,0
2017-07-18,Elastic-Net Logistic,1,1,0.46429867029835487,0
2017-07-19,Elastic-Net Logistic,1,1,0.4221195500305318,0
2017-07-20,Elastic-Net Logistic,1,0,0.36140872996164386,0
2017-07-21,Elastic-Net Logistic,1,0,0.5788635610750837,1
2017-07-24,Elastic-Net Logistic,1,1,0.393680154922589,0
2017-07-25,Elastic-Net Logistic,1,1,0.46569577845831894,0
2017-07-26,Elastic-Net Logistic,1,0,0.3835799759071759,0
2017-07-27,Elastic-Net Logistic,1,0,0.5182027608205383,1
2017-07-28,Elastic-Net Logistic,1,0,0.4580810929477977,0
2017-07-31,Elastic-Net Logistic,1,1,0.5932789478337397,1
2017-08-01,Elastic-Net Logistic,1,1,0.564637082567388,1
2017-08-02,Elastic-Net Logistic,1,0,0.4982397277133556,0
2017-08-03,Elastic-Net Logistic,1,1,0.3813051682486036,0
2017-08-04,Elastic-Net Logistic,1,1,0.406230310538172,0
2017-08-07,Elastic-Net Logistic,1,0,0.34201679994743894,0
2017-08-08,Elastic-Net Logistic,1,0,0.5100937807220322,1
2017-08-09,Elastic-Net Logistic,1,0,0.4513520297545823,0
2017-08-10,Elastic-Net Logistic,1,1,0.673065613088598,1
2017-08-11,Elastic-Net Logistic,1,1,0.6777953800641171,1
2017-08-14,Elastic-Net Logistic,1,0,0.5882960846387331,1
2017-08-15,Elastic-Net Logistic,1,1,0.6271427355339277,1
2017-08-16,Elastic-Net Logistic,1,0,0.5415346770970363,1
2017-08-17,Elastic-Net Logistic,1,0,0.5427234639478139,1
2017-08-18,Elastic-Net Logistic,1,1,0.5884106582956553,1
2017-08-21,Elastic-Net Logistic,1,1,0.5915455575965286,1
2017-08-22,Elastic-Net Logistic,1,0,0.3992089220978706,0
2017-08-23,Elastic-Net Logistic,1,0,0.45928856433317616,0
2017-08-24,Elastic-Net Logistic,1,1,0.47479795746553577,0
2017-08-25,Elastic-Net Logistic,1,1,0.5936763582625054,1
2017-08-28,Elastic-Net Logistic,1,1,0.5169160263209369,1
2017-08-29,Elastic-Net Logistic,1,1,0.5004828366503941,1
2017-08-30,Elastic-Net Logistic,1,1,0.4383442375846685,0
2017-08-31,Elastic-Net Logistic,1,1,0.47989479817035646,0
2017-09-01,Elastic-Net Logistic,1,0,0.32940125571972245,0
2017-09-05,Elastic-Net Logistic,1,1,0.45708729564990924,0
2017-09-06,Elastic-Net Logistic,1,0,0.33404145716222533,0
2017-09-07,Elastic-Net Logistic,1,0,0.36306731374337975,0
2017-09-08,Elastic-Net Logistic,1,1,0.36820022799356955,0
2017-09-11,Elastic-Net Logistic,1,1,0.4509340121438915,0
2017-09-12,Elastic-Net Logistic,1,1,0.46311211940726116,0
2017-09-13,Elastic-Net Logistic,1,0,0.41204560944814034,0
2017-09-14,Elastic-Net Logistic,1,1,0.46986271089043136,0
2017-09-15,Elastic-Net Logistic,1,1,0.4009378794208711,0
2017-09-18,Elastic-Net Logistic,1,1,0.3250469433810967,0
2017-09-19,Elastic-Net Logistic,1,1,0.38322684013856767,0
2017-09-20,Elastic-Net Logistic,1,0,0.39045966187657066,0
2017-09-21,Elastic-Net Logistic,1,1,0.290568514653009,0
2017-09-22,Elastic-Net Logistic,1,0,0.3437556139936504,0
2017-09-25,Elastic-Net Logistic,1,1,0.4061633196175819,0
2017-09-26,Elastic-Net Logistic,1,1,0.3455247995843735,0
2017-09-27,Elastic-Net Logistic,1,1,0.4858720267642491,0
2017-09-28,Elastic-Net Logistic,1,1,0.2158051731021481,0
2017-09-29,Elastic-Net Logistic,1,1,0.4132702654946332,0
2017-10-02,Elastic-Net Logistic,1,1,0.34651826444213873,0
2017-10-03,Elastic-Net Logistic,1,1,0.38979599814013255,0
2017-10-04,Elastic-Net Logistic,1,1,0.4334859088425504,0
2017-10-05,Elastic-Net Logistic,1,0,0.32897119971476596,0
2017-10-06,Elastic-Net Logistic,1,0,0.49741580742569286,0
2017-10-09,Elastic-Net Logistic,1,1,0.28254040508919387,0
2017-10-10,Elastic-Net Logistic,1,1,0.2695721762791529,0
2017-10-11,Elastic-Net Logistic,1,0,0.25911538657245964,0
2017-10-12,Elastic-Net Logistic,1,1,0.22740829047864317,0
2017-10-13,Elastic-Net Logistic,1,1,0.3096864794373942,0
2017-10-16,Elastic-Net Logistic,1,1,0.19416000068018177,0
2017-10-17,Elastic-Net Logistic,1,1,0.22268608000196963,0
2017-10-18,Elastic-Net Logistic,1,1,0.24832093532434224,0
2017-10-19,Elastic-Net Logistic,1,1,0.25972451514928085,0
2017-10-20,Elastic-Net Logistic,1,0,0.41842024559545454,0
2017-10-23,Elastic-Net Logistic,1,1,0.22778880602195914,0
2017-10-24,Elastic-Net Logistic,1,0,0.2993169074856381,0
2017-10-25,Elastic-Net Logistic,1,1,0.41414593571140496,0
2017-10-26,Elastic-Net Logistic,1,1,0.2583791108869416,0
2017-10-27,Elastic-Net Logistic,1,0,0.4202275447350251,0
2017-10-30,Elastic-Net Logistic,1,1,0.2511878061887421,0
2017-10-31,Elastic-Net Logistic,1,1,0.35297207131104047,0
2017-11-01,Elastic-Net Logistic,1,1,0.35051465149041605,0
2017-11-02,Elastic-Net Logistic,1,1,0.35195668816670916,0
2017-11-03,Elastic-Net Logistic,1,1,0.3815704854772571,0
2017-11-06,Elastic-Net Logistic,1,0,0.2694671646306264,0
2017-11-07,Elastic-Net Logistic,1,1,0.37177658478045345,0
2017-11-08,Elastic-Net Logistic,1,0,0.2768515678811162,0
2017-11-09,Elastic-Net Logistic,1,0,0.42105363680500046,0
2017-11-10,Elastic-Net Logistic,1,1,0.31340411575070665,0
2017-11-13,Elastic-Net Logistic,1,0,0.25980792154476173,0
2017-11-14,Elastic-Net Logistic,1,0,0.42635691526005964,0
2017-11-15,Elastic-Net Logistic,1,1,0.3859910099057439,0
2017-11-16,Elastic-Net Logistic,1,0,0.279670068650043,0
2017-11-17,Elastic-Net Logistic,1,1,0.33662579258390046,0
2017-11-20,Elastic-Net Logistic,1,1,0.24950947335100176,0
2017-11-21,Elastic-Net Logistic,1,0,0.3946615442319029,0
2017-11-22,Elastic-Net Logistic,1,1,0.24047545567068135,0
2017-11-24,Elastic-Net Logistic,1,0,0.21945624921197962,0
2017-11-27,Elastic-Net Logistic,1,1,0.400287834011174,0
2017-11-28,Elastic-Net Logistic,1,0,0.46227648237734736,0
2017-11-29,Elastic-Net Logistic,1,1,0.42107819491240284,0
2017-11-30,Elastic-Net Logistic,1,0,0.3553224225432007,0
2017-12-01,Elastic-Net Logistic,1,0,0.5524837124172646,1
2017-12-04,Elastic-Net Logistic,1,0,0.32281208592665334,0
2017-12-05,Elastic-Net Logistic,1,1,0.4372789038999869,0
2017-12-06,Elastic-Net Logistic,1,1,0.4487962951074559,0
2017-12-07,Elastic-Net Logistic,1,1,0.5253532658072274,1
2017-12-08,Elastic-Net Logistic,1,1,0.5447123587913679,1
2017-12-11,Elastic-Net Logistic,1,1,0.5396019242845812,1
2017-12-12,Elastic-Net Logistic,1,0,0.46443827023729195,0
2017-12-13,Elastic-Net Logistic,1,0,0.3925561133826992,0
2017-12-14,Elastic-Net Logistic,1,1,0.3573615131699,0
2017-12-15,Elastic-Net Logistic,1,1,0.4164326704186433,0
2017-12-18,Elastic-Net Logistic,1,0,0.32078118885815293,0
2017-12-19,Elastic-Net Logistic,1,0,0.35094716355344563,0
2017-12-20,Elastic-Net Logistic,1,1,0.31561613755661716,0
2017-12-21,Elastic-Net Logistic,1,0,0.24476784124623593,0
2017-12-22,Elastic-Net Logistic,1,0,0.41709263772695127,0
2017-12-26,Elastic-Net Logistic,1,1,0.24643695226881351,0
2017-12-27,Elastic-Net Logistic,1,1,0.2452715310289643,0
2017-12-28,Elastic-Net Logistic,1,0,0.2079560652414728,0
2017-12-29,Elastic-Net Logistic,1,1,0.3109951238958523,0
2018-01-02,Elastic-Net Logistic,1,1,0.33114280741779,0
2018-01-03,Elastic-Net Logistic,1,1,0.22148012184356222,0
2018-01-04,Elastic-Net Logistic,1,1,0.20588420624779608,0
2018-01-05,Elastic-Net Logistic,1,1,0.2347701932263336,0
2018-01-08,Elastic-Net Logistic,1,1,0.266513860723372,0
2018-01-09,Elastic-Net Logistic,1,0,0.27581348100951536,0
2018-01-10,Elastic-Net Logistic,1,1,0.3442547669183866,0
2018-01-11,Elastic-Net Logistic,1,1,0.22104998635342665,0
2018-01-12,Elastic-Net Logistic,2,0,0.4941774531308335,0
2018-01-16,Elastic-Net Logistic,2,1,0.5184351357526962,1
2018-01-17,Elastic-Net Logistic,2,0,0.5119784489706557,1
2018-01-18,Elastic-Net Logistic,2,1,0.48439195737291196,0
2018-01-19,Elastic-Net Logistic,2,1,0.511571980822401,1
2018-01-22,Elastic-Net Logistic,2,1,0.4413438844019605,0
2018-01-23,Elastic-Net Logistic,2,0,0.551781138280237,1
2018-01-24,Elastic-Net Logistic,2,1,0.621428229196274,1
2018-01-25,Elastic-Net Logistic,2,1,0.4794330706979763,0
2018-01-26,Elastic-Net Logistic,2,0,0.5211094855127058,1
2018-01-29,Elastic-Net Logistic,2,0,0.568263380485306,1
2018-01-30,Elastic-Net Logistic,2,1,0.5532384665886155,1
2018-01-31,Elastic-Net Logistic,2,0,0.6360396201167906,1
2018-02-01,Elastic-Net Logistic,2,0,0.45530593627167704,0
2018-02-02,Elastic-Net Logistic,2,0,0.6965936263920758,1
2018-02-05,Elastic-Net Logistic,2,1,0.6072633852968145,1
2018-02-06,Elastic-Net Logistic,2,0,0.5972069262169797,1
2018-02-07,Elastic-Net Logistic,2,0,0.6188686983609445,1
2018-02-08,Elastic-Net Logistic,2,1,0.5212497878041836,1
2018-02-09,Elastic-Net Logistic,2,1,0.8425193991675408,1
2018-02-12,Elastic-Net Logistic,2,1,0.6855601091119979,1
2018-02-13,Elastic-Net Logistic,2,1,0.70764430342423,1
2018-02-14,Elastic-Net Logistic,2,1,0.5028354527926449,1
2018-02-15,Elastic-Net Logistic,2,1,0.7313781942583126,1
2018-02-16,Elastic-Net Logistic,2,0,0.729295872007923,1
2018-02-20,Elastic-Net Logistic,2,0,0.5791483585019427,1
2018-02-21,Elastic-Net Logistic,2,1,0.5310419467267554,1
2018-02-22,Elastic-Net Logistic,2,1,0.5630601514610993,1
2018-02-23,Elastic-Net Logistic,2,1,0.24844591093616886,0
2018-02-26,Elastic-Net Logistic,2,0,0.4458686675677774,0
2018-02-27,Elastic-Net Logistic,2,0,0.4452885673126726,0
2018-02-28,Elastic-Net Logistic,2,0,0.4313624380968782,0
2018-03-01,Elastic-Net Logistic,2,1,0.509381320974028,1
2018-03-02,Elastic-Net Logistic,2,1,0.3762278784681889,0
2018-03-05,Elastic-Net Logistic,2,1,0.2551219214869794,0
2018-03-06,Elastic-Net Logistic,2,0,0.4770059811053155,0
2018-03-07,Elastic-Net Logistic,2,1,0.49366632684581435,0
2018-03-08,Elastic-Net Logistic,2,1,0.5532620534040882,1
2018-03-09,Elastic-Net Logistic,2,0,0.5089404541208791,1
2018-03-12,Elastic-Net Logistic,2,0,0.6819258170199459,1
2018-03-13,Elastic-Net Logistic,2,0,0.6359491005812073,1
2018-03-14,Elastic-Net Logistic,2,0,0.6062754033740869,1
2018-03-15,Elastic-Net Logistic,2,1,0.45018621379698925,0
2018-03-16,Elastic-Net Logistic,2,0,0.5867028308060542,1
2018-03-19,Elastic-Net Logistic,2,1,0.6281904281802213,1
2018-03-20,Elastic-Net Logistic,2,0,0.48750819086397046,0
2018-03-21,Elastic-Net Logistic,2,0,0.48582384220724867,0
2018-03-22,Elastic-Net Logistic,2,0,0.5767103016586115,1
2018-03-23,Elastic-Net Logistic,2,1,0.5673607350711849,1
2018-03-26,Elastic-Net Logistic,2,0,0.6050115836276709,1
2018-03-27,Elastic-Net Logistic,2,0,0.5580093694167804,1
2018-03-28,Elastic-Net Logistic,2,1,0.504537232864184,1
2018-03-29,Elastic-Net Logistic,2,0,0.4388881633383805,0
2018-04-02,Elastic-Net Logistic,2,1,0.7437117455070187,1
2018-04-03,Elastic-Net Logistic,2,1,0.6516943491248957,1
2018-04-04,Elastic-Net Logistic,2,1,0.3645315590257213,0
2018-04-05,Elastic-Net Logistic,2,0,0.57703803859993,1
2018-04-06,Elastic-Net Logistic,2,1,0.5917879402503019,1
2018-04-09,Elastic-Net Logistic,2,1,0.4629448001417889,0
2018-04-10,Elastic-Net Logistic,2,0,0.6116521944119196,1
2018-04-11,Elastic-Net Logistic,2,1,0.44005598586421546,0
2018-04-12,Elastic-Net Logistic,2,0,0.29986191786800953,0
2018-04-13,Elastic-Net Logistic,2,1,0.5860821937150087,1
2018-04-16,Elastic-Net Logistic,2,1,0.3635091260214089,0
2018-04-17,Elastic-Net Logistic,2,1,0.43863647203095607,0
2018-04-18,Elastic-Net Logistic,2,0,0.46829032148040817,0
2018-04-19,Elastic-Net Logistic,2,0,0.5140407214609477,1
2018-04-20,Elastic-Net Logistic,2,0,0.38971405687605143,0
2018-04-23,Elastic-Net Logistic,2,0,0.43319221392663104,0
2018-04-24,Elastic-Net Logistic,2,1,0.6558353064367701,1
2018-04-25,Elastic-Net Logistic,2,1,0.43392618484154627,0
2018-04-26,Elastic-Net Logistic,2,1,0.3262119409983214,0
2018-04-27,Elastic-Net Logistic,2,0,0.45975421979086856,0
2018-04-30,Elastic-Net Logistic,2,1,0.4492820568835525,0
2018-05-01,Elastic-Net Logistic,2,0,0.598599701035205,1
2018-05-02,Elastic-Net Logistic,2,0,0.5708669001770863,1
2018-05-03,Elastic-Net Logistic,2,1,0.6127125876754754,1
2018-05-04,Elastic-Net Logistic,2,1,0.23026187367270376,0
2018-05-07,Elastic-Net Logistic,2,0,0.5060978582102429,1
2018-05-08,Elastic-Net Logistic,2,1,0.5244511481811922,1
2018-05-09,Elastic-Net Logistic,2,1,0.3576638235505957,0
2018-05-10,Elastic-Net Logistic,2,1,0.5174249147784356,1
2018-05-11,Elastic-Net Logistic,2,1,0.5061255401158118,1
2018-05-14,Elastic-Net Logistic,2,0,0.4437961988281768,0
2018-05-15,Elastic-Net Logistic,2,1,0.6091568691909933,1
2018-05-16,Elastic-Net Logistic,2,0,0.31081888314370226,0
2018-05-17,Elastic-Net Logistic,2,0,0.3915351215039102,0
2018-05-18,Elastic-Net Logistic,2,1,0.43209053688689664,0
2018-05-21,Elastic-Net Logistic,2,0,0.40684161999797525,0
2018-05-22,Elastic-Net Logistic,2,1,0.49470961087386006,0
2018-05-23,Elastic-Net Logistic,2,0,0.42678313463278916,0
2018-05-24,Elastic-Net Logistic,2,0,0.5448606634232184,1
2018-05-25,Elastic-Net Logistic,2,0,0.415355956602251,0
2018-05-29,Elastic-Net Logistic,2,1,0.6215624279354204,1
2018-05-30,Elastic-Net Logistic,2,0,0.3410851715170691,0
2018-05-31,Elastic-Net Logistic,2,1,0.5705718695399602,1
2018-06-01,Elastic-Net Logistic,2,1,0.41041115867036626,0
2018-06-04,Elastic-Net Logistic,2,1,0.39421399153440234,0
2018-06-05,Elastic-Net Logistic,2,1,0.5465721461014095,1
2018-06-06,Elastic-Net Logistic,2,0,0.4448171790138067,0
2018-06-07,Elastic-Net Logistic,2,1,0.5521776689351505,1
2018-06-08,Elastic-Net Logistic,2,1,0.44638293525843487,0
2018-06-11,Elastic-Net Logistic,2,1,0.3932097150551055,0
2018-06-12,Elastic-Net Logistic,2,0,0.436654246458891,0
2018-06-13,Elastic-Net Logistic,2,1,0.46507219986964843,0
2018-06-14,Elastic-Net Logistic,2,0,0.4008722472617228,0
2018-06-15,Elastic-Net Logistic,2,0,0.5075674508138834,1
2018-06-18,Elastic-Net Logistic,2,0,0.3414468397865965,0
2018-06-19,Elastic-Net Logistic,2,1,0.4511112373325102,0
2018-06-20,Elastic-Net Logistic,2,0,0.33362437909209397,0
2018-06-21,Elastic-Net Logistic,2,1,0.4514849121016019,0
2018-06-22,Elastic-Net Logistic,2,0,0.44851676703844007,0
2018-06-25,Elastic-Net Logistic,2,1,0.6043107278732608,1
2018-06-26,Elastic-Net Logistic,2,0,0.5204848712364283,1
2018-06-27,Elastic-Net Logistic,2,1,0.49720479347432295,0
2018-06-28,Elastic-Net Logistic,2,1,0.3841351714686988,0
2018-06-29,Elastic-Net Logistic,2,1,0.4677285989847631,0
2018-07-02,Elastic-Net Logistic,2,0,0.4342458169893518,0
2018-07-03,Elastic-Net Logistic,2,1,0.4574565159523791,0
2018-07-05,Elastic-Net Logistic,2,1,0.4533200698497552,0
2018-07-06,Elastic-Net Logistic,2,1,0.35869254752386753,0
2018-07-09,Elastic-Net Logistic,2,1,0.4203133718183683,0
2018-07-10,Elastic-Net Logistic,2,0,0.3972323634499833,0
2018-07-11,Elastic-Net Logistic,2,1,0.43845517330955286,0
2018-07-12,Elastic-Net Logistic,2,1,0.3175284026701534,0
2018-07-13,Elastic-Net Logistic,2,0,0.42280925437737127,0
2018-07-16,Elastic-Net Logistic,2,1,0.4323654092704044,0
2018-07-17,Elastic-Net Logistic,2,1,0.3581068521208466,0
2018-07-18,Elastic-Net Logistic,2,0,0.40964510790349334,0
2018-07-19,Elastic-Net Logistic,2,0,0.5018755908049146,1
2018-07-20,Elastic-Net Logistic,2,1,0.4733876497428492,0
2018-07-23,Elastic-Net Logistic,2,1,0.4180858472308282,0
2018-07-24,Elastic-Net Logistic,2,1,0.535078681050299,1
2018-07-25,Elastic-Net Logistic,2,0,0.3899843622220437,0
2018-07-26,Elastic-Net Logistic,2,0,0.4215233187664996,0
2018-07-27,Elastic-Net Logistic,2,0,0.5818764659126122,1
2018-07-30,Elastic-Net Logistic,2,1,0.5417799052022947,1
2018-07-31,Elastic-Net Logistic,2,0,0.5906898576248635,1
2018-08-01,Elastic-Net Logistic,2,1,0.5554937055601683,1
2018-08-02,Elastic-Net Logistic,2,1,0.36797800749471,0
2018-08-03,Elastic-Net Logistic,2,1,0.41361719646525597,0
2018-08-06,Elastic-Net Logistic,2,1,0.36131171423006264,0
2018-08-07,Elastic-Net Logistic,2,0,0.4455205863121504,0
2018-08-08,Elastic-Net Logistic,2,0,0.39594075409706464,0
2018-08-09,Elastic-Net Logistic,2,0,0.37146000084271424,0
2018-08-10,Elastic-Net Logistic,2,0,0.5054894479066209,1
2018-08-13,Elastic-Net Logistic,2,1,0.42387186002656885,0
2018-08-14,Elastic-Net Logistic,2,0,0.3604702585366794,0
2018-08-15,Elastic-Net Logistic,2,1,0.5668416390550173,1
2018-08-16,Elastic-Net Logistic,2,1,0.29179664634352387,0
2018-08-17,Elastic-Net Logistic,2,1,0.40151525947377836,0
2018-08-20,Elastic-Net Logistic,2,1,0.38711081743955406,0
2018-08-21,Elastic-Net Logistic,2,0,0.45356803375068716,0
2018-08-22,Elastic-Net Logistic,2,0,0.4288826739128405,0
2018-08-23,Elastic-Net Logistic,2,1,0.399852389991967,0
2018-08-24,Elastic-Net Logistic,2,1,0.3634031812777516,0
2018-08-27,Elastic-Net Logistic,2,1,0.3812875252741858,0
2018-08-28,Elastic-Net Logistic,2,1,0.5154736064636314,1
2018-08-29,Elastic-Net Logistic,2,0,0.3758812900215946,0
2018-08-30,Elastic-Net Logistic,2,1,0.4473004921655609,0
2018-08-31,Elastic-Net Logistic,2,0,0.44650765052235564,0
2018-09-04,Elastic-Net Logistic,2,0,0.513199162394801,1
2018-09-05,Elastic-Net Logistic,2,0,0.4805961938342082,0
2018-09-06,Elastic-Net Logistic,2,0,0.4538530026889938,0
2018-09-07,Elastic-Net Logistic,2,1,0.4161695270478674,0
2018-09-10,Elastic-Net Logistic,2,1,0.42889260239676974,0
2018-09-11,Elastic-Net Logistic,2,1,0.3765734968967343,0
2018-09-12,Elastic-Net Logistic,2,1,0.46930078303727424,0
2018-09-13,Elastic-Net Logistic,2,1,0.32929989278625904,0
2018-09-14,Elastic-Net Logistic,2,0,0.43724692329476555,0
2018-09-17,Elastic-Net Logistic,2,1,0.4718679867386535,0
2018-09-18,Elastic-Net Logistic,2,1,0.3589804834628204,0
2018-09-19,Elastic-Net Logistic,2,1,0.3190284290305664,0
2018-09-20,Elastic-Net Logistic,2,0,0.5046328710346449,1
2018-09-21,Elastic-Net Logistic,2,0,0.42829842309889093,0
2018-09-24,Elastic-Net Logistic,2,0,0.4068963161112596,0
2018-09-25,Elastic-Net Logistic,2,0,0.3872794518970589,0
2018-09-26,Elastic-Net Logistic,2,1,0.3859944301182021,0
2018-09-27,Elastic-Net Logistic,2,1,0.3817216011980963,0
2018-09-28,Elastic-Net Logistic,2,1,0.41554429835531453,0
2018-10-01,Elastic-Net Logistic,2,0,0.3697068036237184,0
2018-10-02,Elastic-Net Logistic,2,1,0.3558946532666984,0
2018-10-03,Elastic-Net Logistic,2,0,0.4342876034610179,0
2018-10-04,Elastic-Net Logistic,2,0,0.5385652737107293,1
2018-10-05,Elastic-Net Logistic,2,0,0.5023399755033441,1
2018-10-08,Elastic-Net Logistic,2,0,0.49687521948373803,0
2018-10-09,Elastic-Net Logistic,2,0,0.4236499885813581,0
2018-10-10,Elastic-Net Logistic,2,0,0.6287761165607398,1
2018-10-11,Elastic-Net Logistic,2,1,0.5866513288950231,1
2018-10-12,Elastic-Net Logistic,2,0,0.7307081256026562,1
2018-10-15,Elastic-Net Logistic,2,1,0.5661808244301778,1
2018-10-16,Elastic-Net Logistic,2,1,0.43150058973167676,0
2018-10-17,Elastic-Net Logistic,2,0,0.7097777518026255,1
2018-10-18,Elastic-Net Logistic,2,0,0.6543545564727608,1
2018-10-19,Elastic-Net Logistic,2,0,0.6217395989592281,1
2018-10-22,Elastic-Net Logistic,2,0,0.6119353322918943,1
2018-10-23,Elastic-Net Logistic,2,0,0.6780669292948243,1
2018-10-24,Elastic-Net Logistic,2,1,0.48250194714047906,0
2018-10-25,Elastic-Net Logistic,2,0,0.35471373517274074,0
2018-10-26,Elastic-Net Logistic,2,0,0.5973087671286728,1
2018-10-29,Elastic-Net Logistic,2,1,0.5704851440549656,1
2018-10-30,Elastic-Net Logistic,2,1,0.4699921169490829,0
2018-10-31,Elastic-Net Logistic,2,1,0.45770154398143365,0
2018-11-01,Elastic-Net Logistic,2,0,0.4093036465329534,0
2018-11-02,Elastic-Net Logistic,2,1,0.6395483638136424,1
2018-11-05,Elastic-Net Logistic,2,1,0.5093158593563426,1
2018-11-06,Elastic-Net Logistic,2,1,0.5250621266579069,1
2018-11-07,Elastic-Net Logistic,2,0,0.28850993303152267,0
2018-11-08,Elastic-Net Logistic,2,0,0.5204387853720237,1
2018-11-09,Elastic-Net Logistic,2,0,0.6391200590146701,1
2018-11-12,Elastic-Net Logistic,2,0,0.5933771105762247,1
2018-11-13,Elastic-Net Logistic,2,0,0.5766785718207753,1
2018-11-14,Elastic-Net Logistic,2,1,0.695234603840059,1
2018-11-15,Elastic-Net Logistic,2,1,0.3967968487267185,0
2018-11-16,Elastic-Net Logistic,2,0,0.45913288164611427,0
2018-11-19,Elastic-Net Logistic,2,0,0.6368921605325456,1
2018-11-20,Elastic-Net Logistic,2,1,0.669734122831133,1
2018-11-21,Elastic-Net Logistic,2,0,0.5240141034852986,1
2018-11-23,Elastic-Net Logistic,2,1,0.6552846889908298,1
2018-11-26,Elastic-Net Logistic,2,1,0.5799892995220689,1
2018-11-27,Elastic-Net Logistic,2,1,0.6019058002517871,1
2018-11-28,Elastic-Net Logistic,2,0,0.661398946179563,1
2018-11-29,Elastic-Net Logistic,2,1,0.611369619485498,1
2018-11-30,Elastic-Net Logistic,2,1,0.4827423686445652,0
2018-12-03,Elastic-Net Logistic,2,0,0.7320239472740903,1
2018-12-04,Elastic-Net Logistic,2,0,0.6394536322081613,1
2018-12-06,Elastic-Net Logistic,2,0,0.6701682548229265,1
2018-12-07,Elastic-Net Logistic,2,1,0.6112426787332281,1
2018-12-10,Elastic-Net Logistic,2,1,0.7367242079583437,1
2018-12-11,Elastic-Net Logistic,2,1,0.7085446291614658,1
2018-12-12,Elastic-Net Logistic,2,0,0.5372156491076626,1
2018-12-13,Elastic-Net Logistic,2,0,0.712791344016953,1
2018-12-14,Elastic-Net Logistic,2,0,0.6785712975951411,1
2018-12-17,Elastic-Net Logistic,2,0,0.7752272202453521,1
2018-12-18,Elastic-Net Logistic,2,0,0.7640904933740793,1
2018-12-19,Elastic-Net Logistic,2,0,0.4425568965802171,0
2018-12-20,Elastic-Net Logistic,2,0,0.5377128681177802,1
2018-12-21,Elastic-Net Logistic,2,0,0.35774101502711264,0
2018-12-24,Elastic-Net Logistic,2,1,0.4722699872531985,0
2018-12-26,Elastic-Net Logistic,2,1,0.3475773807387139,0
2018-12-27,Elastic-Net Logistic,2,0,0.5550339888104838,1
2018-12-28,Elastic-Net Logistic,2,1,0.5565929912125094,1
2018-12-31,Elastic-Net Logistic,2,1,0.578171454337775,1
2019-01-02,Elastic-Net Logistic,2,0,0.2719959352192598,0
2019-01-03,Elastic-Net Logistic,2,1,0.6855619786482494,1
2019-01-04,Elastic-Net Logistic,2,1,0.248104340921762,0
2019-01-07,Elastic-Net Logistic,2,1,0.48159325707750983,0
2019-01-08,Elastic-Net Logistic,2,1,0.5542783697940401,1
2019-01-09,Elastic-Net Logistic,2,1,0.44413343574126934,0
2019-01-10,Elastic-Net Logistic,2,1,0.413433095013689,0
2019-01-11,Elastic-Net Logistic,3,0,0.530547637205654,1
2019-01-14,Elastic-Net Logistic,3,1,0.5180178517944617,1
2019-01-15,Elastic-Net Logistic,3,1,0.49197648376638164,0
2019-01-16,Elastic-Net Logistic,3,1,0.4469339808802182,0
2019-01-17,Elastic-Net Logistic,3,1,0.3423860737496898,0
2019-01-18,Elastic-Net Logistic,3,0,0.4361553190782803,0
2019-01-22,Elastic-Net Logistic,3,1,0.4497567129223529,0
2019-01-23,Elastic-Net Logistic,3,1,0.44457002808743146,0
2019-01-24,Elastic-Net Logistic,3,1,0.3535072887956292,0
2019-01-25,Elastic-Net Logistic,3,0,0.6126880627276509,1
2019-01-28,Elastic-Net Logistic,3,0,0.5781335923754982,1
2019-01-29,Elastic-Net Logistic,3,1,0.46950676595533253,0
2019-01-30,Elastic-Net Logistic,3,1,0.509685741528184,1
2019-01-31,Elastic-Net Logistic,3,1,0.447485608906651,0
2019-02-01,Elastic-Net Logistic,3,1,0.48079970834783553,0
2019-02-04,Elastic-Net Logistic,3,1,0.5152678571317981,1
2019-02-05,Elastic-Net Logistic,3,0,0.4187092693401072,0
2019-02-06,Elastic-Net Logistic,3,0,0.41031218748918213,0
2019-02-07,Elastic-Net Logistic,3,1,0.5247770589223668,1
2019-02-08,Elastic-Net Logistic,3,1,0.4194510265440568,0
2019-02-11,Elastic-Net Logistic,3,1,0.41322089173174664,0
2019-02-12,Elastic-Net Logistic,3,1,0.3858994413028742,0
2019-02-13,Elastic-Net Logistic,3,0,0.3740657875028166,0
2019-02-14,Elastic-Net Logistic,3,1,0.3895644898335543,0
2019-02-15,Elastic-Net Logistic,3,1,0.40549760437403815,0
2019-02-19,Elastic-Net Logistic,3,1,0.3369005953672297,0
2019-02-20,Elastic-Net Logistic,3,0,0.3872982930876272,0
2019-02-21,Elastic-Net Logistic,3,1,0.35081513565633066,0
2019-02-22,Elastic-Net Logistic,3,1,0.3778100332310952,0
2019-02-25,Elastic-Net Logistic,3,0,0.4420687852456777,0
2019-02-26,Elastic-Net Logistic,3,0,0.34272198144811133,0
2019-02-27,Elastic-Net Logistic,3,0,0.37822070448186,0
2019-02-28,Elastic-Net Logistic,3,1,0.37384578355552905,0
2019-03-01,Elastic-Net Logistic,3,0,0.43064665407691455,0
2019-03-04,Elastic-Net Logistic,3,0,0.5042978622551751,1
2019-03-05,Elastic-Net Logistic,3,0,0.3099848568344325,0
2019-03-06,Elastic-Net Logistic,3,0,0.3607613067954636,0
2019-03-07,Elastic-Net Logistic,3,0,0.38650536369623034,0
2019-03-08,Elastic-Net Logistic,3,1,0.3911051154209402,0
2019-03-11,Elastic-Net Logistic,3,1,0.3516910833181649,0
2019-03-12,Elastic-Net Logistic,3,1,0.41251024797003266,0
2019-03-13,Elastic-Net Logistic,3,0,0.34318573346787956,0
2019-03-14,Elastic-Net Logistic,3,1,0.3163808611444227,0
2019-03-15,Elastic-Net Logistic,3,1,0.35330888304223734,0
2019-03-18,Elastic-Net Logistic,3,1,0.3473108636861898,0
2019-03-19,Elastic-Net Logistic,3,0,0.45005330677441,0
2019-03-20,Elastic-Net Logistic,3,1,0.38532060797546525,0
2019-03-21,Elastic-Net Logistic,3,0,0.26107217609389627,0
2019-03-22,Elastic-Net Logistic,3,0,0.471489435908661,0
2019-03-25,Elastic-Net Logistic,3,1,0.44092444407202824,0
2019-03-26,Elastic-Net Logistic,3,0,0.42713444611051493,0
2019-03-27,Elastic-Net Logistic,3,1,0.4669183171509564,0
2019-03-28,Elastic-Net Logistic,3,1,0.4652959950347275,0
2019-03-29,Elastic-Net Logistic,3,1,0.5820268854567577,1
2019-04-01,Elastic-Net Logistic,3,1,0.5122004450602947,1
2019-04-02,Elastic-Net Logistic,3,1,0.43226020898133366,0
2019-04-03,Elastic-Net Logistic,3,1,0.5077756496447167,1
2019-04-04,Elastic-Net Logistic,3,1,0.43016924332237644,0
2019-04-05,Elastic-Net Logistic,3,1,0.44171314867424477,0
2019-04-08,Elastic-Net Logistic,3,0,0.5096161361652426,1
2019-04-09,Elastic-Net Logistic,3,1,0.4886340696590781,0
2019-04-10,Elastic-Net Logistic,3,0,0.3884753383801658,0
2019-04-11,Elastic-Net Logistic,3,1,0.41248763686265727,0
2019-04-12,Elastic-Net Logistic,3,0,0.5074408819696449,1
2019-04-15,Elastic-Net Logistic,3,1,0.4448579430583086,0
2019-04-16,Elastic-Net Logistic,3,0,0.450411612727287,0
2019-04-17,Elastic-Net Logistic,3,1,0.42504239364995994,0
2019-04-18,Elastic-Net Logistic,3,1,0.4625136239319493,0
2019-04-22,Elastic-Net Logistic,3,1,0.3521306623091317,0
2019-04-23,Elastic-Net Logistic,3,0,0.45726661206774866,0
2019-04-24,Elastic-Net Logistic,3,0,0.4141908685333694,0
2019-04-25,Elastic-Net Logistic,3,1,0.4460002309919096,0
2019-04-26,Elastic-Net Logistic,3,1,0.4275325833214543,0
2019-04-29,Elastic-Net Logistic,3,1,0.47273731417284526,0
2019-04-30,Elastic-Net Logistic,3,0,0.584538939660254,1
2019-05-01,Elastic-Net Logistic,3,0,0.4304333002179543,0
2019-05-02,Elastic-Net Logistic,3,1,0.4467365366528416,0
2019-05-03,Elastic-Net Logistic,3,0,0.4429572859577317,0
2019-05-06,Elastic-Net Logistic,3,0,0.5237271572552965,1
2019-05-07,Elastic-Net Logistic,3,0,0.5816429390463137,1
2019-05-08,Elastic-Net Logistic,3,0,0.3874046769037488,0
2019-05-09,Elastic-Net Logistic,3,1,0.47971998540581046,0
2019-05-10,Elastic-Net Logistic,3,0,0.5284097765997986,1
2019-05-13,Elastic-Net Logistic,3,1,0.6005356613686582,1
2019-05-14,Elastic-Net Logistic,3,1,0.4654498679238202,0
2019-05-15,Elastic-Net Logistic,3,1,0.44724650661037874,0
2019-05-16,Elastic-Net Logistic,3,0,0.4604398889974493,0
2019-05-17,Elastic-Net Logistic,3,0,0.5185510752670296,1
2019-05-20,Elastic-Net Logistic,3,1,0.4966907440490169,0
2019-05-21,Elastic-Net Logistic,3,0,0.5088353622616072,1
2019-05-22,Elastic-Net Logistic,3,0,0.5158095382977799,1
2019-05-23,Elastic-Net Logistic,3,1,0.6455365801217725,1
2019-05-24,Elastic-Net Logistic,3,0,0.5333118561565866,1
2019-05-28,Elastic-Net Logistic,3,0,0.4747555486208587,0
2019-05-29,Elastic-Net Logistic,3,1,0.5979800369638822,1
2019-05-30,Elastic-Net Logistic,3,0,0.46054393525882353,0
2019-05-31,Elastic-Net Logistic,3,0,0.565178600673438,1
2019-06-03,Elastic-Net Logistic,3,1,0.5577100940246835,1
2019-06-04,Elastic-Net Logistic,3,1,0.48786991137110985,0
2019-06-05,Elastic-Net Logistic,3,1,0.5718630276919588,1
2019-06-06,Elastic-Net Logistic,3,1,0.5096396130329376,1
2019-06-07,Elastic-Net Logistic,3,1,0.47772341401089613,0
2019-06-10,Elastic-Net Logistic,3,0,0.5595102708484269,1
2019-06-11,Elastic-Net Logistic,3,0,0.5483957038849256,1
2019-06-12,Elastic-Net Logistic,3,1,0.5322768699755535,1
2019-06-13,Elastic-Net Logistic,3,0,0.5729047051086036,1
2019-06-14,Elastic-Net Logistic,3,1,0.5593356061215388,1
2019-06-17,Elastic-Net Logistic,3,1,0.519159718947382,1
2019-06-18,Elastic-Net Logistic,3,1,0.5770767861783773,1
2019-06-19,Elastic-Net Logistic,3,1,0.49953123257486776,0
2019-06-20,Elastic-Net Logistic,3,0,0.5539746751536071,1
2019-06-21,Elastic-Net Logistic,3,0,0.46178849181832193,0
2019-06-24,Elastic-Net Logistic,3,0,0.489661078228492,0
2019-06-25,Elastic-Net Logistic,3,0,0.6050894305461587,1
2019-06-26,Elastic-Net Logistic,3,1,0.4803702318932717,0
2019-06-27,Elastic-Net Logistic,3,1,0.5573287739038487,1
2019-06-28,Elastic-Net Logistic,3,1,0.556860358890939,1
2019-07-01,Elastic-Net Logistic,3,1,0.5804471685718597,1
2019-07-02,Elastic-Net Logistic,3,1,0.561292476339329,1
2019-07-03,Elastic-Net Logistic,3,0,0.4210392973177806,0
2019-07-05,Elastic-Net Logistic,3,0,0.5071041938444374,1
2019-07-08,Elastic-Net Logistic,3,1,0.47505027569092767,0
2019-07-09,Elastic-Net Logistic,3,1,0.4654728573981879,0
2019-07-10,Elastic-Net Logistic,3,1,0.4346763586302918,0
2019-07-11,Elastic-Net Logistic,3,1,0.4263233862002127,0
2019-07-12,Elastic-Net Logistic,3,1,0.432034325269536,0
2019-07-15,Elastic-Net Logistic,3,0,0.4745067963841182,0
2019-07-16,Elastic-Net Logistic,3,0,0.479654736138633,0
2019-07-17,Elastic-Net Logistic,3,1,0.4609792718067883,0
2019-07-18,Elastic-Net Logistic,3,0,0.45089421800366436,0
2019-07-19,Elastic-Net Logistic,3,1,0.5045094967342051,1
2019-07-22,Elastic-Net Logistic,3,1,0.4482328229027863,0
2019-07-23,Elastic-Net Logistic,3,1,0.4723840404844424,0
2019-07-24,Elastic-Net Logistic,3,0,0.390916846519251,0
2019-07-25,Elastic-Net Logistic,3,1,0.496754984960165,0
2019-07-26,Elastic-Net Logistic,3,0,0.4235478477328276,0
2019-07-29,Elastic-Net Logistic,3,0,0.4633697188877896,0
2019-07-30,Elastic-Net Logistic,3,0,0.5093077044356473,1
2019-07-31,Elastic-Net Logistic,3,0,0.6329194051334038,1
2019-08-01,Elastic-Net Logistic,3,0,0.4343859530977679,0
2019-08-02,Elastic-Net Logistic,3,0,0.5384571917950346,1
2019-08-05,Elastic-Net Logistic,3,1,0.6043776978453487,1
2019-08-06,Elastic-Net Logistic,3,1,0.5409374319585952,1
2019-08-07,Elastic-Net Logistic,3,1,0.512452355333595,1
2019-08-08,Elastic-Net Logistic,3,0,0.48926500614329005,0
2019-08-09,Elastic-Net Logistic,3,0,0.6198609216320562,1
2019-08-12,Elastic-Net Logistic,3,1,0.5960143663984356,1
2019-08-13,Elastic-Net Logistic,3,0,0.575747882049955,1
2019-08-14,Elastic-Net Logistic,3,1,0.5927876133090485,1
2019-08-15,Elastic-Net Logistic,3,1,0.636749533521167,1
2019-08-16,Elastic-Net Logistic,3,1,0.6032138346453174,1
2019-08-19,Elastic-Net Logistic,3,0,0.5477664502726398,1
2019-08-20,Elastic-Net Logistic,3,1,0.6874065922394148,1
2019-08-21,Elastic-Net Logistic,3,0,0.5898716611844779,1
2019-08-22,Elastic-Net Logistic,3,0,0.6148815705431022,1
2019-08-23,Elastic-Net Logistic,3,1,0.6340056627898105,1
2019-08-26,Elastic-Net Logistic,3,0,0.5993416467361088,1
2019-08-27,Elastic-Net Logistic,3,1,0.6374702348015154,1
2019-08-28,Elastic-Net Logistic,3,1,0.45821003513823244,0
2019-08-29,Elastic-Net Logistic,3,0,0.5265719488186972,1
2019-08-30,Elastic-Net Logistic,3,0,0.6064643240897882,1
2019-09-03,Elastic-Net Logistic,3,1,0.573439544517399,1
2019-09-04,Elastic-Net Logistic,3,1,0.5056241766202734,1
2019-09-05,Elastic-Net Logistic,3,1,0.603487892200438,1
2019-09-06,Elastic-Net Logistic,3,1,0.5449155574494927,1
2019-09-09,Elastic-Net Logistic,3,0,0.44100743940595033,0
2019-09-10,Elastic-Net Logistic,3,1,0.47961828551494234,0
2019-09-11,Elastic-Net Logistic,3,1,0.4432994686720389,0
2019-09-12,Elastic-Net Logistic,3,0,0.4112255785873455,0
2019-09-13,Elastic-Net Logistic,3,0,0.46207501729270717,0
2019-09-16,Elastic-Net Logistic,3,1,0.4667607924957718,0
2019-09-17,Elastic-Net Logistic,3,1,0.39039309801981664,0
2019-09-18,Elastic-Net Logistic,3,0,0.4971133937361313,0
2019-09-19,Elastic-Net Logistic,3,0,0.3731583985661143,0
2019-09-20,Elastic-Net Logistic,3,0,0.3903454574007595,0
2019-09-23,Elastic-Net Logistic,3,0,0.2604411730305708,0
2019-09-24,Elastic-Net Logistic,3,1,0.5453299524006667,1
2019-09-25,Elastic-Net Logistic,3,0,0.4129050168806273,0
2019-09-26,Elastic-Net Logistic,3,0,0.4246909266865401,0
2019-09-27,Elastic-Net Logistic,3,1,0.5235205978041588,1
2019-09-30,Elastic-Net Logistic,3,0,0.3423870078760716,0
2019-10-01,Elastic-Net Logistic,3,0,0.49028426007248516,0
2019-10-02,Elastic-Net Logistic,3,1,0.5351899708634766,1
2019-10-03,Elastic-Net Logistic,3,1,0.4227674054040149,0
2019-10-04,Elastic-Net Logistic,3,0,0.35949826523253336,0
2019-10-07,Elastic-Net Logistic,3,0,0.4213140441068574,0
2019-10-08,Elastic-Net Logistic,3,1,0.4960552011439559,0
2019-10-09,Elastic-Net Logistic,3,1,0.4163509824264781,0
2019-10-10,Elastic-Net Logistic,3,1,0.391594389663931,0
2019-10-11,Elastic-Net Logistic,3,0,0.45356137722890777,0
2019-10-14,Elastic-Net Logistic,3,1,0.38433340128749743,0
2019-10-15,Elastic-Net Logistic,3,0,0.4210551010646185,0
2019-10-16,Elastic-Net Logistic,3,1,0.3721182889139431,0
2019-10-17,Elastic-Net Logistic,3,0,0.4091284375709351,0
2019-10-18,Elastic-Net Logistic,3,1,0.4919653190078865,0
2019-10-21,Elastic-Net Logistic,3,0,0.3665197150113714,0
2019-10-22,Elastic-Net Logistic,3,1,0.377033550177774,0
2019-10-23,Elastic-Net Logistic,3,1,0.35653119145519596,0
2019-10-24,Elastic-Net Logistic,3,1,0.38803566393042443,0
2019-10-25,Elastic-Net Logistic,3,1,0.3800138354506787,0
2019-10-28,Elastic-Net Logistic,3,0,0.4071324586512928,0
2019-10-29,Elastic-Net Logistic,3,1,0.3888484007914128,0
2019-10-30,Elastic-Net Logistic,3,0,0.36575231996005053,0
2019-10-31,Elastic-Net Logistic,3,1,0.45935196877670326,0
2019-11-01,Elastic-Net Logistic,3,1,0.4504072408331646,0
2019-11-04,Elastic-Net Logistic,3,0,0.47631979690822157,0
2019-11-05,Elastic-Net Logistic,3,1,0.39008285902630085,0
2019-11-06,Elastic-Net Logistic,3,1,0.4690892150147465,0
2019-11-07,Elastic-Net Logistic,3,1,0.4541462149855293,0
2019-11-08,Elastic-Net Logistic,3,0,0.5200973261752333,1
2019-11-11,Elastic-Net Logistic,3,1,0.4547224771586989,0
2019-11-12,Elastic-Net Logistic,3,1,0.5252806806321458,1
2019-11-13,Elastic-Net Logistic,3,1,0.47078016631971653,0
2019-11-14,Elastic-Net Logistic,3,1,0.46081921293703915,0
2019-11-15,Elastic-Net Logistic,3,1,0.5017186431146738,1
2019-11-18,Elastic-Net Logistic,3,0,0.47009074557581615,0
2019-11-19,Elastic-Net Logistic,3,0,0.5250515676086215,1
2019-11-20,Elastic-Net Logistic,3,0,0.49479983788237225,0
2019-11-21,Elastic-Net Logistic,3,1,0.4419315466478076,0
2019-11-22,Elastic-Net Logistic,3,1,0.49183200654135334,0
2019-11-25,Elastic-Net Logistic,3,1,0.46080444723255176,0
2019-11-26,Elastic-Net Logistic,3,1,0.42571709373453714,0
2019-11-27,Elastic-Net Logistic,3,0,0.44548051965622826,0
2019-11-29,Elastic-Net Logistic,3,0,0.40186665070883504,0
2019-12-02,Elastic-Net Logistic,3,0,0.5871213412940693,1
2019-12-03,Elastic-Net Logistic,3,1,0.5456950167223775,1
2019-12-04,Elastic-Net Logistic,3,1,0.3963545091100922,0
2019-12-05,Elastic-Net Logistic,3,1,0.44592103651298554,0
2019-12-06,Elastic-Net Logistic,3,0,0.4313543244349985,0
2019-12-09,Elastic-Net Logistic,3,0,0.4421929230424513,0
2019-12-10,Elastic-Net Logistic,3,1,0.5257144814031856,1
2019-12-11,Elastic-Net Logistic,3,1,0.44720158537287813,0
2019-12-12,Elastic-Net Logistic,3,1,0.4149855523254943,0
2019-12-13,Elastic-Net Logistic,3,1,0.43946448482082323,0
2019-12-16,Elastic-Net Logistic,3,1,0.4698914298809973,0
2019-12-17,Elastic-Net Logistic,3,1,0.4181219927446193,0
2019-12-18,Elastic-Net Logistic,3,1,0.4226963623138756,0
2019-12-19,Elastic-Net Logistic,3,1,0.4934094865192978,0
2019-12-20,Elastic-Net Logistic,3,1,0.4598686188443338,0
2019-12-23,Elastic-Net Logistic,3,1,0.4438802412104719,0
2019-12-24,Elastic-Net Logistic,3,1,0.4195678636761085,0
2019-12-26,Elastic-Net Logistic,3,0,0.47538800857285984,0
2019-12-27,Elastic-Net Logistic,3,0,0.553971764913486,1
2019-12-30,Elastic-Net Logistic,3,1,0.5182909540834424,1
2019-12-31,Elastic-Net Logistic,3,1,0.4329821823873258,0
2020-01-02,Elastic-Net Logistic,3,0,0.39281683691844754,0
2020-01-03,Elastic-Net Logistic,3,1,0.42611786236798965,0
2020-01-06,Elastic-Net Logistic,3,0,0.4258059558789933,0
2020-01-07,Elastic-Net Logistic,3,1,0.47843735998162884,0
2020-01-08,Elastic-Net Logistic,3,1,0.4466209098879326,0
2020-01-09,Elastic-Net Logistic,4,0,0.4853021024595456,0
2020-01-10,Elastic-Net Logistic,4,1,0.5227677131669187,1
2020-01-13,Elastic-Net Logistic,4,0,0.50614358062542,1
2020-01-14,Elastic-Net Logistic,4,1,0.5011111168130973,1
2020-01-15,Elastic-Net Logistic,4,1,0.5033503083350451,1
2020-01-16,Elastic-Net Logistic,4,1,0.45998950856915444,0
2020-01-17,Elastic-Net Logistic,4,0,0.4999765765129099,0
2020-01-21,Elastic-Net Logistic,4,1,0.490980674562711,0
2020-01-22,Elastic-Net Logistic,4,1,0.4403463452738076,0
2020-01-23,Elastic-Net Logistic,4,0,0.4973459931526895,0
2020-01-24,Elastic-Net Logistic,4,0,0.516549079074532,1
2020-01-27,Elastic-Net Logistic,4,1,0.6119417025346157,1
2020-01-28,Elastic-Net Logistic,4,0,0.5368519123754932,1
2020-01-29,Elastic-Net Logistic,4,1,0.4876130726642803,0
2020-01-30,Elastic-Net Logistic,4,0,0.5213005193913622,1
2020-01-31,Elastic-Net Logistic,4,1,0.5709738913108171,1
2020-02-03,Elastic-Net Logistic,4,1,0.47950045980165296,0
2020-02-04,Elastic-Net Logistic,4,1,0.518299968603302,1
2020-02-05,Elastic-Net Logistic,4,1,0.5057491341648721,1
2020-02-06,Elastic-Net Logistic,4,0,0.5056896697468641,1
2020-02-07,Elastic-Net Logistic,4,1,0.5226825080693389,1
2020-02-10,Elastic-Net Logistic,4,1,0.39346944075133145,0
2020-02-11,Elastic-Net Logistic,4,1,0.5203826643402245,1
2020-02-12,Elastic-Net Logistic,4,0,0.4871438119100319,0
2020-02-13,Elastic-Net Logistic,4,1,0.4917027757708506,0
2020-02-14,Elastic-Net Logistic,4,0,0.4661696143855515,0
2020-02-18,Elastic-Net Logistic,4,1,0.4803376529622446,0
2020-02-19,Elastic-Net Logistic,4,0,0.4131918475969821,0
2020-02-20,Elastic-Net Logistic,4,0,0.4626419272699983,0
2020-02-21,Elastic-Net Logistic,4,0,0.4957084305399122,0
2020-02-24,Elastic-Net Logistic,4,0,0.3610749602649732,0
2020-02-25,Elastic-Net Logistic,4,0,0.5178065497796123,1
2020-02-26,Elastic-Net Logistic,4,0,0.5125759425413047,1
2020-02-27,Elastic-Net Logistic,4,0,0.42386608557560546,0
2020-02-28,Elastic-Net Logistic,4,1,0.5476151177813926,1
2020-03-02,Elastic-Net Logistic,4,0,0.43145284269957374,0
2020-03-03,Elastic-Net Logistic,4,1,0.4453510596324588,0
2020-03-04,Elastic-Net Logistic,4,0,0.5317823169447501,1
2020-03-05,Elastic-Net Logistic,4,0,0.6210112816401893,1
2020-03-06,Elastic-Net Logistic,4,0,0.6849776095825898,1
2020-03-09,Elastic-Net Logistic,4,1,0.6985050911471746,1
2020-03-10,Elastic-Net Logistic,4,0,0.7814757975093055,1
2020-03-11,Elastic-Net Logistic,4,0,0.8582294766761516,1
2020-03-12,Elastic-Net Logistic,4,1,0.6027889131593995,1
2020-03-13,Elastic-Net Logistic,4,0,0.7934366903503948,1
2020-03-16,Elastic-Net Logistic,4,1,0.7183669181309732,1
2020-03-17,Elastic-Net Logistic,4,0,0.8271174895687564,1
2020-03-18,Elastic-Net Logistic,4,1,0.8520118303011793,1
2020-03-19,Elastic-Net Logistic,4,0,0.7244696673961568,1
2020-03-20,Elastic-Net Logistic,4,0,0.8091779198852883,1
2020-03-23,Elastic-Net Logistic,4,1,0.7944861485630297,1
2020-03-24,Elastic-Net Logistic,4,1,0.7087926881638068,1
2020-03-25,Elastic-Net Logistic,4,1,0.545142563888619,1
2020-03-26,Elastic-Net Logistic,4,0,0.25592651144063117,0
2020-03-27,Elastic-Net Logistic,4,1,0.6315349250245439,1
2020-03-30,Elastic-Net Logistic,4,0,0.19663091003140884,0
2020-03-31,Elastic-Net Logistic,4,0,0.4657561853524312,0
2020-04-01,Elastic-Net Logistic,4,1,0.28840623551186756,0
2020-04-02,Elastic-Net Logistic,4,0,0.3885686488571463,0
2020-04-03,Elastic-Net Logistic,4,1,0.41389203190703894,0
2020-04-06,Elastic-Net Logistic,4,1,0.20902889385348927,0
2020-04-07,Elastic-Net Logistic,4,1,0.4238832478013661,0
2020-04-08,Elastic-Net Logistic,4,1,0.15535265010197563,0
2020-04-09,Elastic-Net Logistic,4,0,0.20060620143527413,0
2020-04-13,Elastic-Net Logistic,4,1,0.46771438612098903,0
2020-04-14,Elastic-Net Logistic,4,0,0.26219290006979207,0
2020-04-15,Elastic-Net Logistic,4,1,0.49341969369605604,0
2020-04-16,Elastic-Net Logistic,4,1,0.36167042953525824,0
2020-04-17,Elastic-Net Logistic,4,0,0.4911391453087397,0
2020-04-20,Elastic-Net Logistic,4,0,0.31037247479720675,0
2020-04-21,Elastic-Net Logistic,4,1,0.5903202414605319,1
2020-04-22,Elastic-Net Logistic,4,0,0.4523978037591965,0
2020-04-23,Elastic-Net Logistic,4,1,0.32878988725294955,0
2020-04-24,Elastic-Net Logistic,4,1,0.4171621104567972,0
2020-04-27,Elastic-Net Logistic,4,0,0.25103278071404783,0
2020-04-28,Elastic-Net Logistic,4,1,0.35274463828927105,0
2020-04-29,Elastic-Net Logistic,4,0,0.19636457249958897,0
2020-04-30,Elastic-Net Logistic,4,0,0.24495363565863926,0
2020-05-01,Elastic-Net Logistic,4,1,0.30463296314903004,0
2020-05-04,Elastic-Net Logistic,4,1,0.3027171186651113,0
2020-05-05,Elastic-Net Logistic,4,0,0.23819410608323158,0
2020-05-06,Elastic-Net Logistic,4,1,0.25110695980528813,0
2020-05-07,Elastic-Net Logistic,4,1,0.19633493853651993,0
2020-05-08,Elastic-Net Logistic,4,1,0.19257600473642142,0
2020-05-11,Elastic-Net Logistic,4,0,0.15649721536271763,0
2020-05-12,Elastic-Net Logistic,4,0,0.2051038726457393,0
2020-05-13,Elastic-Net Logistic,4,1,0.20729326532172174,0
2020-05-14,Elastic-Net Logistic,4,1,0.18032808039932016,0
2020-05-15,Elastic-Net Logistic,4,1,0.15773477908565753,0
2020-05-18,Elastic-Net Logistic,4,0,0.10759209293475176,0
2020-05-19,Elastic-Net Logistic,4,1,0.11750178877504154,0
2020-05-20,Elastic-Net Logistic,4,0,0.14118613689692847,0
2020-05-21,Elastic-Net Logistic,4,1,0.16661550651227208,0
2020-05-22,Elastic-Net Logistic,4,1,0.20835324859744347,0
2020-05-26,Elastic-Net Logistic,4,1,0.2502622110752394,0
2020-05-27,Elastic-Net Logistic,4,0,0.1880284824786133,0
2020-05-28,Elastic-Net Logistic,4,1,0.14394103832489202,0
2020-05-29,Elastic-Net Logistic,4,1,0.19913440157873127,0
2020-06-01,Elastic-Net Logistic,4,1,0.10338722132203727,0
2020-06-02,Elastic-Net Logistic,4,1,0.20189986625482714,0
2020-06-03,Elastic-Net Logistic,4,0,0.11269808571912393,0
2020-06-04,Elastic-Net Logistic,4,1,0.12314045299814727,0
2020-06-05,Elastic-Net Logistic,4,1,0.12193673341865852,0
2020-06-08,Elastic-Net Logistic,4,0,0.1391818076997239,0
2020-06-09,Elastic-Net Logistic,4,0,0.16933021543821397,0
2020-06-10,Elastic-Net Logistic,4,0,0.2085967316537019,0
2020-06-11,Elastic-Net Logistic,4,1,0.5017413268289066,1
2020-06-12,Elastic-Net Logistic,4,1,0.5963079757265752,1
2020-06-15,Elastic-Net Logistic,4,1,0.598072361570411,1
2020-06-16,Elastic-Net Logistic,4,0,0.6719537996128022,1
2020-06-17,Elastic-Net Logistic,4,1,0.6256836421965816,1
2020-06-18,Elastic-Net Logistic,4,0,0.6410579398770827,1
2020-06-19,Elastic-Net Logistic,4,1,0.6558988113080517,1
2020-06-22,Elastic-Net Logistic,4,1,0.6477088932293811,1
2020-06-23,Elastic-Net Logistic,4,0,0.628982016974431,1
2020-06-24,Elastic-Net Logistic,4,1,0.6391837688966997,1
2020-06-25,Elastic-Net Logistic,4,0,0.2313444002270925,0
2020-06-26,Elastic-Net Logistic,4,1,0.4596312414457786,0
2020-06-29,Elastic-Net Logistic,4,1,0.377557256054353,0
2020-06-30,Elastic-Net Logistic,4,1,0.3058607389765509,0
2020-07-01,Elastic-Net Logistic,4,1,0.3070464436294322,0
2020-07-02,Elastic-Net Logistic,4,1,0.24230002752203395,0
2020-07-06,Elastic-Net Logistic,4,0,0.32007856020908476,0
2020-07-07,Elastic-Net Logistic,4,1,0.32691691112070503,0
2020-07-08,Elastic-Net Logistic,4,0,0.3095141673036709,0
2020-07-09,Elastic-Net Logistic,4,1,0.25068798280096705,0
2020-07-10,Elastic-Net Logistic,4,0,0.14883563651414838,0
2020-07-13,Elastic-Net Logistic,4,1,0.19888118244706965,0
2020-07-14,Elastic-Net Logistic,4,1,0.20056346008931622,0
2020-07-15,Elastic-Net Logistic,4,0,0.2444914286920074,0
2020-07-16,Elastic-Net Logistic,4,1,0.20228313787476065,0
2020-07-17,Elastic-Net Logistic,4,1,0.22074739576019664,0
2020-07-20,Elastic-Net Logistic,4,1,0.20107950280119966,0
2020-07-21,Elastic-Net Logistic,4,1,0.2552052317736013,0
2020-07-22,Elastic-Net Logistic,4,0,0.23571660680367976,0
2020-07-23,Elastic-Net Logistic,4,0,0.1939015394883055,0
2020-07-24,Elastic-Net Logistic,4,1,0.30095906166049036,0
2020-07-27,Elastic-Net Logistic,4,0,0.18501143603987338,0
2020-07-28,Elastic-Net Logistic,4,1,0.2761292395552593,0
2020-07-29,Elastic-Net Logistic,4,0,0.1839858402520416,0
2020-07-30,Elastic-Net Logistic,4,1,0.2429605452186316,0
2020-07-31,Elastic-Net Logistic,4,1,0.30253952813539936,0
2020-08-03,Elastic-Net Logistic,4,1,0.20438905438292365,0
2020-08-04,Elastic-Net Logistic,4,1,0.18970296644620208,0
2020-08-05,Elastic-Net Logistic,4,1,0.23150510610576192,0
2020-08-06,Elastic-Net Logistic,4,1,0.16924166288735012,0
2020-08-07,Elastic-Net Logistic,4,1,0.2277508640587522,0
2020-08-10,Elastic-Net Logistic,4,0,0.21808706931829297,0
2020-08-11,Elastic-Net Logistic,4,1,0.2500590419404223,0
2020-08-12,Elastic-Net Logistic,4,0,0.22326505260726423,0
2020-08-13,Elastic-Net Logistic,4,1,0.20781600005915485,0
2020-08-14,Elastic-Net Logistic,4,1,0.2807054608208237,0
2020-08-17,Elastic-Net Logistic,4,1,0.2584611796060704,0
2020-08-18,Elastic-Net Logistic,4,0,0.3133347325827221,0
2020-08-19,Elastic-Net Logistic,4,1,0.33679312000690026,0
2020-08-20,Elastic-Net Logistic,4,1,0.21729311760405548,0
2020-08-21,Elastic-Net Logistic,4,1,0.30126135559315564,0
2020-08-24,Elastic-Net Logistic,4,1,0.3134593075894075,0
2020-08-25,Elastic-Net Logistic,4,1,0.25856414010095413,0
2020-08-26,Elastic-Net Logistic,4,1,0.28335050457759364,0
2020-08-27,Elastic-Net Logistic,4,1,0.2361776834276093,0
2020-08-28,Elastic-Net Logistic,4,0,0.2623147328326447,0
2020-08-31,Elastic-Net Logistic,4,1,0.3050054543633124,0
2020-09-01,Elastic-Net Logistic,4,1,0.2535640132053859,0
2020-09-02,Elastic-Net Logistic,4,0,0.2322993058872831,0
2020-09-03,Elastic-Net Logistic,4,0,0.30476137096555883,0
2020-09-04,Elastic-Net Logistic,4,0,0.34942893432893013,0
2020-09-08,Elastic-Net Logistic,4,1,0.3076368845423279,0
2020-09-09,Elastic-Net Logistic,4,0,0.3292561797906109,0
2020-09-10,Elastic-Net Logistic,4,1,0.4930915470771117,0
2020-09-11,Elastic-Net Logistic,4,1,0.5328465077245444,1
2020-09-14,Elastic-Net Logistic,4,1,0.5012618495775216,1
2020-09-15,Elastic-Net Logistic,4,0,0.48915641924124376,0
2020-09-16,Elastic-Net Logistic,4,0,0.5023834233981218,1
2020-09-17,Elastic-Net Logistic,4,0,0.469233839680997,0
2020-09-18,Elastic-Net Logistic,4,0,0.4037883487980142,0
2020-09-21,Elastic-Net Logistic,4,1,0.5464122932065718,1
2020-09-22,Elastic-Net Logistic,4,0,0.35461632450161346,0
2020-09-23,Elastic-Net Logistic,4,1,0.41922363622161685,0
2020-09-24,Elastic-Net Logistic,4,1,0.277446186148568,0
2020-09-25,Elastic-Net Logistic,4,1,0.321181877845505,0
2020-09-28,Elastic-Net Logistic,4,0,0.382676929624728,0
2020-09-29,Elastic-Net Logistic,4,1,0.3806595839243007,0
2020-09-30,Elastic-Net Logistic,4,1,0.32602057407537366,0
2020-10-01,Elastic-Net Logistic,4,0,0.3400949756103014,0
2020-10-02,Elastic-Net Logistic,4,1,0.25799508978687796,0
2020-10-05,Elastic-Net Logistic,4,0,0.30493220578203173,0
2020-10-06,Elastic-Net Logistic,4,1,0.3880650506052515,0
2020-10-07,Elastic-Net Logistic,4,1,0.3381951147477602,0
2020-10-08,Elastic-Net Logistic,4,1,0.36626630315379965,0
2020-10-09,Elastic-Net Logistic,4,1,0.44917570839722837,0
2020-10-12,Elastic-Net Logistic,4,0,0.39310886380231,0
2020-10-13,Elastic-Net Logistic,4,0,0.4569400671771005,0
2020-10-14,Elastic-Net Logistic,4,0,0.4197685199257977,0
2020-10-15,Elastic-Net Logistic,4,0,0.43978373025476825,0
2020-10-16,Elastic-Net Logistic,4,0,0.43461979121740096,0
2020-10-19,Elastic-Net Logistic,4,1,0.5015317379563495,1
2020-10-20,Elastic-Net Logistic,4,0,0.43557509722219334,0
2020-10-21,Elastic-Net Logistic,4,1,0.41492767082300636,0
2020-10-22,Elastic-Net Logistic,4,1,0.47406731343853986,0
2020-10-23,Elastic-Net Logistic,4,0,0.5182848988106221,1
2020-10-26,Elastic-Net Logistic,4,0,0.568467886893239,1
2020-10-27,Elastic-Net Logistic,4,0,0.43727149212535105,0
2020-10-28,Elastic-Net Logistic,4,1,0.395871972719441,0
2020-10-29,Elastic-Net Logistic,4,0,0.4014652782525587,0
2020-10-30,Elastic-Net Logistic,4,1,0.5407790866744575,1
2020-11-02,Elastic-Net Logistic,4,1,0.48489714707642967,0
2020-11-03,Elastic-Net Logistic,4,1,0.41442328810313567,0
2020-11-04,Elastic-Net Logistic,4,1,0.3384202102546275,0
2020-11-05,Elastic-Net Logistic,4,0,0.3312565022194496,0
2020-11-06,Elastic-Net Logistic,4,1,0.4327013480026863,0
2020-11-09,Elastic-Net Logistic,4,0,0.31748584884568104,0
2020-11-10,Elastic-Net Logistic,4,1,0.4068581032846251,0
2020-11-11,Elastic-Net Logistic,4,0,0.2596242124846692,0
2020-11-12,Elastic-Net Logistic,4,1,0.372268871525302,0
2020-11-13,Elastic-Net Logistic,4,1,0.26711221436746885,0
2020-11-16,Elastic-Net Logistic,4,0,0.3775137164930694,0
2020-11-17,Elastic-Net Logistic,4,0,0.4225045242897097,0
2020-11-18,Elastic-Net Logistic,4,1,0.37118314210771663,0
2020-11-19,Elastic-Net Logistic,4,0,0.34539806472571755,0
2020-11-20,Elastic-Net Logistic,4,1,0.37571020323759907,0
2020-11-23,Elastic-Net Logistic,4,1,0.35908407855891233,0
2020-11-24,Elastic-Net Logistic,4,0,0.32435483991723274,0
2020-11-25,Elastic-Net Logistic,4,1,0.3244017555974461,0
2020-11-27,Elastic-Net Logistic,4,0,0.33549441968183574,0
2020-11-30,Elastic-Net Logistic,4,1,0.4757904876527988,0
2020-12-01,Elastic-Net Logistic,4,1,0.35576370779875865,0
2020-12-02,Elastic-Net Logistic,4,0,0.3304455378243305,0
2020-12-03,Elastic-Net Logistic,4,1,0.3339870253466596,0
2020-12-04,Elastic-Net Logistic,4,0,0.2943459576873004,0
2020-12-07,Elastic-Net Logistic,4,1,0.3991350688527107,0
2020-12-08,Elastic-Net Logistic,4,0,0.37420358240896023,0
2020-12-09,Elastic-Net Logistic,4,0,0.4070688963197404,0
2020-12-10,Elastic-Net Logistic,4,0,0.35230887038195724,0
2020-12-11,Elastic-Net Logistic,4,0,0.3768422571717239,0
2020-12-14,Elastic-Net Logistic,4,1,0.35538436315589245,0
2020-12-15,Elastic-Net Logistic,4,1,0.3778719907532657,0
2020-12-16,Elastic-Net Logistic,4,1,0.3547881159081262,0
2020-12-17,Elastic-Net Logistic,4,0,0.35260711750807155,0
2020-12-18,Elastic-Net Logistic,4,0,0.4566346467970469,0
2020-12-21,Elastic-Net Logistic,4,0,0.15423463247632557,0
2020-12-22,Elastic-Net Logistic,4,1,0.4794298214963884,0
2020-12-23,Elastic-Net Logistic,4,1,0.40733599267166015,0
2020-12-24,Elastic-Net Logistic,4,1,0.3930160329091886,0
2020-12-28,Elastic-Net Logistic,4,0,0.4562088303089188,0
2020-12-29,Elastic-Net Logistic,4,1,0.4327227000803316,0
2020-12-30,Elastic-Net Logistic,4,1,0.3703345360959648,0
2020-12-31,Elastic-Net Logistic,4,0,0.3389026671295269,0
2021-01-04,Elastic-Net Logistic,4,1,0.37846053685225134,0
2021-01-05,Elastic-Net Logistic,4,1,0.32299748392041205,0
2021-01-06,Elastic-Net Logistic,5,1,0.42635097229578783,0
2021-01-07,Elastic-Net Logistic,5,1,0.3281853263104505,0
2021-01-08,Elastic-Net Logistic,5,0,0.44276139516993535,0
2021-01-11,Elastic-Net Logistic,5,1,0.4871572689202985,0
2021-01-12,Elastic-Net Logistic,5,1,0.4440650520397602,0
2021-01-13,Elastic-Net Logistic,5,0,0.4215550820298629,0
2021-01-14,Elastic-Net Logistic,5,0,0.4547841843240755,0
2021-01-15,Elastic-Net Logistic,5,1,0.519573126857767,1
2021-01-19,Elastic-Net Logistic,5,1,0.3687222075311999,0
2021-01-20,Elastic-Net Logistic,5,1,0.41805141418873176,0
2021-01-21,Elastic-Net Logistic,5,0,0.43888294922565446,0
2021-01-22,Elastic-Net Logistic,5,1,0.5065233994544489,1
2021-01-25,Elastic-Net Logistic,5,0,0.56518714634561,1
2021-01-26,Elastic-Net Logistic,5,0,0.4183914116675443,0
2021-01-27,Elastic-Net Logistic,5,1,0.5707013623620019,1
2021-01-28,Elastic-Net Logistic,5,0,0.3640675186666458,0
2021-01-29,Elastic-Net Logistic,5,1,0.5618962095705601,1
2021-02-01,Elastic-Net Logistic,5,1,0.4845864555952167,0
2021-02-02,Elastic-Net Logistic,5,1,0.5052651624629625,1
2021-02-03,Elastic-Net Logistic,5,1,0.6012467856737292,1
2021-02-04,Elastic-Net Logistic,5,1,0.42797306181063494,0
2021-02-05,Elastic-Net Logistic,5,1,0.48749421938884496,0
2021-02-08,Elastic-Net Logistic,5,0,0.4260839165973623,0
2021-02-09,Elastic-Net Logistic,5,0,0.46553634930192184,0
2021-02-10,Elastic-Net Logistic,5,1,0.42966706458328396,0
2021-02-11,Elastic-Net Logistic,5,1,0.44063689986743787,0
2021-02-12,Elastic-Net Logistic,5,0,0.4051009943783893,0
2021-02-16,Elastic-Net Logistic,5,1,0.5089129752219246,1
2021-02-17,Elastic-Net Logistic,5,0,0.4930298744183999,0
2021-02-18,Elastic-Net Logistic,5,0,0.4772862033468442,0
2021-02-19,Elastic-Net Logistic,5,0,0.42529751804347565,0
2021-02-22,Elastic-Net Logistic,5,1,0.46792432338287077,0
2021-02-23,Elastic-Net Logistic,5,1,0.5270536706234172,1
2021-02-24,Elastic-Net Logistic,5,0,0.4026692735713041,0
2021-02-25,Elastic-Net Logistic,5,0,0.4057498974879861,0
2021-02-26,Elastic-Net Logistic,5,1,0.3862230725371736,0
2021-03-01,Elastic-Net Logistic,5,0,0.3682465874725189,0
2021-03-02,Elastic-Net Logistic,5,0,0.5469065351482273,1
2021-03-03,Elastic-Net Logistic,5,0,0.48719998238548107,0
2021-03-04,Elastic-Net Logistic,5,1,0.4498243351680484,0
2021-03-05,Elastic-Net Logistic,5,0,0.4335946887534724,0
2021-03-08,Elastic-Net Logistic,5,1,0.43577541939126724,0
2021-03-09,Elastic-Net Logistic,5,1,0.37416144301019605,0
2021-03-10,Elastic-Net Logistic,5,1,0.41380217804086356,0
2021-03-11,Elastic-Net Logistic,5,1,0.30680518626900094,0
2021-03-12,Elastic-Net Logistic,5,1,0.41951309073655113,0
2021-03-15,Elastic-Net Logistic,5,0,0.507559994336078,1
2021-03-16,Elastic-Net Logistic,5,1,0.42872585651028333,0
2021-03-17,Elastic-Net Logistic,5,0,0.4167125461765684,0
2021-03-18,Elastic-Net Logistic,5,0,0.39890053987699303,0
2021-03-19,Elastic-Net Logistic,5,1,0.43542280236088343,0
2021-03-22,Elastic-Net Logistic,5,0,0.3461454261739701,0
2021-03-23,Elastic-Net Logistic,5,0,0.5233934957578035,1
2021-03-24,Elastic-Net Logistic,5,1,0.43445113286595904,0
2021-03-25,Elastic-Net Logistic,5,1,0.41493112171832774,0
2021-03-26,Elastic-Net Logistic,5,0,0.3732914356341717,0
2021-03-29,Elastic-Net Logistic,5,0,0.4766569503857941,0
2021-03-30,Elastic-Net Logistic,5,1,0.41081778287511067,0
2021-03-31,Elastic-Net Logistic,5,1,0.35423894007012496,0
2021-04-01,Elastic-Net Logistic,5,1,0.30358236894481627,0
2021-04-05,Elastic-Net Logistic,5,0,0.39135376729014126,0
2021-04-06,Elastic-Net Logistic,5,1,0.4729857351681296,0
2021-04-07,Elastic-Net Logistic,5,1,0.4065825469268902,0
2021-04-08,Elastic-Net Logistic,5,1,0.39336396293392223,0
2021-04-09,Elastic-Net Logistic,5,1,0.4139643543800449,0
2021-04-12,Elastic-Net Logistic,5,1,0.48972775683867686,0
2021-04-13,Elastic-Net Logistic,5,0,0.42834704688986286,0
2021-04-14,Elastic-Net Logistic,5,1,0.407368546985275,0
2021-04-15,Elastic-Net Logistic,5,1,0.3381980170515082,0
2021-04-16,Elastic-Net Logistic,5,0,0.42914285246650735,0
2021-04-19,Elastic-Net Logistic,5,0,0.5062195084277143,1
2021-04-20,Elastic-Net Logistic,5,1,0.46128497162712445,0
2021-04-21,Elastic-Net Logistic,5,0,0.3491229072806151,0
2021-04-22,Elastic-Net Logistic,5,1,0.445070716375652,0
2021-04-23,Elastic-Net Logistic,5,1,0.3993615448208231,0
2021-04-26,Elastic-Net Logistic,5,0,0.4617007143912026,0
2021-04-27,Elastic-Net Logistic,5,0,0.48599187469372773,0
2021-04-28,Elastic-Net Logistic,5,1,0.42851918568701486,0
2021-04-29,Elastic-Net Logistic,5,0,0.5021689556968104,1
2021-04-30,Elastic-Net Logistic,5,1,0.5150344877855799,1
2021-05-03,Elastic-Net Logistic,5,0,0.4279101912431851,0
2021-05-04,Elastic-Net Logistic,5,1,0.5177632790610016,1
2021-05-05,Elastic-Net Logistic,5,1,0.41610262636514417,0
2021-05-06,Elastic-Net Logistic,5,1,0.4287132549354117,0
2021-05-07,Elastic-Net Logistic,5,0,0.43450279534929553,0
2021-05-10,Elastic-Net Logistic,5,0,0.45607252607325516,0
2021-05-11,Elastic-Net Logistic,5,0,0.5383204516075062,1
2021-05-12,Elastic-Net Logistic,5,1,0.44922473044099287,0
2021-05-13,Elastic-Net Logistic,5,1,0.38558479231277115,0
2021-05-14,Elastic-Net Logistic,5,0,0.36809149930370044,0
2021-05-17,Elastic-Net Logistic,5,0,0.5216944178613147,1
2021-05-18,Elastic-Net Logistic,5,0,0.4755691726903051,0
2021-05-19,Elastic-Net Logistic,5,1,0.5357032847236888,1
2021-05-20,Elastic-Net Logistic,5,0,0.3593041499880475,0
2021-05-21,Elastic-Net Logistic,5,1,0.4731689420492769,0
2021-05-24,Elastic-Net Logistic,5,0,0.3603190900669735,0
2021-05-25,Elastic-Net Logistic,5,1,0.43584115145312147,0
2021-05-26,Elastic-Net Logistic,5,1,0.39018428645049286,0
2021-05-27,Elastic-Net Logistic,5,1,0.4607843251373818,0
2021-05-28,Elastic-Net Logistic,5,0,0.4354614996877705,0
2021-06-01,Elastic-Net Logistic,5,1,0.4152148588075582,0
2021-06-02,Elastic-Net Logistic,5,0,0.40680019490027214,0
2021-06-03,Elastic-Net Logistic,5,1,0.4673536150400747,0
2021-06-04,Elastic-Net Logistic,5,0,0.42796997683583315,0
2021-06-07,Elastic-Net Logistic,5,1,0.4688790922411004,0
2021-06-08,Elastic-Net Logistic,5,0,0.4400265206439565,0
2021-06-09,Elastic-Net Logistic,5,1,0.37471948927915194,0
2021-06-10,Elastic-Net Logistic,5,1,0.35396997781416156,0
2021-06-11,Elastic-Net Logistic,5,1,0.42658175767480633,0
2021-06-14,Elastic-Net Logistic,5,0,0.44766060166396165,0
2021-06-15,Elastic-Net Logistic,5,0,0.4432406085894245,0
2021-06-16,Elastic-Net Logistic,5,0,0.4378493769311504,0
2021-06-17,Elastic-Net Logistic,5,0,0.4279477206139216,0
2021-06-18,Elastic-Net Logistic,5,1,0.4983079652142032,0
2021-06-21,Elastic-Net Logistic,5,1,0.41072524797657284,0
2021-06-22,Elastic-Net Logistic,5,0,0.47989276494514455,0
2021-06-23,Elastic-Net Logistic,5,1,0.4700677804129371,0
2021-06-24,Elastic-Net Logistic,5,1,0.40520581359613017,0
2021-06-25,Elastic-Net Logistic,5,1,0.45093221649807497,0
2021-06-28,Elastic-Net Logistic,5,1,0.44358622751161997,0
2021-06-29,Elastic-Net Logistic,5,1,0.4144682338260323,0
2021-06-30,Elastic-Net Logistic,5,1,0.44475091372377545,0
2021-07-01,Elastic-Net Logistic,5,1,0.35931671683664723,0
2021-07-02,Elastic-Net Logistic,5,0,0.3889333361356212,0
2021-07-06,Elastic-Net Logistic,5,1,0.5170240051782047,1
2021-07-07,Elastic-Net Logistic,5,0,0.4034792421785038,0
2021-07-08,Elastic-Net Logistic,5,1,0.45698250091121667,0
2021-07-09,Elastic-Net Logistic,5,1,0.3709121471276042,0
2021-07-12,Elastic-Net Logistic,5,0,0.41753059276509147,0
2021-07-13,Elastic-Net Logistic,5,1,0.4575830528975053,0
2021-07-14,Elastic-Net Logistic,5,0,0.4088294251555334,0
2021-07-15,Elastic-Net Logistic,5,0,0.43244461257371164,0
2021-07-16,Elastic-Net Logistic,5,0,0.4450252645046221,0
2021-07-19,Elastic-Net Logistic,5,1,0.45412964402138534,0
2021-07-20,Elastic-Net Logistic,5,1,0.40186126764901503,0
2021-07-21,Elastic-Net Logistic,5,1,0.4288887314274246,0
2021-07-22,Elastic-Net Logistic,5,1,0.4043066209661463,0
2021-07-23,Elastic-Net Logistic,5,1,0.41437556748862325,0
2021-07-26,Elastic-Net Logistic,5,0,0.4335493262180149,0
2021-07-27,Elastic-Net Logistic,5,0,0.49113993163803993,0
2021-07-28,Elastic-Net Logistic,5,1,0.3842399619019295,0
2021-07-29,Elastic-Net Logistic,5,0,0.33484443962321664,0
2021-07-30,Elastic-Net Logistic,5,0,0.4545739139410118,0
2021-08-02,Elastic-Net Logistic,5,1,0.37811451132668206,0
2021-08-03,Elastic-Net Logistic,5,0,0.46416351361998653,0
2021-08-04,Elastic-Net Logistic,5,1,0.4391782864461742,0
2021-08-05,Elastic-Net Logistic,5,1,0.3297737813640537,0
2021-08-06,Elastic-Net Logistic,5,0,0.43944466619922146,0
2021-08-09,Elastic-Net Logistic,5,1,0.42939655549005196,0
2021-08-10,Elastic-Net Logistic,5,1,0.41195986163179116,0
2021-08-11,Elastic-Net Logistic,5,1,0.4139575769180366,0
2021-08-12,Elastic-Net Logistic,5,1,0.375842370077286,0
2021-08-13,Elastic-Net Logistic,5,1,0.38051210416880515,0
2021-08-16,Elastic-Net Logistic,5,0,0.46442400575355264,0
2021-08-17,Elastic-Net Logistic,5,0,0.538293694493738,1
2021-08-18,Elastic-Net Logistic,5,1,0.42003172601443156,0
2021-08-19,Elastic-Net Logistic,5,1,0.43411109184693647,0
2021-08-20,Elastic-Net Logistic,5,1,0.4336932128750918,0
2021-08-23,Elastic-Net Logistic,5,1,0.45692646563656447,0
2021-08-24,Elastic-Net Logistic,5,1,0.4603947076165327,0
2021-08-25,Elastic-Net Logistic,5,0,0.43226036578288923,0
2021-08-26,Elastic-Net Logistic,5,1,0.455681151372311,0
2021-08-27,Elastic-Net Logistic,5,1,0.40127579093431437,0
2021-08-30,Elastic-Net Logistic,5,0,0.4222466903877962,0
2021-08-31,Elastic-Net Logistic,5,1,0.4667892800875183,0
2021-09-01,Elastic-Net Logistic,5,1,0.3746733240552365,0
2021-09-02,Elastic-Net Logistic,5,0,0.40340593874802616,0
2021-09-03,Elastic-Net Logistic,5,0,0.46864742950690513,0
2021-09-07,Elastic-Net Logistic,5,0,0.48371603657721823,0
2021-09-08,Elastic-Net Logistic,5,0,0.46002601669132664,0
2021-09-09,Elastic-Net Logistic,5,0,0.40453511930634367,0
2021-09-10,Elastic-Net Logistic,5,1,0.40038846652989535,0
2021-09-13,Elastic-Net Logistic,5,0,0.4575263432255256,0
2021-09-14,Elastic-Net Logistic,5,1,0.47999181292321047,0
2021-09-15,Elastic-Net Logistic,5,0,0.4330885961025606,0
2021-09-16,Elastic-Net Logistic,5,0,0.46860713643133683,0
2021-09-17,Elastic-Net Logistic,5,0,0.5109449992363312,1
2021-09-20,Elastic-Net Logistic,5,0,0.5410936498371632,1
2021-09-21,Elastic-Net Logistic,5,1,0.416120389689929,0
2021-09-22,Elastic-Net Logistic,5,1,0.4471660597579852,0
2021-09-23,Elastic-Net Logistic,5,1,0.4002398448148969,0
2021-09-24,Elastic-Net Logistic,5,0,0.4606178013538795,0
2021-09-27,Elastic-Net Logistic,5,0,0.5177033399149044,1
2021-09-28,Elastic-Net Logistic,5,1,0.47545037590266265,0
2021-09-29,Elastic-Net Logistic,5,0,0.39453074028093454,0
2021-09-30,Elastic-Net Logistic,5,1,0.430847465810469,0
2021-10-01,Elastic-Net Logistic,5,0,0.3996209793412919,0
2021-10-04,Elastic-Net Logistic,5,1,0.47759599211245074,0
2021-10-05,Elastic-Net Logistic,5,1,0.42137118995960154,0
2021-10-06,Elastic-Net Logistic,5,1,0.4806888796947305,0
2021-10-07,Elastic-Net Logistic,5,0,0.36622124586160815,0
2021-10-08,Elastic-Net Logistic,5,0,0.42835008268212643,0
2021-10-11,Elastic-Net Logistic,5,0,0.4619671768496244,0
2021-10-12,Elastic-Net Logistic,5,1,0.4076043633976792,0
2021-10-13,Elastic-Net Logistic,5,1,0.4829332198730764,0
2021-10-14,Elastic-Net Logistic,5,1,0.3246978294425266,0
2021-10-15,Elastic-Net Logistic,5,1,0.4303721265044837,0
2021-10-18,Elastic-Net Logistic,5,1,0.3907212604806657,0
2021-10-19,Elastic-Net Logistic,5,1,0.3941715879604369,0
2021-10-20,Elastic-Net Logistic,5,1,0.4101714105835344,0
2021-10-21,Elastic-Net Logistic,5,0,0.4013990479807736,0
2021-10-22,Elastic-Net Logistic,5,1,0.4359498619415317,0
2021-10-25,Elastic-Net Logistic,5,1,0.3900710002469432,0
2021-10-26,Elastic-Net Logistic,5,0,0.39381844646867425,0
2021-10-27,Elastic-Net Logistic,5,1,0.4274064880010758,0
2021-10-28,Elastic-Net Logistic,5,1,0.34315255557462965,0
2021-10-29,Elastic-Net Logistic,5,1,0.48374254723221644,0
2021-11-01,Elastic-Net Logistic,5,1,0.4150366107866352,0
2021-11-02,Elastic-Net Logistic,5,1,0.4755328876650878,0
2021-11-03,Elastic-Net Logistic,5,1,0.4456191979878674,0
2021-11-04,Elastic-Net Logistic,5,1,0.40682402247873717,0
2021-11-05,Elastic-Net Logistic,5,1,0.4495763148519636,0
2021-11-08,Elastic-Net Logistic,5,0,0.43975790349187466,0
2021-11-09,Elastic-Net Logistic,5,0,0.49670886840068207,0
2021-11-10,Elastic-Net Logistic,5,1,0.48824277721324133,0
2021-11-11,Elastic-Net Logistic,5,1,0.41814023613643203,0
2021-11-12,Elastic-Net Logistic,5,1,0.492700205574146,0
2021-11-15,Elastic-Net Logistic,5,1,0.5059427752993135,1
2021-11-16,Elastic-Net Logistic,5,0,0.49106690948062864,0
2021-11-17,Elastic-Net Logistic,5,1,0.4846907053521736,0
2021-11-18,Elastic-Net Logistic,5,0,0.40816945482133393,0
2021-11-19,Elastic-Net Logistic,5,0,0.4317202890891075,0
2021-11-22,Elastic-Net Logistic,5,1,0.4282423472571996,0
2021-11-23,Elastic-Net Logistic,5,1,0.46394401546794034,0
2021-11-24,Elastic-Net Logistic,5,0,0.42952141586186027,0
2021-11-26,Elastic-Net Logistic,5,1,0.5167579227041313,1
2021-11-29,Elastic-Net Logistic,5,0,0.42221090664881206,0
2021-11-30,Elastic-Net Logistic,5,0,0.48740250616032804,0
2021-12-01,Elastic-Net Logistic,5,1,0.3722746769446424,0
2021-12-02,Elastic-Net Logistic,5,0,0.3632905714307164,0
2021-12-03,Elastic-Net Logistic,5,1,0.5073165424732412,1
2021-12-06,Elastic-Net Logistic,5,1,0.4018556188113659,0
2021-12-07,Elastic-Net Logistic,5,1,0.4336710767533246,0
2021-12-08,Elastic-Net Logistic,5,0,0.4266562282270575,0
2021-12-09,Elastic-Net Logistic,5,1,0.4050335751054137,0
2021-12-10,Elastic-Net Logistic,5,0,0.367253909857105,0
2021-12-13,Elastic-Net Logistic,5,0,0.4980917896681409,0
2021-12-14,Elastic-Net Logistic,5,1,0.4693860873364277,0
2021-12-15,Elastic-Net Logistic,5,0,0.3764461797523651,0
2021-12-16,Elastic-Net Logistic,5,0,0.4420816813377735,0
2021-12-17,Elastic-Net Logistic,5,0,0.4371145871083025,0
2021-12-20,Elastic-Net Logistic,5,1,0.5686396823123672,1
2021-12-21,Elastic-Net Logistic,5,1,0.4084756226824629,0
2021-12-22,Elastic-Net Logistic,5,1,0.4167788978225995,0
2021-12-23,Elastic-Net Logistic,5,1,0.3800835209967446,0
2021-12-27,Elastic-Net Logistic,5,0,0.3582326712891978,0
2021-12-28,Elastic-Net Logistic,5,1,0.42707242560529146,0
2021-12-29,Elastic-Net Logistic,5,0,0.3525938835778547,0
2021-12-30,Elastic-Net Logistic,5,0,0.42412303115764066,0
2021-12-31,Elastic-Net Logistic,5,1,0.4395369012558582,0
2017-01-17,Calibrated RBF SVM,1,1,0.4728470867144166,0
2017-01-18,Calibrated RBF SVM,1,0,0.4365811940489778,0
2017-01-19,Calibrated RBF SVM,1,1,0.45551534936827515,0
2017-01-20,Calibrated RBF SVM,1,0,0.5008087507021776,1
2017-01-23,Calibrated RBF SVM,1,1,0.4636713255858535,0
2017-01-24,Calibrated RBF SVM,1,1,0.4894727194555264,0
2017-01-25,Calibrated RBF SVM,1,0,0.4552295719588025,0
2017-01-26,Calibrated RBF SVM,1,0,0.4248973506701071,0
2017-01-27,Calibrated RBF SVM,1,0,0.43930436379135784,0
2017-01-30,Calibrated RBF SVM,1,0,0.4794291141916682,0
2017-01-31,Calibrated RBF SVM,1,1,0.4820263245683541,0
2017-02-01,Calibrated RBF SVM,1,1,0.5048117268971153,1
2017-02-02,Calibrated RBF SVM,1,1,0.45611319487492546,0
2017-02-03,Calibrated RBF SVM,1,0,0.4445173005536194,0
2017-02-06,Calibrated RBF SVM,1,1,0.44794572234355834,0
2017-02-07,Calibrated RBF SVM,1,1,0.45354021645026493,0
2017-02-08,Calibrated RBF SVM,1,1,0.4039397152306399,0
2017-02-09,Calibrated RBF SVM,1,1,0.4313348550138136,0
2017-02-10,Calibrated RBF SVM,1,1,0.44574948565008715,0
2017-02-13,Calibrated RBF SVM,1,1,0.44446232564510896,0
2017-02-14,Calibrated RBF SVM,1,1,0.4790060524414172,0
2017-02-15,Calibrated RBF SVM,1,0,0.4989043152247105,0
2017-02-16,Calibrated RBF SVM,1,1,0.48480407668643144,0
2017-02-17,Calibrated RBF SVM,1,1,0.4483586695753606,0
2017-02-21,Calibrated RBF SVM,1,0,0.5104673611243583,1
2017-02-22,Calibrated RBF SVM,1,1,0.44866573006748683,0
2017-02-23,Calibrated RBF SVM,1,1,0.453190208147471,0
2017-02-24,Calibrated RBF SVM,1,1,0.46627173660438054,0
2017-02-27,Calibrated RBF SVM,1,0,0.43649819684720476,0
2017-02-28,Calibrated RBF SVM,1,1,0.5445398235135622,1
2017-03-01,Calibrated RBF SVM,1,0,0.5225577827653674,1
2017-03-02,Calibrated RBF SVM,1,1,0.4606315368432556,0
2017-03-03,Calibrated RBF SVM,1,0,0.48252326612960195,0
2017-03-06,Calibrated RBF SVM,1,0,0.46030192462212255,0
2017-03-07,Calibrated RBF SVM,1,0,0.4995720058966408,0
2017-03-08,Calibrated RBF SVM,1,1,0.5193850817184636,1
2017-03-09,Calibrated RBF SVM,1,1,0.4969696775501746,0
2017-03-10,Calibrated RBF SVM,1,1,0.46577860968821544,0
2017-03-13,Calibrated RBF SVM,1,0,0.44234660022300165,0
2017-03-14,Calibrated RBF SVM,1,1,0.47170094684909075,0
2017-03-15,Calibrated RBF SVM,1,0,0.47546302163901055,0
2017-03-16,Calibrated RBF SVM,1,0,0.45164653513328273,0
2017-03-17,Calibrated RBF SVM,1,0,0.4823583596824452,0
2017-03-20,Calibrated RBF SVM,1,0,0.45504196685165893,0
2017-03-21,Calibrated RBF SVM,1,1,0.5629124553813671,1
2017-03-22,Calibrated RBF SVM,1,0,0.49162417182254403,0
2017-03-23,Calibrated RBF SVM,1,0,0.5062036830176865,1
2017-03-24,Calibrated RBF SVM,1,0,0.5066672203717036,1
2017-03-27,Calibrated RBF SVM,1,1,0.4769842766645256,0
2017-03-28,Calibrated RBF SVM,1,1,0.49446353410977534,0
2017-03-29,Calibrated RBF SVM,1,1,0.43183338442081354,0
2017-03-30,Calibrated RBF SVM,1,0,0.42777896094200824,0
2017-03-31,Calibrated RBF SVM,1,0,0.47317507661550057,0
2017-04-03,Calibrated RBF SVM,1,1,0.502655711331489,1
2017-04-04,Calibrated RBF SVM,1,0,0.4610952220518012,0
2017-04-05,Calibrated RBF SVM,1,1,0.5494031445735389,1
2017-04-06,Calibrated RBF SVM,1,0,0.4475448857354654,0
2017-04-07,Calibrated RBF SVM,1,1,0.47896215944659143,0
2017-04-10,Calibrated RBF SVM,1,0,0.4858051752759718,0
2017-04-11,Calibrated RBF SVM,1,0,0.5072077147448252,1
2017-04-12,Calibrated RBF SVM,1,0,0.48726394849067695,0
2017-04-13,Calibrated RBF SVM,1,1,0.5252381104139471,1
2017-04-17,Calibrated RBF SVM,1,0,0.45436654923572223,0
2017-04-18,Calibrated RBF SVM,1,0,0.5223957019461102,1
2017-04-19,Calibrated RBF SVM,1,1,0.4733051572404469,0
2017-04-20,Calibrated RBF SVM,1,0,0.45317318659352246,0
2017-04-21,Calibrated RBF SVM,1,1,0.4813367331562201,0
2017-04-24,Calibrated RBF SVM,1,1,0.4752967763741552,0
2017-04-25,Calibrated RBF SVM,1,0,0.45437947506691656,0
2017-04-26,Calibrated RBF SVM,1,1,0.47473560436161755,0
2017-04-27,Calibrated RBF SVM,1,0,0.4174592927303297,0
2017-04-28,Calibrated RBF SVM,1,1,0.4063015813226894,0
2017-05-01,Calibrated RBF SVM,1,1,0.4425797471297444,0
2017-05-02,Calibrated RBF SVM,1,0,0.421194750905075,0
2017-05-03,Calibrated RBF SVM,1,1,0.4448705930991299,0
2017-05-04,Calibrated RBF SVM,1,1,0.40497444264163335,0
2017-05-05,Calibrated RBF SVM,1,0,0.41125750229105423,0
2017-05-08,Calibrated RBF SVM,1,0,0.3964331707707152,0
2017-05-09,Calibrated RBF SVM,1,1,0.4154640598951802,0
2017-05-10,Calibrated RBF SVM,1,0,0.4236127413237527,0
2017-05-11,Calibrated RBF SVM,1,0,0.4478023467263265,0
2017-05-12,Calibrated RBF SVM,1,1,0.4496948030587335,0
2017-05-15,Calibrated RBF SVM,1,0,0.42911656467219134,0
2017-05-16,Calibrated RBF SVM,1,0,0.42327413622110427,0
2017-05-17,Calibrated RBF SVM,1,1,0.5138083661028777,1
2017-05-18,Calibrated RBF SVM,1,1,0.4930123453480353,0
2017-05-19,Calibrated RBF SVM,1,1,0.4918680276373332,0
2017-05-22,Calibrated RBF SVM,1,1,0.46273398974710434,0
2017-05-23,Calibrated RBF SVM,1,1,0.4996274961934189,0
2017-05-24,Calibrated RBF SVM,1,1,0.5178427131379478,1
2017-05-25,Calibrated RBF SVM,1,0,0.5261871241635908,1
2017-05-26,Calibrated RBF SVM,1,0,0.5126683002767677,1
2017-05-30,Calibrated RBF SVM,1,0,0.503128161634014,1
2017-05-31,Calibrated RBF SVM,1,1,0.538889390973916,1
2017-06-01,Calibrated RBF SVM,1,1,0.5188729539428643,1
2017-06-02,Calibrated RBF SVM,1,0,0.5362246621093885,1
2017-06-05,Calibrated RBF SVM,1,0,0.48743379604357767,0
2017-06-06,Calibrated RBF SVM,1,1,0.5043625305627496,1
2017-06-07,Calibrated RBF SVM,1,1,0.5027002572183411,1
2017-06-08,Calibrated RBF SVM,1,0,0.5178940375964088,1
2017-06-09,Calibrated RBF SVM,1,0,0.5574989437387479,1
2017-06-12,Calibrated RBF SVM,1,1,0.5197909681659091,1
2017-06-13,Calibrated RBF SVM,1,0,0.49703256751330455,0
2017-06-14,Calibrated RBF SVM,1,0,0.5191981678440594,1
2017-06-15,Calibrated RBF SVM,1,1,0.5196403548222271,1
2017-06-16,Calibrated RBF SVM,1,1,0.44904411428008134,0
2017-06-19,Calibrated RBF SVM,1,0,0.4071220167952687,0
2017-06-20,Calibrated RBF SVM,1,0,0.43776649540920837,0
2017-06-21,Calibrated RBF SVM,1,0,0.42150008522129556,0
2017-06-22,Calibrated RBF SVM,1,1,0.41291906272741036,0
2017-06-23,Calibrated RBF SVM,1,1,0.45018810924950453,0
2017-06-26,Calibrated RBF SVM,1,0,0.44393664854348186,0
2017-06-27,Calibrated RBF SVM,1,1,0.5627301008504126,1
2017-06-28,Calibrated RBF SVM,1,0,0.45271155554313064,0
2017-06-29,Calibrated RBF SVM,1,1,0.5483771921908558,1
2017-06-30,Calibrated RBF SVM,1,1,0.45047586630689684,0
2017-07-03,Calibrated RBF SVM,1,1,0.40300347775250905,0
2017-07-05,Calibrated RBF SVM,1,0,0.4685390534972093,0
2017-07-06,Calibrated RBF SVM,1,1,0.48494406365957715,0
2017-07-07,Calibrated RBF SVM,1,1,0.46903407835699956,0
2017-07-10,Calibrated RBF SVM,1,0,0.44300537279093416,0
2017-07-11,Calibrated RBF SVM,1,1,0.5274561726366293,1
2017-07-12,Calibrated RBF SVM,1,1,0.4814704936173387,0
2017-07-13,Calibrated RBF SVM,1,1,0.4376266386503243,0
2017-07-14,Calibrated RBF SVM,1,0,0.5384522130180055,1
2017-07-17,Calibrated RBF SVM,1,1,0.42736058222826134,0
2017-07-18,Calibrated RBF SVM,1,1,0.448892767783233,0
2017-07-19,Calibrated RBF SVM,1,1,0.4919371734920784,0
2017-07-20,Calibrated RBF SVM,1,0,0.4726291026946756,0
2017-07-21,Calibrated RBF SVM,1,0,0.5478524087047387,1
2017-07-24,Calibrated RBF SVM,1,1,0.4397480962690081,0
2017-07-25,Calibrated RBF SVM,1,1,0.4838391300263248,0
2017-07-26,Calibrated RBF SVM,1,0,0.4593520098637623,0
2017-07-27,Calibrated RBF SVM,1,0,0.4920291682645898,0
2017-07-28,Calibrated RBF SVM,1,0,0.4518422677106464,0
2017-07-31,Calibrated RBF SVM,1,1,0.5009271870550017,1
2017-08-01,Calibrated RBF SVM,1,1,0.44638567901140824,0
2017-08-02,Calibrated RBF SVM,1,0,0.43220757729764253,0
2017-08-03,Calibrated RBF SVM,1,1,0.41384579901528146,0
2017-08-04,Calibrated RBF SVM,1,1,0.44824325926362985,0
2017-08-07,Calibrated RBF SVM,1,0,0.39018631613226,0
2017-08-08,Calibrated RBF SVM,1,0,0.5681669006031841,1
2017-08-09,Calibrated RBF SVM,1,0,0.4635573344207559,0
2017-08-10,Calibrated RBF SVM,1,1,0.521344023186533,1
2017-08-11,Calibrated RBF SVM,1,1,0.5013715905866235,1
2017-08-14,Calibrated RBF SVM,1,0,0.47582174186746,0
2017-08-15,Calibrated RBF SVM,1,1,0.46514274656120097,0
2017-08-16,Calibrated RBF SVM,1,0,0.47367515032756896,0
2017-08-17,Calibrated RBF SVM,1,0,0.5341519047264705,1
2017-08-18,Calibrated RBF SVM,1,1,0.5427510508161927,1
2017-08-21,Calibrated RBF SVM,1,1,0.44216797882516445,0
2017-08-22,Calibrated RBF SVM,1,0,0.4336464802533335,0
2017-08-23,Calibrated RBF SVM,1,0,0.4354333646769087,0
2017-08-24,Calibrated RBF SVM,1,1,0.47964217994780906,0
2017-08-25,Calibrated RBF SVM,1,1,0.5102779930793554,1
2017-08-28,Calibrated RBF SVM,1,1,0.44140505473936753,0
2017-08-29,Calibrated RBF SVM,1,1,0.5185290993472639,1
2017-08-30,Calibrated RBF SVM,1,1,0.5313280642524466,1
2017-08-31,Calibrated RBF SVM,1,1,0.553589238918677,1
2017-09-01,Calibrated RBF SVM,1,0,0.4808032117734176,0
2017-09-05,Calibrated RBF SVM,1,1,0.5783340410538982,1
2017-09-06,Calibrated RBF SVM,1,0,0.47096397962087755,0
2017-09-07,Calibrated RBF SVM,1,0,0.45512341450145427,0
2017-09-08,Calibrated RBF SVM,1,1,0.5112144434127139,1
2017-09-11,Calibrated RBF SVM,1,1,0.48273837724309415,0
2017-09-12,Calibrated RBF SVM,1,1,0.458519658186632,0
2017-09-13,Calibrated RBF SVM,1,0,0.48351367540545825,0
2017-09-14,Calibrated RBF SVM,1,1,0.5269697284084166,1
2017-09-15,Calibrated RBF SVM,1,1,0.5230963471280834,1
2017-09-18,Calibrated RBF SVM,1,1,0.41441665199606303,0
2017-09-19,Calibrated RBF SVM,1,1,0.42196449217859805,0
2017-09-20,Calibrated RBF SVM,1,0,0.43104692919879944,0
2017-09-21,Calibrated RBF SVM,1,1,0.40023874405600396,0
2017-09-22,Calibrated RBF SVM,1,0,0.4302078984591157,0
2017-09-25,Calibrated RBF SVM,1,1,0.4566763777165084,0
2017-09-26,Calibrated RBF SVM,1,1,0.4462734261693037,0
2017-09-27,Calibrated RBF SVM,1,1,0.5118110727687498,1
2017-09-28,Calibrated RBF SVM,1,1,0.3867936482527991,0
2017-09-29,Calibrated RBF SVM,1,1,0.47540744279644676,0
2017-10-02,Calibrated RBF SVM,1,1,0.41431420348705134,0
2017-10-03,Calibrated RBF SVM,1,1,0.4641482115049557,0
2017-10-04,Calibrated RBF SVM,1,1,0.4477298436572545,0
2017-10-05,Calibrated RBF SVM,1,0,0.4556897604463463,0
2017-10-06,Calibrated RBF SVM,1,0,0.48075945898619166,0
2017-10-09,Calibrated RBF SVM,1,1,0.40141071076706947,0
2017-10-10,Calibrated RBF SVM,1,1,0.433732277364587,0
2017-10-11,Calibrated RBF SVM,1,0,0.43047344804202986,0
2017-10-12,Calibrated RBF SVM,1,1,0.4427102876066494,0
2017-10-13,Calibrated RBF SVM,1,1,0.4400719318588542,0
2017-10-16,Calibrated RBF SVM,1,1,0.4116217042420851,0
2017-10-17,Calibrated RBF SVM,1,1,0.41218284015990286,0
2017-10-18,Calibrated RBF SVM,1,1,0.4387309051605754,0
2017-10-19,Calibrated RBF SVM,1,1,0.4860487961308082,0
2017-10-20,Calibrated RBF SVM,1,0,0.5016224547501186,1
2017-10-23,Calibrated RBF SVM,1,1,0.47472744960871244,0
2017-10-24,Calibrated RBF SVM,1,0,0.49280681152037015,0
2017-10-25,Calibrated RBF SVM,1,1,0.5605516189679168,1
2017-10-26,Calibrated RBF SVM,1,1,0.44802016169561076,0
2017-10-27,Calibrated RBF SVM,1,0,0.45488798570084055,0
2017-10-30,Calibrated RBF SVM,1,1,0.44054153712719035,0
2017-10-31,Calibrated RBF SVM,1,1,0.43744351801645304,0
2017-11-01,Calibrated RBF SVM,1,1,0.4217264372411638,0
2017-11-02,Calibrated RBF SVM,1,1,0.4124808773445859,0
2017-11-03,Calibrated RBF SVM,1,1,0.41382022101102756,0
2017-11-06,Calibrated RBF SVM,1,0,0.41996676993888316,0
2017-11-07,Calibrated RBF SVM,1,1,0.45158773435013594,0
2017-11-08,Calibrated RBF SVM,1,0,0.41812674745391787,0
2017-11-09,Calibrated RBF SVM,1,0,0.5135714827681609,1
2017-11-10,Calibrated RBF SVM,1,1,0.4100831876081688,0
2017-11-13,Calibrated RBF SVM,1,0,0.42191692975941203,0
2017-11-14,Calibrated RBF SVM,1,0,0.4621457303544618,0
2017-11-15,Calibrated RBF SVM,1,1,0.5196343901426683,1
2017-11-16,Calibrated RBF SVM,1,0,0.4181075234757283,0
2017-11-17,Calibrated RBF SVM,1,1,0.45336267398448676,0
2017-11-20,Calibrated RBF SVM,1,1,0.40890502405457846,0
2017-11-21,Calibrated RBF SVM,1,0,0.456074858464426,0
2017-11-22,Calibrated RBF SVM,1,1,0.40462482337858313,0
2017-11-24,Calibrated RBF SVM,1,0,0.40766124571511647,0
2017-11-27,Calibrated RBF SVM,1,1,0.44941390382156016,0
2017-11-28,Calibrated RBF SVM,1,0,0.49082833148217314,0
2017-11-29,Calibrated RBF SVM,1,1,0.4760732173743573,0
2017-11-30,Calibrated RBF SVM,1,0,0.4960702289832423,0
2017-12-01,Calibrated RBF SVM,1,0,0.5055353323137958,1
2017-12-04,Calibrated RBF SVM,1,0,0.4644554859748604,0
2017-12-05,Calibrated RBF SVM,1,1,0.5089343320704544,1
2017-12-06,Calibrated RBF SVM,1,1,0.4493899164283666,0
2017-12-07,Calibrated RBF SVM,1,1,0.4480742836208475,0
2017-12-08,Calibrated RBF SVM,1,1,0.4461848352410865,0
2017-12-11,Calibrated RBF SVM,1,1,0.4619553212038334,0
2017-12-12,Calibrated RBF SVM,1,0,0.4644431802811894,0
2017-12-13,Calibrated RBF SVM,1,0,0.49075918658664114,0
2017-12-14,Calibrated RBF SVM,1,1,0.458844327818783,0
2017-12-15,Calibrated RBF SVM,1,1,0.4741573430978148,0
2017-12-18,Calibrated RBF SVM,1,0,0.46471803999259914,0
2017-12-19,Calibrated RBF SVM,1,0,0.47420548299805604,0
2017-12-20,Calibrated RBF SVM,1,1,0.4455106720837763,0
2017-12-21,Calibrated RBF SVM,1,0,0.439137366004261,0
2017-12-22,Calibrated RBF SVM,1,0,0.4427554867711006,0
2017-12-26,Calibrated RBF SVM,1,1,0.4303977290650813,0
2017-12-27,Calibrated RBF SVM,1,1,0.44415231057753796,0
2017-12-28,Calibrated RBF SVM,1,0,0.4168229034509047,0
2017-12-29,Calibrated RBF SVM,1,1,0.4888400063777996,0
2018-01-02,Calibrated RBF SVM,1,1,0.45041738907350837,0
2018-01-03,Calibrated RBF SVM,1,1,0.4642141032825509,0
2018-01-04,Calibrated RBF SVM,1,1,0.4692884803708692,0
2018-01-05,Calibrated RBF SVM,1,1,0.46308035597665986,0
2018-01-08,Calibrated RBF SVM,1,1,0.44490438946248106,0
2018-01-09,Calibrated RBF SVM,1,0,0.47051284723081843,0
2018-01-10,Calibrated RBF SVM,1,1,0.46883971137205194,0
2018-01-11,Calibrated RBF SVM,1,1,0.4576082591802099,0
2018-01-12,Calibrated RBF SVM,2,0,0.5262431416958622,1
2018-01-16,Calibrated RBF SVM,2,1,0.5501633142399484,1
2018-01-17,Calibrated RBF SVM,2,0,0.5186707275145819,1
2018-01-18,Calibrated RBF SVM,2,1,0.5117451037668285,1
2018-01-19,Calibrated RBF SVM,2,1,0.5230276949097501,1
2018-01-22,Calibrated RBF SVM,2,1,0.5113652378144441,1
2018-01-23,Calibrated RBF SVM,2,0,0.5251960417204476,1
2018-01-24,Calibrated RBF SVM,2,1,0.543487823650627,1
2018-01-25,Calibrated RBF SVM,2,1,0.5099500933253881,1
2018-01-26,Calibrated RBF SVM,2,0,0.5226141301080347,1
2018-01-29,Calibrated RBF SVM,2,0,0.5238008379626409,1
2018-01-30,Calibrated RBF SVM,2,1,0.5612920052497681,1
2018-01-31,Calibrated RBF SVM,2,0,0.5146638940540958,1
2018-02-01,Calibrated RBF SVM,2,0,0.5109217736606579,1
2018-02-02,Calibrated RBF SVM,2,0,0.5269412795512988,1
2018-02-05,Calibrated RBF SVM,2,1,0.5376978617168147,1
2018-02-06,Calibrated RBF SVM,2,0,0.5379227377601303,1
2018-02-07,Calibrated RBF SVM,2,0,0.5375654093927459,1
2018-02-08,Calibrated RBF SVM,2,1,0.5385741577826493,1
2018-02-09,Calibrated RBF SVM,2,1,0.5386060810484448,1
2018-02-12,Calibrated RBF SVM,2,1,0.5402844701776791,1
2018-02-13,Calibrated RBF SVM,2,1,0.54126561380858,1
2018-02-14,Calibrated RBF SVM,2,1,0.5401033370502059,1
2018-02-15,Calibrated RBF SVM,2,1,0.543503603557872,1
2018-02-16,Calibrated RBF SVM,2,0,0.5466330696429299,1
2018-02-20,Calibrated RBF SVM,2,0,0.5434208856339825,1
2018-02-21,Calibrated RBF SVM,2,1,0.5443121722962384,1
2018-02-22,Calibrated RBF SVM,2,1,0.5468337686080909,1
2018-02-23,Calibrated RBF SVM,2,1,0.5383832445344124,1
2018-02-26,Calibrated RBF SVM,2,0,0.5513237674873789,1
2018-02-27,Calibrated RBF SVM,2,0,0.5443848802294277,1
2018-02-28,Calibrated RBF SVM,2,0,0.5390091604832378,1
2018-03-01,Calibrated RBF SVM,2,1,0.5400729751975691,1
2018-03-02,Calibrated RBF SVM,2,1,0.5425766585822815,1
2018-03-05,Calibrated RBF SVM,2,1,0.5356302034930799,1
2018-03-06,Calibrated RBF SVM,2,0,0.5467047716450092,1
2018-03-07,Calibrated RBF SVM,2,1,0.5549146860944263,1
2018-03-08,Calibrated RBF SVM,2,1,0.5618959941652887,1
2018-03-09,Calibrated RBF SVM,2,0,0.5678669831358817,1
2018-03-12,Calibrated RBF SVM,2,0,0.5521876780858564,1
2018-03-13,Calibrated RBF SVM,2,0,0.5459689526574992,1
2018-03-14,Calibrated RBF SVM,2,0,0.5459745558620458,1
2018-03-15,Calibrated RBF SVM,2,1,0.5427412410759764,1
2018-03-16,Calibrated RBF SVM,2,0,0.557711349268445,1
2018-03-19,Calibrated RBF SVM,2,1,0.5592612105738305,1
2018-03-20,Calibrated RBF SVM,2,0,0.5470911789742713,1
2018-03-21,Calibrated RBF SVM,2,0,0.5556745593379312,1
2018-03-22,Calibrated RBF SVM,2,0,0.5404163377635272,1
2018-03-23,Calibrated RBF SVM,2,1,0.556098113438611,1
2018-03-26,Calibrated RBF SVM,2,0,0.5495660522015893,1
2018-03-27,Calibrated RBF SVM,2,0,0.5451745024632256,1
2018-03-28,Calibrated RBF SVM,2,1,0.5537771171201825,1
2018-03-29,Calibrated RBF SVM,2,0,0.5567888895647632,1
2018-04-02,Calibrated RBF SVM,2,1,0.554258481243712,1
2018-04-03,Calibrated RBF SVM,2,1,0.5682092264712955,1
2018-04-04,Calibrated RBF SVM,2,1,0.5518000378274017,1
2018-04-05,Calibrated RBF SVM,2,0,0.5838746415398302,1
2018-04-06,Calibrated RBF SVM,2,1,0.5495440411363338,1
2018-04-09,Calibrated RBF SVM,2,1,0.5501256863490812,1
2018-04-10,Calibrated RBF SVM,2,0,0.5595389823076934,1
2018-04-11,Calibrated RBF SVM,2,1,0.5607401368927126,1
2018-04-12,Calibrated RBF SVM,2,0,0.5519503894322804,1
2018-04-13,Calibrated RBF SVM,2,1,0.556281546728011,1
2018-04-16,Calibrated RBF SVM,2,1,0.5464437087979338,1
2018-04-17,Calibrated RBF SVM,2,1,0.5450920488555658,1
2018-04-18,Calibrated RBF SVM,2,0,0.5624429060316116,1
2018-04-19,Calibrated RBF SVM,2,0,0.5679608522944048,1
2018-04-20,Calibrated RBF SVM,2,0,0.5514149778819054,1
2018-04-23,Calibrated RBF SVM,2,0,0.5505631662267113,1
2018-04-24,Calibrated RBF SVM,2,1,0.5422081903363241,1
2018-04-25,Calibrated RBF SVM,2,1,0.5703074228739329,1
2018-04-26,Calibrated RBF SVM,2,1,0.5556928952541069,1
2018-04-27,Calibrated RBF SVM,2,0,0.5530512896919776,1
2018-04-30,Calibrated RBF SVM,2,1,0.5472473103795449,1
2018-05-01,Calibrated RBF SVM,2,0,0.5720990656866122,1
2018-05-02,Calibrated RBF SVM,2,0,0.5697012762024184,1
2018-05-03,Calibrated RBF SVM,2,1,0.5728970838262805,1
2018-05-04,Calibrated RBF SVM,2,1,0.5566844214838175,1
2018-05-07,Calibrated RBF SVM,2,0,0.5576019918396082,1
2018-05-08,Calibrated RBF SVM,2,1,0.5645920673872943,1
2018-05-09,Calibrated RBF SVM,2,1,0.5529050487628125,1
2018-05-10,Calibrated RBF SVM,2,1,0.5602242098284093,1
2018-05-11,Calibrated RBF SVM,2,1,0.5688504648910201,1
2018-05-14,Calibrated RBF SVM,2,0,0.5375477703240017,1
2018-05-15,Calibrated RBF SVM,2,1,0.5575635990022962,1
2018-05-16,Calibrated RBF SVM,2,0,0.5325146054043755,1
2018-05-17,Calibrated RBF SVM,2,0,0.5549724426591114,1
2018-05-18,Calibrated RBF SVM,2,1,0.5428415993057933,1
2018-05-21,Calibrated RBF SVM,2,0,0.5372365758480866,1
2018-05-22,Calibrated RBF SVM,2,1,0.5301563021982274,1
2018-05-23,Calibrated RBF SVM,2,0,0.5407055225960575,1
2018-05-24,Calibrated RBF SVM,2,0,0.5456901521226369,1
2018-05-25,Calibrated RBF SVM,2,0,0.5245560266241361,1
2018-05-29,Calibrated RBF SVM,2,1,0.5888406410098703,1
2018-05-30,Calibrated RBF SVM,2,0,0.5306775881548393,1
2018-05-31,Calibrated RBF SVM,2,1,0.5520220191600295,1
2018-06-01,Calibrated RBF SVM,2,1,0.5297863247391598,1
2018-06-04,Calibrated RBF SVM,2,1,0.5023602184041974,1
2018-06-05,Calibrated RBF SVM,2,1,0.5189120708210254,1
2018-06-06,Calibrated RBF SVM,2,0,0.5475757828055173,1
2018-06-07,Calibrated RBF SVM,2,1,0.5373845094649438,1
2018-06-08,Calibrated RBF SVM,2,1,0.5298287577765372,1
2018-06-11,Calibrated RBF SVM,2,1,0.5159634871357635,1
2018-06-12,Calibrated RBF SVM,2,0,0.5390563212494751,1
2018-06-13,Calibrated RBF SVM,2,1,0.5379681988975334,1
2018-06-14,Calibrated RBF SVM,2,0,0.5257344004625383,1
2018-06-15,Calibrated RBF SVM,2,0,0.5590701580346723,1
2018-06-18,Calibrated RBF SVM,2,0,0.48082132023938207,0
2018-06-19,Calibrated RBF SVM,2,1,0.5461242852135292,1
2018-06-20,Calibrated RBF SVM,2,0,0.47944861187442783,0
2018-06-21,Calibrated RBF SVM,2,1,0.5088129186292698,1
2018-06-22,Calibrated RBF SVM,2,0,0.4904884130967881,0
2018-06-25,Calibrated RBF SVM,2,1,0.576784566283257,1
2018-06-26,Calibrated RBF SVM,2,0,0.5450725545308451,1
2018-06-27,Calibrated RBF SVM,2,1,0.562072089180479,1
2018-06-28,Calibrated RBF SVM,2,1,0.518681101050714,1
2018-06-29,Calibrated RBF SVM,2,1,0.5255872742824269,1
2018-07-02,Calibrated RBF SVM,2,0,0.5013016120604645,1
2018-07-03,Calibrated RBF SVM,2,1,0.48948807731093535,0
2018-07-05,Calibrated RBF SVM,2,1,0.5152573398619783,1
2018-07-06,Calibrated RBF SVM,2,1,0.5118995882961394,1
2018-07-09,Calibrated RBF SVM,2,1,0.504839804778313,1
2018-07-10,Calibrated RBF SVM,2,0,0.5173113735687741,1
2018-07-11,Calibrated RBF SVM,2,1,0.5521495844627101,1
2018-07-12,Calibrated RBF SVM,2,1,0.5256400251786876,1
2018-07-13,Calibrated RBF SVM,2,0,0.5059267860658379,1
2018-07-16,Calibrated RBF SVM,2,1,0.5041131095185434,1
2018-07-17,Calibrated RBF SVM,2,1,0.5221612144477774,1
2018-07-18,Calibrated RBF SVM,2,0,0.515986915043752,1
2018-07-19,Calibrated RBF SVM,2,0,0.5481004103768533,1
2018-07-20,Calibrated RBF SVM,2,1,0.5698966520347306,1
2018-07-23,Calibrated RBF SVM,2,1,0.48711991001752225,0
2018-07-24,Calibrated RBF SVM,2,1,0.5753556736235901,1
2018-07-25,Calibrated RBF SVM,2,0,0.5616828230038587,1
2018-07-26,Calibrated RBF SVM,2,0,0.5379926453496936,1
2018-07-27,Calibrated RBF SVM,2,0,0.545681541986431,1
2018-07-30,Calibrated RBF SVM,2,1,0.5449584242530834,1
2018-07-31,Calibrated RBF SVM,2,0,0.5562299994288139,1
2018-08-01,Calibrated RBF SVM,2,1,0.5255969942808274,1
2018-08-02,Calibrated RBF SVM,2,1,0.5081028613883419,1
2018-08-03,Calibrated RBF SVM,2,1,0.4852562462418703,0
2018-08-06,Calibrated RBF SVM,2,1,0.46487757024573745,0
2018-08-07,Calibrated RBF SVM,2,0,0.4852376064942557,0
2018-08-08,Calibrated RBF SVM,2,0,0.4827165345725086,0
2018-08-09,Calibrated RBF SVM,2,0,0.45889049165811757,0
2018-08-10,Calibrated RBF SVM,2,0,0.5713918578417149,1
2018-08-13,Calibrated RBF SVM,2,1,0.5427889517337084,1
2018-08-14,Calibrated RBF SVM,2,0,0.4789339664788847,0
2018-08-15,Calibrated RBF SVM,2,1,0.5807374042349566,1
2018-08-16,Calibrated RBF SVM,2,1,0.4854428180693522,0
2018-08-17,Calibrated RBF SVM,2,1,0.5003987329362171,1
2018-08-20,Calibrated RBF SVM,2,1,0.4670034550709987,0
2018-08-21,Calibrated RBF SVM,2,0,0.5409720097779863,1
2018-08-22,Calibrated RBF SVM,2,0,0.47721303554718214,0
2018-08-23,Calibrated RBF SVM,2,1,0.5083580803119584,1
2018-08-24,Calibrated RBF SVM,2,1,0.5140203116559017,1
2018-08-27,Calibrated RBF SVM,2,1,0.5202318313244961,1
2018-08-28,Calibrated RBF SVM,2,1,0.4842795128379995,0
2018-08-29,Calibrated RBF SVM,2,0,0.537332021042547,1
2018-08-30,Calibrated RBF SVM,2,1,0.5129028180435795,1
2018-08-31,Calibrated RBF SVM,2,0,0.5158949878663667,1
2018-09-04,Calibrated RBF SVM,2,0,0.5044200019878953,1
2018-09-05,Calibrated RBF SVM,2,0,0.519874592014538,1
2018-09-06,Calibrated RBF SVM,2,0,0.5023265729715399,1
2018-09-07,Calibrated RBF SVM,2,1,0.5370088396042492,1
2018-09-10,Calibrated RBF SVM,2,1,0.4821595799124529,0
2018-09-11,Calibrated RBF SVM,2,1,0.491374029521024,0
2018-09-12,Calibrated RBF SVM,2,1,0.5060215048997453,1
2018-09-13,Calibrated RBF SVM,2,1,0.47047990775901577,0
2018-09-14,Calibrated RBF SVM,2,0,0.47971921327272854,0
2018-09-17,Calibrated RBF SVM,2,1,0.5160208457357373,1
2018-09-18,Calibrated RBF SVM,2,1,0.49653107610508823,0
2018-09-19,Calibrated RBF SVM,2,1,0.4658135891866188,0
2018-09-20,Calibrated RBF SVM,2,0,0.5275860611265745,1
2018-09-21,Calibrated RBF SVM,2,0,0.5269325616591634,1
2018-09-24,Calibrated RBF SVM,2,0,0.45655784318574516,0
2018-09-25,Calibrated RBF SVM,2,0,0.4560248742735402,0
2018-09-26,Calibrated RBF SVM,2,1,0.5352620995549312,1
2018-09-27,Calibrated RBF SVM,2,1,0.4778320872211043,0
2018-09-28,Calibrated RBF SVM,2,1,0.4914118587990748,0
2018-10-01,Calibrated RBF SVM,2,0,0.48576918548060427,0
2018-10-02,Calibrated RBF SVM,2,1,0.4652628002276915,0
2018-10-03,Calibrated RBF SVM,2,0,0.49342810701415846,0
2018-10-04,Calibrated RBF SVM,2,0,0.5444343130515472,1
2018-10-05,Calibrated RBF SVM,2,0,0.5377137164990012,1
2018-10-08,Calibrated RBF SVM,2,0,0.5215462179350684,1
2018-10-09,Calibrated RBF SVM,2,0,0.5228728036090532,1
2018-10-10,Calibrated RBF SVM,2,0,0.5380228958320273,1
2018-10-11,Calibrated RBF SVM,2,1,0.5345714300085679,1
2018-10-12,Calibrated RBF SVM,2,0,0.5394902120820108,1
2018-10-15,Calibrated RBF SVM,2,1,0.5299819111655076,1
2018-10-16,Calibrated RBF SVM,2,1,0.5358398383083482,1
2018-10-17,Calibrated RBF SVM,2,0,0.5535021218184782,1
2018-10-18,Calibrated RBF SVM,2,0,0.5652134335451983,1
2018-10-19,Calibrated RBF SVM,2,0,0.550597615760103,1
2018-10-22,Calibrated RBF SVM,2,0,0.5459455915174806,1
2018-10-23,Calibrated RBF SVM,2,0,0.5527916830685456,1
2018-10-24,Calibrated RBF SVM,2,1,0.5489260745486586,1
2018-10-25,Calibrated RBF SVM,2,0,0.5450211605940626,1
2018-10-26,Calibrated RBF SVM,2,0,0.5398452595360661,1
2018-10-29,Calibrated RBF SVM,2,1,0.544453126180169,1
2018-10-30,Calibrated RBF SVM,2,1,0.5528715808849797,1
2018-10-31,Calibrated RBF SVM,2,1,0.560104177184891,1
2018-11-01,Calibrated RBF SVM,2,0,0.5563487036396294,1
2018-11-02,Calibrated RBF SVM,2,1,0.5646570033365196,1
2018-11-05,Calibrated RBF SVM,2,1,0.555442152550624,1
2018-11-06,Calibrated RBF SVM,2,1,0.5337620934062536,1
2018-11-07,Calibrated RBF SVM,2,0,0.5326330123733708,1
2018-11-08,Calibrated RBF SVM,2,0,0.5659741198567493,1
2018-11-09,Calibrated RBF SVM,2,0,0.568725641595073,1
2018-11-12,Calibrated RBF SVM,2,0,0.5374436244539578,1
2018-11-13,Calibrated RBF SVM,2,0,0.5417705878050655,1
2018-11-14,Calibrated RBF SVM,2,1,0.5430110694498705,1
2018-11-15,Calibrated RBF SVM,2,1,0.5562988842612047,1
2018-11-16,Calibrated RBF SVM,2,0,0.556282892092629,1
2018-11-19,Calibrated RBF SVM,2,0,0.5543896137354786,1
2018-11-20,Calibrated RBF SVM,2,1,0.5620408608671946,1
2018-11-21,Calibrated RBF SVM,2,0,0.5452764902049545,1
2018-11-23,Calibrated RBF SVM,2,1,0.5374195875702442,1
2018-11-26,Calibrated RBF SVM,2,1,0.5545783739843455,1
2018-11-27,Calibrated RBF SVM,2,1,0.5566338793557523,1
2018-11-28,Calibrated RBF SVM,2,0,0.5534631013460879,1
2018-11-29,Calibrated RBF SVM,2,1,0.5703015045155071,1
2018-11-30,Calibrated RBF SVM,2,1,0.5678848598881617,1
2018-12-03,Calibrated RBF SVM,2,0,0.5559675508356984,1
2018-12-04,Calibrated RBF SVM,2,0,0.5296156126170803,1
2018-12-06,Calibrated RBF SVM,2,0,0.5430005228781533,1
2018-12-07,Calibrated RBF SVM,2,1,0.5449635567271641,1
2018-12-10,Calibrated RBF SVM,2,1,0.5485734381674159,1
2018-12-11,Calibrated RBF SVM,2,1,0.5528201886317582,1
2018-12-12,Calibrated RBF SVM,2,0,0.5491164256411659,1
2018-12-13,Calibrated RBF SVM,2,0,0.5652576756260702,1
2018-12-14,Calibrated RBF SVM,2,0,0.5657394364965946,1
2018-12-17,Calibrated RBF SVM,2,0,0.5618332596808338,1
2018-12-18,Calibrated RBF SVM,2,0,0.5606984302818055,1
2018-12-19,Calibrated RBF SVM,2,0,0.5394971545408002,1
2018-12-20,Calibrated RBF SVM,2,0,0.54484430190377,1
2018-12-21,Calibrated RBF SVM,2,0,0.5417346255708941,1
2018-12-24,Calibrated RBF SVM,2,1,0.5418373805826199,1
2018-12-26,Calibrated RBF SVM,2,1,0.5411044124109549,1
2018-12-27,Calibrated RBF SVM,2,0,0.5415884980607175,1
2018-12-28,Calibrated RBF SVM,2,1,0.539001379282419,1
2018-12-31,Calibrated RBF SVM,2,1,0.5291378676526466,1
2019-01-02,Calibrated RBF SVM,2,0,0.5388348676777389,1
2019-01-03,Calibrated RBF SVM,2,1,0.54546280358892,1
2019-01-04,Calibrated RBF SVM,2,1,0.5351713945832172,1
2019-01-07,Calibrated RBF SVM,2,1,0.5309149434658208,1
2019-01-08,Calibrated RBF SVM,2,1,0.5401585157081624,1
2019-01-09,Calibrated RBF SVM,2,1,0.5276642126158629,1
2019-01-10,Calibrated RBF SVM,2,1,0.5393903632586597,1
2019-01-11,Calibrated RBF SVM,3,0,0.5457859641682795,1
2019-01-14,Calibrated RBF SVM,3,1,0.5394377111332203,1
2019-01-15,Calibrated RBF SVM,3,1,0.5421530828080282,1
2019-01-16,Calibrated RBF SVM,3,1,0.539971996585349,1
2019-01-17,Calibrated RBF SVM,3,1,0.5483926741720213,1
2019-01-18,Calibrated RBF SVM,3,0,0.5557005481483885,1
2019-01-22,Calibrated RBF SVM,3,1,0.550116196451984,1
2019-01-23,Calibrated RBF SVM,3,1,0.5559637834633128,1
2019-01-24,Calibrated RBF SVM,3,1,0.5432610506292815,1
2019-01-25,Calibrated RBF SVM,3,0,0.5493353116003671,1
2019-01-28,Calibrated RBF SVM,3,0,0.5472148329055214,1
2019-01-29,Calibrated RBF SVM,3,1,0.5426836900516777,1
2019-01-30,Calibrated RBF SVM,3,1,0.5573130952661914,1
2019-01-31,Calibrated RBF SVM,3,1,0.5582449085753887,1
2019-02-01,Calibrated RBF SVM,3,1,0.5599700528686196,1
2019-02-04,Calibrated RBF SVM,3,1,0.538510773161161,1
2019-02-05,Calibrated RBF SVM,3,0,0.5560918599843259,1
2019-02-06,Calibrated RBF SVM,3,0,0.5509102853204261,1
2019-02-07,Calibrated RBF SVM,3,1,0.5582811835533761,1
2019-02-08,Calibrated RBF SVM,3,1,0.5390214112150673,1
2019-02-11,Calibrated RBF SVM,3,1,0.5417812549666846,1
2019-02-12,Calibrated RBF SVM,3,1,0.5501918602582659,1
2019-02-13,Calibrated RBF SVM,3,0,0.5404660302705248,1
2019-02-14,Calibrated RBF SVM,3,1,0.5476359309388988,1
2019-02-15,Calibrated RBF SVM,3,1,0.5510032622448257,1
2019-02-19,Calibrated RBF SVM,3,1,0.5242149408229166,1
2019-02-20,Calibrated RBF SVM,3,0,0.5498660205105427,1
2019-02-21,Calibrated RBF SVM,3,1,0.5234951736507245,1
2019-02-22,Calibrated RBF SVM,3,1,0.5386345976733194,1
2019-02-25,Calibrated RBF SVM,3,0,0.5395238259872616,1
2019-02-26,Calibrated RBF SVM,3,0,0.525237532041543,1
2019-02-27,Calibrated RBF SVM,3,0,0.5123036065471344,1
2019-02-28,Calibrated RBF SVM,3,1,0.52137956045465,1
2019-03-01,Calibrated RBF SVM,3,0,0.5292105472015467,1
2019-03-04,Calibrated RBF SVM,3,0,0.5331802276179949,1
2019-03-05,Calibrated RBF SVM,3,0,0.50619347405703,1
2019-03-06,Calibrated RBF SVM,3,0,0.515006894184634,1
2019-03-07,Calibrated RBF SVM,3,0,0.5312327285023014,1
2019-03-08,Calibrated RBF SVM,3,1,0.5222547847959816,1
2019-03-11,Calibrated RBF SVM,3,1,0.5101212068546032,1
2019-03-12,Calibrated RBF SVM,3,1,0.5300396056925071,1
2019-03-13,Calibrated RBF SVM,3,0,0.526939104597374,1
2019-03-14,Calibrated RBF SVM,3,1,0.5055729914056831,1
2019-03-15,Calibrated RBF SVM,3,1,0.5168373079229753,1
2019-03-18,Calibrated RBF SVM,3,1,0.5150830323773722,1
2019-03-19,Calibrated RBF SVM,3,0,0.5326483621146719,1
2019-03-20,Calibrated RBF SVM,3,1,0.5255764857829931,1
2019-03-21,Calibrated RBF SVM,3,0,0.5185502460177264,1
2019-03-22,Calibrated RBF SVM,3,0,0.5409113765225829,1
2019-03-25,Calibrated RBF SVM,3,1,0.5309182190360597,1
2019-03-26,Calibrated RBF SVM,3,0,0.5392176169019894,1
2019-03-27,Calibrated RBF SVM,3,1,0.5403865495383384,1
2019-03-28,Calibrated RBF SVM,3,1,0.5206455781655176,1
2019-03-29,Calibrated RBF SVM,3,1,0.5297719922648838,1
2019-04-01,Calibrated RBF SVM,3,1,0.5504477454558735,1
2019-04-02,Calibrated RBF SVM,3,1,0.5228427338636994,1
2019-04-03,Calibrated RBF SVM,3,1,0.5459446745253035,1
2019-04-04,Calibrated RBF SVM,3,1,0.5280515892499961,1
2019-04-05,Calibrated RBF SVM,3,1,0.5562349832278598,1
2019-04-08,Calibrated RBF SVM,3,0,0.5374116372594432,1
2019-04-09,Calibrated RBF SVM,3,1,0.543784228644127,1
2019-04-10,Calibrated RBF SVM,3,0,0.5294517899450609,1
2019-04-11,Calibrated RBF SVM,3,1,0.5266727850741332,1
2019-04-12,Calibrated RBF SVM,3,0,0.5484792660669048,1
2019-04-15,Calibrated RBF SVM,3,1,0.5190217965012213,1
2019-04-16,Calibrated RBF SVM,3,0,0.5316827231434846,1
2019-04-17,Calibrated RBF SVM,3,1,0.5320650489862017,1
2019-04-18,Calibrated RBF SVM,3,1,0.534179630890057,1
2019-04-22,Calibrated RBF SVM,3,1,0.5266308838916925,1
2019-04-23,Calibrated RBF SVM,3,0,0.5332807363750144,1
2019-04-24,Calibrated RBF SVM,3,0,0.521536974856276,1
2019-04-25,Calibrated RBF SVM,3,1,0.5210092124609161,1
2019-04-26,Calibrated RBF SVM,3,1,0.5017801028629644,1
2019-04-29,Calibrated RBF SVM,3,1,0.534436138755776,1
2019-04-30,Calibrated RBF SVM,3,0,0.5472743561044674,1
2019-05-01,Calibrated RBF SVM,3,0,0.5426935992939314,1
2019-05-02,Calibrated RBF SVM,3,1,0.5316672206480447,1
2019-05-03,Calibrated RBF SVM,3,0,0.5100011081716346,1
2019-05-06,Calibrated RBF SVM,3,0,0.5577996407165068,1
2019-05-07,Calibrated RBF SVM,3,0,0.5631721910108208,1
2019-05-08,Calibrated RBF SVM,3,0,0.550329113106743,1
2019-05-09,Calibrated RBF SVM,3,1,0.5478747285839515,1
2019-05-10,Calibrated RBF SVM,3,0,0.5454666878185774,1
2019-05-13,Calibrated RBF SVM,3,1,0.5539950465144703,1
2019-05-14,Calibrated RBF SVM,3,1,0.5339994240169379,1
2019-05-15,Calibrated RBF SVM,3,1,0.5404299423070458,1
2019-05-16,Calibrated RBF SVM,3,0,0.5558714892544883,1
2019-05-17,Calibrated RBF SVM,3,0,0.5593984119456453,1
2019-05-20,Calibrated RBF SVM,3,1,0.5639630750851578,1
2019-05-21,Calibrated RBF SVM,3,0,0.5646935237484022,1
2019-05-22,Calibrated RBF SVM,3,0,0.5674375277777078,1
2019-05-23,Calibrated RBF SVM,3,1,0.5873832716711563,1
2019-05-24,Calibrated RBF SVM,3,0,0.5654661763530495,1
2019-05-28,Calibrated RBF SVM,3,0,0.5672842825959808,1
2019-05-29,Calibrated RBF SVM,3,1,0.6032143995577713,1
2019-05-30,Calibrated RBF SVM,3,0,0.5896253694358455,1
2019-05-31,Calibrated RBF SVM,3,0,0.5894266312897467,1
2019-06-03,Calibrated RBF SVM,3,1,0.5950097908269757,1
2019-06-04,Calibrated RBF SVM,3,1,0.558814136484372,1
2019-06-05,Calibrated RBF SVM,3,1,0.5881790086946499,1
2019-06-06,Calibrated RBF SVM,3,1,0.5915278643760252,1
2019-06-07,Calibrated RBF SVM,3,1,0.5823080727799638,1
2019-06-10,Calibrated RBF SVM,3,0,0.5850112014126415,1
2019-06-11,Calibrated RBF SVM,3,0,0.5804268199580508,1
2019-06-12,Calibrated RBF SVM,3,1,0.5710940398609226,1
2019-06-13,Calibrated RBF SVM,3,0,0.5763512690118869,1
2019-06-14,Calibrated RBF SVM,3,1,0.5699973520399277,1
2019-06-17,Calibrated RBF SVM,3,1,0.5482443537407639,1
2019-06-18,Calibrated RBF SVM,3,1,0.5841171190777761,1
2019-06-19,Calibrated RBF SVM,3,1,0.5789872634063727,1
2019-06-20,Calibrated RBF SVM,3,0,0.5714340502047097,1
2019-06-21,Calibrated RBF SVM,3,0,0.5736995557890944,1
2019-06-24,Calibrated RBF SVM,3,0,0.5198040535623504,1
2019-06-25,Calibrated RBF SVM,3,0,0.5614893089914957,1
2019-06-26,Calibrated RBF SVM,3,1,0.5381692790276554,1
2019-06-27,Calibrated RBF SVM,3,1,0.5401983645925185,1
2019-06-28,Calibrated RBF SVM,3,1,0.5679493943673788,1
2019-07-01,Calibrated RBF SVM,3,1,0.562676535017832,1
2019-07-02,Calibrated RBF SVM,3,1,0.5192940304255161,1
2019-07-03,Calibrated RBF SVM,3,0,0.527375506108741,1
2019-07-05,Calibrated RBF SVM,3,0,0.5224371286839046,1
2019-07-08,Calibrated RBF SVM,3,1,0.527867065755652,1
2019-07-09,Calibrated RBF SVM,3,1,0.5085418064312535,1
2019-07-10,Calibrated RBF SVM,3,1,0.570357428144011,1
2019-07-11,Calibrated RBF SVM,3,1,0.5414673620910454,1
2019-07-12,Calibrated RBF SVM,3,1,0.5134104368357516,1
2019-07-15,Calibrated RBF SVM,3,0,0.49871030852648685,0
2019-07-16,Calibrated RBF SVM,3,0,0.510801297786756,1
2019-07-17,Calibrated RBF SVM,3,1,0.5126975215596968,1
2019-07-18,Calibrated RBF SVM,3,0,0.5405003071665043,1
2019-07-19,Calibrated RBF SVM,3,1,0.5410563336183981,1
2019-07-22,Calibrated RBF SVM,3,1,0.5421513968327326,1
2019-07-23,Calibrated RBF SVM,3,1,0.5392714100168742,1
2019-07-24,Calibrated RBF SVM,3,0,0.5506308974643203,1
2019-07-25,Calibrated RBF SVM,3,1,0.5566157139682391,1
2019-07-26,Calibrated RBF SVM,3,0,0.5312581280488304,1
2019-07-29,Calibrated RBF SVM,3,0,0.5205399259894717,1
2019-07-30,Calibrated RBF SVM,3,0,0.5503458960867443,1
2019-07-31,Calibrated RBF SVM,3,0,0.5639908539095618,1
2019-08-01,Calibrated RBF SVM,3,0,0.5709521702810348,1
2019-08-02,Calibrated RBF SVM,3,0,0.5777134975935366,1
2019-08-05,Calibrated RBF SVM,3,1,0.5370658108637704,1
2019-08-06,Calibrated RBF SVM,3,1,0.5500930591134184,1
2019-08-07,Calibrated RBF SVM,3,1,0.5632168266279769,1
2019-08-08,Calibrated RBF SVM,3,0,0.5514391286363715,1
2019-08-09,Calibrated RBF SVM,3,0,0.5622434679978138,1
2019-08-12,Calibrated RBF SVM,3,1,0.5633637182362228,1
2019-08-13,Calibrated RBF SVM,3,0,0.5419227416547483,1
2019-08-14,Calibrated RBF SVM,3,1,0.5489909205141218,1
2019-08-15,Calibrated RBF SVM,3,1,0.5595482595423423,1
2019-08-16,Calibrated RBF SVM,3,1,0.5570793815584589,1
2019-08-19,Calibrated RBF SVM,3,0,0.5527877808480197,1
2019-08-20,Calibrated RBF SVM,3,1,0.5610418978849475,1
2019-08-21,Calibrated RBF SVM,3,0,0.5754719996015601,1
2019-08-22,Calibrated RBF SVM,3,0,0.5756324352972239,1
2019-08-23,Calibrated RBF SVM,3,1,0.5490639954049229,1
2019-08-26,Calibrated RBF SVM,3,0,0.5579399049979893,1
2019-08-27,Calibrated RBF SVM,3,1,0.5580613605381395,1
2019-08-28,Calibrated RBF SVM,3,1,0.5603542217198332,1
2019-08-29,Calibrated RBF SVM,3,0,0.561973831792335,1
2019-08-30,Calibrated RBF SVM,3,0,0.5769975014366064,1
2019-09-03,Calibrated RBF SVM,3,1,0.5760965253351554,1
2019-09-04,Calibrated RBF SVM,3,1,0.5796425684549048,1
2019-09-05,Calibrated RBF SVM,3,1,0.5815071252604419,1
2019-09-06,Calibrated RBF SVM,3,1,0.5845762458192453,1
2019-09-09,Calibrated RBF SVM,3,0,0.5759703196955095,1
2019-09-10,Calibrated RBF SVM,3,1,0.5909041719540377,1
2019-09-11,Calibrated RBF SVM,3,1,0.5969179997441804,1
2019-09-12,Calibrated RBF SVM,3,0,0.5984583565997325,1
2019-09-13,Calibrated RBF SVM,3,0,0.5843704920799678,1
2019-09-16,Calibrated RBF SVM,3,1,0.5688754269941532,1
2019-09-17,Calibrated RBF SVM,3,1,0.5487045892602292,1
2019-09-18,Calibrated RBF SVM,3,0,0.5744575867336997,1
2019-09-19,Calibrated RBF SVM,3,0,0.5716468671256395,1
2019-09-20,Calibrated RBF SVM,3,0,0.5608456521458117,1
2019-09-23,Calibrated RBF SVM,3,0,0.5322451238146263,1
2019-09-24,Calibrated RBF SVM,3,1,0.5624090246863823,1
2019-09-25,Calibrated RBF SVM,3,0,0.5386369221146242,1
2019-09-26,Calibrated RBF SVM,3,0,0.5234027042729837,1
2019-09-27,Calibrated RBF SVM,3,1,0.5438824077361383,1
2019-09-30,Calibrated RBF SVM,3,0,0.5210400320730345,1
2019-10-01,Calibrated RBF SVM,3,0,0.549020775194045,1
2019-10-02,Calibrated RBF SVM,3,1,0.5713648406937059,1
2019-10-03,Calibrated RBF SVM,3,1,0.5516370500066602,1
2019-10-04,Calibrated RBF SVM,3,0,0.5105556771590134,1
2019-10-07,Calibrated RBF SVM,3,0,0.5239899645144711,1
2019-10-08,Calibrated RBF SVM,3,1,0.559571231430497,1
2019-10-09,Calibrated RBF SVM,3,1,0.5614287049112625,1
2019-10-10,Calibrated RBF SVM,3,1,0.5430728413538497,1
2019-10-11,Calibrated RBF SVM,3,0,0.5417687632539182,1
2019-10-14,Calibrated RBF SVM,3,1,0.5370758056712952,1
2019-10-15,Calibrated RBF SVM,3,0,0.5533027637072473,1
2019-10-16,Calibrated RBF SVM,3,1,0.5562032266598452,1
2019-10-17,Calibrated RBF SVM,3,0,0.5601076479732673,1
2019-10-18,Calibrated RBF SVM,3,1,0.5575788149597146,1
2019-10-21,Calibrated RBF SVM,3,0,0.5489859965808926,1
2019-10-22,Calibrated RBF SVM,3,1,0.5471916314870592,1
2019-10-23,Calibrated RBF SVM,3,1,0.5481356848488655,1
2019-10-24,Calibrated RBF SVM,3,1,0.549701755870187,1
2019-10-25,Calibrated RBF SVM,3,1,0.567641179733508,1
2019-10-28,Calibrated RBF SVM,3,0,0.5623665576481027,1
2019-10-29,Calibrated RBF SVM,3,1,0.5640939468170966,1
2019-10-30,Calibrated RBF SVM,3,0,0.5748982240754335,1
2019-10-31,Calibrated RBF SVM,3,1,0.5615783951943395,1
2019-11-01,Calibrated RBF SVM,3,1,0.5557751339716082,1
2019-11-04,Calibrated RBF SVM,3,0,0.5528423288568017,1
2019-11-05,Calibrated RBF SVM,3,1,0.5351560047578695,1
2019-11-06,Calibrated RBF SVM,3,1,0.526362539871107,1
2019-11-07,Calibrated RBF SVM,3,1,0.5432479736672583,1
2019-11-08,Calibrated RBF SVM,3,0,0.5149009024510557,1
2019-11-11,Calibrated RBF SVM,3,1,0.4983499063847236,0
2019-11-12,Calibrated RBF SVM,3,1,0.5288175137677232,1
2019-11-13,Calibrated RBF SVM,3,1,0.5263657105114522,1
2019-11-14,Calibrated RBF SVM,3,1,0.5116569300340068,1
2019-11-15,Calibrated RBF SVM,3,1,0.531784686706176,1
2019-11-18,Calibrated RBF SVM,3,0,0.5034896679858551,1
2019-11-19,Calibrated RBF SVM,3,0,0.5425121118679479,1
2019-11-20,Calibrated RBF SVM,3,0,0.5435889068937699,1
2019-11-21,Calibrated RBF SVM,3,1,0.48542580937965457,0
2019-11-22,Calibrated RBF SVM,3,1,0.4795812077411567,0
2019-11-25,Calibrated RBF SVM,3,1,0.49519495546831127,0
2019-11-26,Calibrated RBF SVM,3,1,0.48409385406324185,0
2019-11-27,Calibrated RBF SVM,3,0,0.49868379436800253,0
2019-11-29,Calibrated RBF SVM,3,0,0.48350535666957156,0
2019-12-02,Calibrated RBF SVM,3,0,0.5526765599766933,1
2019-12-03,Calibrated RBF SVM,3,1,0.539422648428321,1
2019-12-04,Calibrated RBF SVM,3,1,0.5081599010037062,1
2019-12-05,Calibrated RBF SVM,3,1,0.4942565048781893,0
2019-12-06,Calibrated RBF SVM,3,0,0.506522478646196,1
2019-12-09,Calibrated RBF SVM,3,0,0.4866799158696842,0
2019-12-10,Calibrated RBF SVM,3,1,0.5255005645047036,1
2019-12-11,Calibrated RBF SVM,3,1,0.5072580810568071,1
2019-12-12,Calibrated RBF SVM,3,1,0.5428465436767852,1
2019-12-13,Calibrated RBF SVM,3,1,0.5417375110014836,1
2019-12-16,Calibrated RBF SVM,3,1,0.5365019049071263,1
2019-12-17,Calibrated RBF SVM,3,1,0.5201771222224302,1
2019-12-18,Calibrated RBF SVM,3,1,0.505865354813548,1
2019-12-19,Calibrated RBF SVM,3,1,0.5437596875458853,1
2019-12-20,Calibrated RBF SVM,3,1,0.5689535877921202,1
2019-12-23,Calibrated RBF SVM,3,1,0.5151915723694908,1
2019-12-24,Calibrated RBF SVM,3,1,0.49276236961427866,0
2019-12-26,Calibrated RBF SVM,3,0,0.5117613686640391,1
2019-12-27,Calibrated RBF SVM,3,0,0.5116568510701951,1
2019-12-30,Calibrated RBF SVM,3,1,0.5319128983197658,1
2019-12-31,Calibrated RBF SVM,3,1,0.5382343701811639,1
2020-01-02,Calibrated RBF SVM,3,0,0.5383942405553374,1
2020-01-03,Calibrated RBF SVM,3,1,0.555322861419682,1
2020-01-06,Calibrated RBF SVM,3,0,0.5161554648156889,1
2020-01-07,Calibrated RBF SVM,3,1,0.5091418785755074,1
2020-01-08,Calibrated RBF SVM,3,1,0.5547999472467201,1
2020-01-09,Calibrated RBF SVM,4,0,0.5414907506754608,1
2020-01-10,Calibrated RBF SVM,4,1,0.5403148989631207,1
2020-01-13,Calibrated RBF SVM,4,0,0.5413204759648153,1
2020-01-14,Calibrated RBF SVM,4,1,0.5509475233590954,1
2020-01-15,Calibrated RBF SVM,4,1,0.5474618706308504,1
2020-01-16,Calibrated RBF SVM,4,1,0.5390849742711632,1
2020-01-17,Calibrated RBF SVM,4,0,0.5539607965519839,1
2020-01-21,Calibrated RBF SVM,4,1,0.544177448897779,1
2020-01-22,Calibrated RBF SVM,4,1,0.5417635315877485,1
2020-01-23,Calibrated RBF SVM,4,0,0.536541372159158,1
2020-01-24,Calibrated RBF SVM,4,0,0.5424349625376069,1
2020-01-27,Calibrated RBF SVM,4,1,0.5593391654791358,1
2020-01-28,Calibrated RBF SVM,4,0,0.5617624562080475,1
2020-01-29,Calibrated RBF SVM,4,1,0.5526818646334414,1
2020-01-30,Calibrated RBF SVM,4,0,0.5506339221168274,1
2020-01-31,Calibrated RBF SVM,4,1,0.5505645743464037,1
2020-02-03,Calibrated RBF SVM,4,1,0.5559166778368948,1
2020-02-04,Calibrated RBF SVM,4,1,0.5569018422331878,1
2020-02-05,Calibrated RBF SVM,4,1,0.5623478099233697,1
2020-02-06,Calibrated RBF SVM,4,0,0.5611927282274507,1
2020-02-07,Calibrated RBF SVM,4,1,0.5536016730462768,1
2020-02-10,Calibrated RBF SVM,4,1,0.554213828451901,1
2020-02-11,Calibrated RBF SVM,4,1,0.556393276209722,1
2020-02-12,Calibrated RBF SVM,4,0,0.5581259350933058,1
2020-02-13,Calibrated RBF SVM,4,1,0.5535174819778566,1
2020-02-14,Calibrated RBF SVM,4,0,0.5488959729323811,1
2020-02-18,Calibrated RBF SVM,4,1,0.5468930818659711,1
2020-02-19,Calibrated RBF SVM,4,0,0.5536309818225099,1
2020-02-20,Calibrated RBF SVM,4,0,0.5482292015059113,1
2020-02-21,Calibrated RBF SVM,4,0,0.5510972053495226,1
2020-02-24,Calibrated RBF SVM,4,0,0.5552983905349363,1
2020-02-25,Calibrated RBF SVM,4,0,0.5519114104299025,1
2020-02-26,Calibrated RBF SVM,4,0,0.5547899764483598,1
2020-02-27,Calibrated RBF SVM,4,0,0.5535872005154706,1
2020-02-28,Calibrated RBF SVM,4,1,0.5536492054052824,1
2020-03-02,Calibrated RBF SVM,4,0,0.5530133615980338,1
2020-03-03,Calibrated RBF SVM,4,1,0.5532047586826278,1
2020-03-04,Calibrated RBF SVM,4,0,0.5538884785349274,1
2020-03-05,Calibrated RBF SVM,4,0,0.5524222955923191,1
2020-03-06,Calibrated RBF SVM,4,0,0.552764462855515,1
2020-03-09,Calibrated RBF SVM,4,1,0.5535303677258677,1
2020-03-10,Calibrated RBF SVM,4,0,0.5535009989501666,1
2020-03-11,Calibrated RBF SVM,4,0,0.5535279685130191,1
2020-03-12,Calibrated RBF SVM,4,1,0.5535300106555258,1
2020-03-13,Calibrated RBF SVM,4,0,0.5535300106000992,1
2020-03-16,Calibrated RBF SVM,4,1,0.5535300106299433,1
2020-03-17,Calibrated RBF SVM,4,0,0.5535300106299353,1
2020-03-18,Calibrated RBF SVM,4,1,0.5535300106299433,1
2020-03-19,Calibrated RBF SVM,4,0,0.5535300106299424,1
2020-03-20,Calibrated RBF SVM,4,0,0.5535300106299167,1
2020-03-23,Calibrated RBF SVM,4,1,0.5535300106299327,1
2020-03-24,Calibrated RBF SVM,4,1,0.5535300106284394,1
2020-03-25,Calibrated RBF SVM,4,1,0.5535300106299346,1
2020-03-26,Calibrated RBF SVM,4,0,0.5535300106373247,1
2020-03-27,Calibrated RBF SVM,4,1,0.5535300106340101,1
2020-03-30,Calibrated RBF SVM,4,0,0.5535300127647363,1
2020-03-31,Calibrated RBF SVM,4,0,0.5535300591268704,1
2020-04-01,Calibrated RBF SVM,4,1,0.553530010605794,1
2020-04-02,Calibrated RBF SVM,4,0,0.5535299023551034,1
2020-04-03,Calibrated RBF SVM,4,1,0.5535297525731415,1
2020-04-06,Calibrated RBF SVM,4,1,0.5535300105357667,1
2020-04-07,Calibrated RBF SVM,4,1,0.5535300050129032,1
2020-04-08,Calibrated RBF SVM,4,1,0.5535303665703878,1
2020-04-09,Calibrated RBF SVM,4,0,0.5535301971470384,1
2020-04-13,Calibrated RBF SVM,4,1,0.5535291962111204,1
2020-04-14,Calibrated RBF SVM,4,0,0.5535299965602766,1
2020-04-15,Calibrated RBF SVM,4,1,0.553530118350905,1
2020-04-16,Calibrated RBF SVM,4,1,0.5535365064523056,1
2020-04-17,Calibrated RBF SVM,4,0,0.5535179068636787,1
2020-04-20,Calibrated RBF SVM,4,0,0.5535445327755348,1
2020-04-21,Calibrated RBF SVM,4,1,0.5535579520083446,1
2020-04-22,Calibrated RBF SVM,4,0,0.5535297112821099,1
2020-04-23,Calibrated RBF SVM,4,1,0.5537135783418597,1
2020-04-24,Calibrated RBF SVM,4,1,0.5532675756884174,1
2020-04-27,Calibrated RBF SVM,4,0,0.554249786625955,1
2020-04-28,Calibrated RBF SVM,4,1,0.5534106501926996,1
2020-04-29,Calibrated RBF SVM,4,0,0.5531033569602938,1
2020-04-30,Calibrated RBF SVM,4,0,0.5537130178317216,1
2020-05-01,Calibrated RBF SVM,4,1,0.5532163537900102,1
2020-05-04,Calibrated RBF SVM,4,1,0.5536091872366237,1
2020-05-05,Calibrated RBF SVM,4,0,0.5537763969834485,1
2020-05-06,Calibrated RBF SVM,4,1,0.5536734765483033,1
2020-05-07,Calibrated RBF SVM,4,1,0.5541187962393467,1
2020-05-08,Calibrated RBF SVM,4,1,0.5533458369536567,1
2020-05-11,Calibrated RBF SVM,4,0,0.5536472558595805,1
2020-05-12,Calibrated RBF SVM,4,0,0.5532858953322098,1
2020-05-13,Calibrated RBF SVM,4,1,0.5522383880079732,1
2020-05-14,Calibrated RBF SVM,4,1,0.5530022338933936,1
2020-05-15,Calibrated RBF SVM,4,1,0.5521700576218642,1
2020-05-18,Calibrated RBF SVM,4,0,0.5543670071010357,1
2020-05-19,Calibrated RBF SVM,4,1,0.5553752186093035,1
2020-05-20,Calibrated RBF SVM,4,0,0.5540545377624247,1
2020-05-21,Calibrated RBF SVM,4,1,0.5539163889934147,1
2020-05-22,Calibrated RBF SVM,4,1,0.5545294567246275,1
2020-05-26,Calibrated RBF SVM,4,1,0.5531160001167094,1
2020-05-27,Calibrated RBF SVM,4,0,0.5547557122496528,1
2020-05-28,Calibrated RBF SVM,4,1,0.5556979249917866,1
2020-05-29,Calibrated RBF SVM,4,1,0.5567188399103431,1
2020-06-01,Calibrated RBF SVM,4,1,0.5572803266500375,1
2020-06-02,Calibrated RBF SVM,4,1,0.5565964066972349,1
2020-06-03,Calibrated RBF SVM,4,0,0.5567852794054636,1
2020-06-04,Calibrated RBF SVM,4,1,0.5584958988517399,1
2020-06-05,Calibrated RBF SVM,4,1,0.5544525683439074,1
2020-06-08,Calibrated RBF SVM,4,0,0.5546300509680736,1
2020-06-09,Calibrated RBF SVM,4,0,0.5561593671184034,1
2020-06-10,Calibrated RBF SVM,4,0,0.5561103045058131,1
2020-06-11,Calibrated RBF SVM,4,1,0.5535072024958331,1
2020-06-12,Calibrated RBF SVM,4,1,0.5535616961325285,1
2020-06-15,Calibrated RBF SVM,4,1,0.5535748936388311,1
2020-06-16,Calibrated RBF SVM,4,0,0.5536455619739948,1
2020-06-17,Calibrated RBF SVM,4,1,0.5548924729216027,1
2020-06-18,Calibrated RBF SVM,4,0,0.5541472284033562,1
2020-06-19,Calibrated RBF SVM,4,1,0.5547894150829887,1
2020-06-22,Calibrated RBF SVM,4,1,0.5552136972078647,1
2020-06-23,Calibrated RBF SVM,4,0,0.554952116247934,1
2020-06-24,Calibrated RBF SVM,4,1,0.5542922873474715,1
2020-06-25,Calibrated RBF SVM,4,0,0.553269719319447,1
2020-06-26,Calibrated RBF SVM,4,1,0.553883196707989,1
2020-06-29,Calibrated RBF SVM,4,1,0.5527345255781789,1
2020-06-30,Calibrated RBF SVM,4,1,0.5530913021791483,1
2020-07-01,Calibrated RBF SVM,4,1,0.5589204852956747,1
2020-07-02,Calibrated RBF SVM,4,1,0.5603680952819764,1
2020-07-06,Calibrated RBF SVM,4,0,0.5550037972565218,1
2020-07-07,Calibrated RBF SVM,4,1,0.5577606301922186,1
2020-07-08,Calibrated RBF SVM,4,0,0.5596168882015192,1
2020-07-09,Calibrated RBF SVM,4,1,0.5554945264814837,1
2020-07-10,Calibrated RBF SVM,4,0,0.5584437305298023,1
2020-07-13,Calibrated RBF SVM,4,1,0.5551803503133309,1
2020-07-14,Calibrated RBF SVM,4,1,0.5650700276759316,1
2020-07-15,Calibrated RBF SVM,4,0,0.5621642800707877,1
2020-07-16,Calibrated RBF SVM,4,1,0.570093377426316,1
2020-07-17,Calibrated RBF SVM,4,1,0.5675364933506474,1
2020-07-20,Calibrated RBF SVM,4,1,0.5656689508649994,1
2020-07-21,Calibrated RBF SVM,4,1,0.5652926012576535,1
2020-07-22,Calibrated RBF SVM,4,0,0.5666484107544254,1
2020-07-23,Calibrated RBF SVM,4,0,0.5643729228865612,1
2020-07-24,Calibrated RBF SVM,4,1,0.5671672056504785,1
2020-07-27,Calibrated RBF SVM,4,0,0.561617230757685,1
2020-07-28,Calibrated RBF SVM,4,1,0.5677843942504924,1
2020-07-29,Calibrated RBF SVM,4,0,0.5673892411093205,1
2020-07-30,Calibrated RBF SVM,4,1,0.5603203193681877,1
2020-07-31,Calibrated RBF SVM,4,1,0.563225976104104,1
2020-08-03,Calibrated RBF SVM,4,1,0.5652308684281437,1
2020-08-04,Calibrated RBF SVM,4,1,0.5681256347936013,1
2020-08-05,Calibrated RBF SVM,4,1,0.5656041423617318,1
2020-08-06,Calibrated RBF SVM,4,1,0.5622191087246452,1
2020-08-07,Calibrated RBF SVM,4,1,0.5646083052363878,1
2020-08-10,Calibrated RBF SVM,4,0,0.5646203077964752,1
2020-08-11,Calibrated RBF SVM,4,1,0.5616482165684192,1
2020-08-12,Calibrated RBF SVM,4,0,0.5698961268174432,1
2020-08-13,Calibrated RBF SVM,4,1,0.564893887588048,1
2020-08-14,Calibrated RBF SVM,4,1,0.5717366801448792,1
2020-08-17,Calibrated RBF SVM,4,1,0.5650622851008564,1
2020-08-18,Calibrated RBF SVM,4,0,0.5675185156813712,1
2020-08-19,Calibrated RBF SVM,4,1,0.5614744688963972,1
2020-08-20,Calibrated RBF SVM,4,1,0.566111381593693,1
2020-08-21,Calibrated RBF SVM,4,1,0.5664175519679607,1
2020-08-24,Calibrated RBF SVM,4,1,0.564755309455378,1
2020-08-25,Calibrated RBF SVM,4,1,0.5643773734287244,1
2020-08-26,Calibrated RBF SVM,4,1,0.5664528785034907,1
2020-08-27,Calibrated RBF SVM,4,1,0.5640103897551025,1
2020-08-28,Calibrated RBF SVM,4,0,0.5652957903126219,1
2020-08-31,Calibrated RBF SVM,4,1,0.5613514829171615,1
2020-09-01,Calibrated RBF SVM,4,1,0.568095449086814,1
2020-09-02,Calibrated RBF SVM,4,0,0.5643555627048947,1
2020-09-03,Calibrated RBF SVM,4,0,0.5531926087527618,1
2020-09-04,Calibrated RBF SVM,4,0,0.5531942526349639,1
2020-09-08,Calibrated RBF SVM,4,1,0.554395772273376,1
2020-09-09,Calibrated RBF SVM,4,0,0.5566409142372378,1
2020-09-10,Calibrated RBF SVM,4,1,0.5556612243332869,1
2020-09-11,Calibrated RBF SVM,4,1,0.554246928201143,1
2020-09-14,Calibrated RBF SVM,4,1,0.5516141249405518,1
2020-09-15,Calibrated RBF SVM,4,0,0.5576023917185847,1
2020-09-16,Calibrated RBF SVM,4,0,0.5543160594064894,1
2020-09-17,Calibrated RBF SVM,4,0,0.5486719451517733,1
2020-09-18,Calibrated RBF SVM,4,0,0.5464887387536835,1
2020-09-21,Calibrated RBF SVM,4,1,0.5432234277365954,1
2020-09-22,Calibrated RBF SVM,4,0,0.5486517364933877,1
2020-09-23,Calibrated RBF SVM,4,1,0.5510200852036884,1
2020-09-24,Calibrated RBF SVM,4,1,0.5491780732200943,1
2020-09-25,Calibrated RBF SVM,4,1,0.5459479931653693,1
2020-09-28,Calibrated RBF SVM,4,0,0.5595407619932993,1
2020-09-29,Calibrated RBF SVM,4,1,0.5640705630493913,1
2020-09-30,Calibrated RBF SVM,4,1,0.5537517109370002,1
2020-10-01,Calibrated RBF SVM,4,0,0.5552573150849991,1
2020-10-02,Calibrated RBF SVM,4,1,0.5515562222804079,1
2020-10-05,Calibrated RBF SVM,4,0,0.5571557380215911,1
2020-10-06,Calibrated RBF SVM,4,1,0.5527452447152504,1
2020-10-07,Calibrated RBF SVM,4,1,0.5627579240760232,1
2020-10-08,Calibrated RBF SVM,4,1,0.5624238352876497,1
2020-10-09,Calibrated RBF SVM,4,1,0.5685538018558903,1
2020-10-12,Calibrated RBF SVM,4,0,0.5600697439745509,1
2020-10-13,Calibrated RBF SVM,4,0,0.5652313666552066,1
2020-10-14,Calibrated RBF SVM,4,0,0.5693886972901007,1
2020-10-15,Calibrated RBF SVM,4,0,0.5566273984721719,1
2020-10-16,Calibrated RBF SVM,4,0,0.5593569194554114,1
2020-10-19,Calibrated RBF SVM,4,1,0.5552424604770904,1
2020-10-20,Calibrated RBF SVM,4,0,0.5651944374492164,1
2020-10-21,Calibrated RBF SVM,4,1,0.5659816706711939,1
2020-10-22,Calibrated RBF SVM,4,1,0.5681891597710056,1
2020-10-23,Calibrated RBF SVM,4,0,0.5613706369623274,1
2020-10-26,Calibrated RBF SVM,4,0,0.5508147815897927,1
2020-10-27,Calibrated RBF SVM,4,0,0.5672518023763914,1
2020-10-28,Calibrated RBF SVM,4,1,0.5573376398999839,1
2020-10-29,Calibrated RBF SVM,4,0,0.5529011750712604,1
2020-10-30,Calibrated RBF SVM,4,1,0.5503576484122791,1
2020-11-02,Calibrated RBF SVM,4,1,0.5551620721103645,1
2020-11-03,Calibrated RBF SVM,4,1,0.559194154525449,1
2020-11-04,Calibrated RBF SVM,4,1,0.5550708403123914,1
2020-11-05,Calibrated RBF SVM,4,0,0.5623335882413483,1
2020-11-06,Calibrated RBF SVM,4,1,0.5574319128708668,1
2020-11-09,Calibrated RBF SVM,4,0,0.5549013399461259,1
2020-11-10,Calibrated RBF SVM,4,1,0.5546227090083907,1
2020-11-11,Calibrated RBF SVM,4,0,0.5604062557940633,1
2020-11-12,Calibrated RBF SVM,4,1,0.5584928024062813,1
2020-11-13,Calibrated RBF SVM,4,1,0.5638114313097303,1
2020-11-16,Calibrated RBF SVM,4,0,0.558765745584432,1
2020-11-17,Calibrated RBF SVM,4,0,0.5666018024951399,1
2020-11-18,Calibrated RBF SVM,4,1,0.5656836611771082,1
2020-11-19,Calibrated RBF SVM,4,0,0.5641404323667428,1
2020-11-20,Calibrated RBF SVM,4,1,0.5591668355543279,1
2020-11-23,Calibrated RBF SVM,4,1,0.5595501094388675,1
2020-11-24,Calibrated RBF SVM,4,0,0.5620651238263447,1
2020-11-25,Calibrated RBF SVM,4,1,0.5690272949868275,1
2020-11-27,Calibrated RBF SVM,4,0,0.5686153870365795,1
2020-11-30,Calibrated RBF SVM,4,1,0.5571341684156104,1
2020-12-01,Calibrated RBF SVM,4,1,0.5659739531476248,1
2020-12-02,Calibrated RBF SVM,4,0,0.555315388235068,1
2020-12-03,Calibrated RBF SVM,4,1,0.5566692518377017,1
2020-12-04,Calibrated RBF SVM,4,0,0.552745522815372,1
2020-12-07,Calibrated RBF SVM,4,1,0.5542328006885927,1
2020-12-08,Calibrated RBF SVM,4,0,0.5500310870289647,1
2020-12-09,Calibrated RBF SVM,4,0,0.5433043404375357,1
2020-12-10,Calibrated RBF SVM,4,0,0.5506296419410239,1
2020-12-11,Calibrated RBF SVM,4,0,0.5374321824732282,1
2020-12-14,Calibrated RBF SVM,4,1,0.542902528908569,1
2020-12-15,Calibrated RBF SVM,4,1,0.5522935693983899,1
2020-12-16,Calibrated RBF SVM,4,1,0.5474888023269093,1
2020-12-17,Calibrated RBF SVM,4,0,0.5552372415422308,1
2020-12-18,Calibrated RBF SVM,4,0,0.549396661264418,1
2020-12-21,Calibrated RBF SVM,4,0,0.5530546511369111,1
2020-12-22,Calibrated RBF SVM,4,1,0.5469834215554107,1
2020-12-23,Calibrated RBF SVM,4,1,0.5524295505515889,1
2020-12-24,Calibrated RBF SVM,4,1,0.5500392058605713,1
2020-12-28,Calibrated RBF SVM,4,0,0.5532250978863451,1
2020-12-29,Calibrated RBF SVM,4,1,0.5508956440925528,1
2020-12-30,Calibrated RBF SVM,4,1,0.5494824048060346,1
2020-12-31,Calibrated RBF SVM,4,0,0.5503022837957378,1
2021-01-04,Calibrated RBF SVM,4,1,0.5462877860821744,1
2021-01-05,Calibrated RBF SVM,4,1,0.5536276878106839,1
2021-01-06,Calibrated RBF SVM,5,1,0.5691646312329071,1
2021-01-07,Calibrated RBF SVM,5,1,0.5889466382217375,1
2021-01-08,Calibrated RBF SVM,5,0,0.5649973980779203,1
2021-01-11,Calibrated RBF SVM,5,1,0.5788897522092616,1
2021-01-12,Calibrated RBF SVM,5,1,0.5725169089361946,1
2021-01-13,Calibrated RBF SVM,5,0,0.5757521571064536,1
2021-01-14,Calibrated RBF SVM,5,0,0.5714282568296553,1
2021-01-15,Calibrated RBF SVM,5,1,0.5518326980823091,1
2021-01-19,Calibrated RBF SVM,5,1,0.5770678311520169,1
2021-01-20,Calibrated RBF SVM,5,1,0.5830664718463674,1
2021-01-21,Calibrated RBF SVM,5,0,0.5830480803376664,1
2021-01-22,Calibrated RBF SVM,5,1,0.5813985387709543,1
2021-01-25,Calibrated RBF SVM,5,0,0.5599001511213338,1
2021-01-26,Calibrated RBF SVM,5,0,0.5758592301602685,1
2021-01-27,Calibrated RBF SVM,5,1,0.5585941559561791,1
2021-01-28,Calibrated RBF SVM,5,0,0.5789869596183951,1
2021-01-29,Calibrated RBF SVM,5,1,0.5603412250988201,1
2021-02-01,Calibrated RBF SVM,5,1,0.5717709020135183,1
2021-02-02,Calibrated RBF SVM,5,1,0.5614701910272432,1
2021-02-03,Calibrated RBF SVM,5,1,0.5749137721646088,1
2021-02-04,Calibrated RBF SVM,5,1,0.5709024981084467,1
2021-02-05,Calibrated RBF SVM,5,1,0.5552408080313008,1
2021-02-08,Calibrated RBF SVM,5,0,0.5618693781917989,1
2021-02-09,Calibrated RBF SVM,5,0,0.5641745393512795,1
2021-02-10,Calibrated RBF SVM,5,1,0.5707094477785902,1
2021-02-11,Calibrated RBF SVM,5,1,0.565326398296051,1
2021-02-12,Calibrated RBF SVM,5,0,0.5697943950204868,1
2021-02-16,Calibrated RBF SVM,5,1,0.5700464498307313,1
2021-02-17,Calibrated RBF SVM,5,0,0.578725517923092,1
2021-02-18,Calibrated RBF SVM,5,0,0.5668975030052216,1
2021-02-19,Calibrated RBF SVM,5,0,0.5637716400607312,1
2021-02-22,Calibrated RBF SVM,5,1,0.5631615051939836,1
2021-02-23,Calibrated RBF SVM,5,1,0.5709126451335408,1
2021-02-24,Calibrated RBF SVM,5,0,0.5757572358955291,1
2021-02-25,Calibrated RBF SVM,5,0,0.5605719679547287,1
2021-02-26,Calibrated RBF SVM,5,1,0.5525478551117288,1
2021-03-01,Calibrated RBF SVM,5,0,0.5629376394829145,1
2021-03-02,Calibrated RBF SVM,5,0,0.5604737597504295,1
2021-03-03,Calibrated RBF SVM,5,0,0.5581665650554744,1
2021-03-04,Calibrated RBF SVM,5,1,0.5456308953349897,1
2021-03-05,Calibrated RBF SVM,5,0,0.5612285950607147,1
2021-03-08,Calibrated RBF SVM,5,1,0.5536223834767586,1
2021-03-09,Calibrated RBF SVM,5,1,0.5701831699974084,1
2021-03-10,Calibrated RBF SVM,5,1,0.5575528919354406,1
2021-03-11,Calibrated RBF SVM,5,1,0.5777279531017191,1
2021-03-12,Calibrated RBF SVM,5,1,0.5540113746425654,1
2021-03-15,Calibrated RBF SVM,5,0,0.5474306727127529,1
2021-03-16,Calibrated RBF SVM,5,1,0.5560589916955712,1
2021-03-17,Calibrated RBF SVM,5,0,0.5625567166659494,1
2021-03-18,Calibrated RBF SVM,5,0,0.5628418687556606,1
2021-03-19,Calibrated RBF SVM,5,1,0.5683889545610484,1
2021-03-22,Calibrated RBF SVM,5,0,0.571200890726993,1
2021-03-23,Calibrated RBF SVM,5,0,0.5705384089410366,1
2021-03-24,Calibrated RBF SVM,5,1,0.5777616862096263,1
2021-03-25,Calibrated RBF SVM,5,1,0.559482105535338,1
2021-03-26,Calibrated RBF SVM,5,0,0.558669732950786,1
2021-03-29,Calibrated RBF SVM,5,0,0.5492202138598751,1
2021-03-30,Calibrated RBF SVM,5,1,0.5735482942941634,1
2021-03-31,Calibrated RBF SVM,5,1,0.5638508664430087,1
2021-04-01,Calibrated RBF SVM,5,1,0.5707506215501801,1
2021-04-05,Calibrated RBF SVM,5,0,0.5631435139300066,1
2021-04-06,Calibrated RBF SVM,5,1,0.5750800073522404,1
2021-04-07,Calibrated RBF SVM,5,1,0.5797872183095211,1
2021-04-08,Calibrated RBF SVM,5,1,0.5689285558430117,1
2021-04-09,Calibrated RBF SVM,5,1,0.5644887186816646,1
2021-04-12,Calibrated RBF SVM,5,1,0.5635830527639741,1
2021-04-13,Calibrated RBF SVM,5,0,0.5787345452490011,1
2021-04-14,Calibrated RBF SVM,5,1,0.578933241936355,1
2021-04-15,Calibrated RBF SVM,5,1,0.5797557956488649,1
2021-04-16,Calibrated RBF SVM,5,0,0.5646774477763362,1
2021-04-19,Calibrated RBF SVM,5,0,0.5721438107212067,1
2021-04-20,Calibrated RBF SVM,5,1,0.5685872260322554,1
2021-04-21,Calibrated RBF SVM,5,0,0.5838931059965714,1
2021-04-22,Calibrated RBF SVM,5,1,0.5517343642123343,1
2021-04-23,Calibrated RBF SVM,5,1,0.5858903077212443,1
2021-04-26,Calibrated RBF SVM,5,0,0.5660316215689934,1
2021-04-27,Calibrated RBF SVM,5,0,0.5816196836473732,1
2021-04-28,Calibrated RBF SVM,5,1,0.5774620582899775,1
2021-04-29,Calibrated RBF SVM,5,0,0.5663601495291763,1
2021-04-30,Calibrated RBF SVM,5,1,0.5425334345078968,1
2021-05-03,Calibrated RBF SVM,5,0,0.5667438913248296,1
2021-05-04,Calibrated RBF SVM,5,1,0.5489018488296264,1
2021-05-05,Calibrated RBF SVM,5,1,0.5790456652763061,1
2021-05-06,Calibrated RBF SVM,5,1,0.5643826382504389,1
2021-05-07,Calibrated RBF SVM,5,0,0.5649014180769404,1
2021-05-10,Calibrated RBF SVM,5,0,0.5526208846043015,1
2021-05-11,Calibrated RBF SVM,5,0,0.557979061284187,1
2021-05-12,Calibrated RBF SVM,5,1,0.5587917920724333,1
2021-05-13,Calibrated RBF SVM,5,1,0.5787169169042671,1
2021-05-14,Calibrated RBF SVM,5,0,0.5581839641373995,1
2021-05-17,Calibrated RBF SVM,5,0,0.5639098140006097,1
2021-05-18,Calibrated RBF SVM,5,0,0.5643511212549708,1
2021-05-19,Calibrated RBF SVM,5,1,0.5484072681657727,1
2021-05-20,Calibrated RBF SVM,5,0,0.5640523599141681,1
2021-05-21,Calibrated RBF SVM,5,1,0.5434866930061997,1
2021-05-24,Calibrated RBF SVM,5,0,0.5707676487484444,1
2021-05-25,Calibrated RBF SVM,5,1,0.5530797943975837,1
2021-05-26,Calibrated RBF SVM,5,1,0.5745956788014898,1
2021-05-27,Calibrated RBF SVM,5,1,0.5568575552919753,1
2021-05-28,Calibrated RBF SVM,5,0,0.5579550876048502,1
2021-06-01,Calibrated RBF SVM,5,1,0.5589868938724346,1
2021-06-02,Calibrated RBF SVM,5,0,0.5744200293443987,1
2021-06-03,Calibrated RBF SVM,5,1,0.5660365848220237,1
2021-06-04,Calibrated RBF SVM,5,0,0.5659664198015182,1
2021-06-07,Calibrated RBF SVM,5,1,0.5561424215230127,1
2021-06-08,Calibrated RBF SVM,5,0,0.5673018311502344,1
2021-06-09,Calibrated RBF SVM,5,1,0.5708834687562786,1
2021-06-10,Calibrated RBF SVM,5,1,0.5709882629937919,1
2021-06-11,Calibrated RBF SVM,5,1,0.5490313073392373,1
2021-06-14,Calibrated RBF SVM,5,0,0.5537386359328632,1
2021-06-15,Calibrated RBF SVM,5,0,0.5547175940540003,1
2021-06-16,Calibrated RBF SVM,5,0,0.5537105629467064,1
2021-06-17,Calibrated RBF SVM,5,0,0.55826164767684,1
2021-06-18,Calibrated RBF SVM,5,1,0.5522029057743609,1
2021-06-21,Calibrated RBF SVM,5,1,0.5705382433458366,1
2021-06-22,Calibrated RBF SVM,5,0,0.558008271045307,1
2021-06-23,Calibrated RBF SVM,5,1,0.5689800331592209,1
2021-06-24,Calibrated RBF SVM,5,1,0.5700047835026575,1
2021-06-25,Calibrated RBF SVM,5,1,0.5505274771326351,1
2021-06-28,Calibrated RBF SVM,5,1,0.5508183986535052,1
2021-06-29,Calibrated RBF SVM,5,1,0.5626680310521799,1
2021-06-30,Calibrated RBF SVM,5,1,0.5637580227500546,1
2021-07-01,Calibrated RBF SVM,5,1,0.570420659786625,1
2021-07-02,Calibrated RBF SVM,5,0,0.5688222290908916,1
2021-07-06,Calibrated RBF SVM,5,1,0.5584943009443127,1
2021-07-07,Calibrated RBF SVM,5,0,0.5800790485313742,1
2021-07-08,Calibrated RBF SVM,5,1,0.5575740876007207,1
2021-07-09,Calibrated RBF SVM,5,1,0.577624571338253,1
2021-07-12,Calibrated RBF SVM,5,0,0.5634662701658524,1
2021-07-13,Calibrated RBF SVM,5,1,0.5741629211931829,1
2021-07-14,Calibrated RBF SVM,5,0,0.5746358759255412,1
2021-07-15,Calibrated RBF SVM,5,0,0.5623127698248025,1
2021-07-16,Calibrated RBF SVM,5,0,0.5401489448418609,1
2021-07-19,Calibrated RBF SVM,5,1,0.5592079702986784,1
2021-07-20,Calibrated RBF SVM,5,1,0.5778362738144924,1
2021-07-21,Calibrated RBF SVM,5,1,0.56379591329645,1
2021-07-22,Calibrated RBF SVM,5,1,0.5783045220045405,1
2021-07-23,Calibrated RBF SVM,5,1,0.5668807740517773,1
2021-07-26,Calibrated RBF SVM,5,0,0.556461273114178,1
2021-07-27,Calibrated RBF SVM,5,0,0.5501107843115688,1
2021-07-28,Calibrated RBF SVM,5,1,0.5675299771793325,1
2021-07-29,Calibrated RBF SVM,5,0,0.5729909956323235,1
2021-07-30,Calibrated RBF SVM,5,0,0.5486035863041241,1
2021-08-02,Calibrated RBF SVM,5,1,0.5614900735003349,1
2021-08-03,Calibrated RBF SVM,5,0,0.5626527719178989,1
2021-08-04,Calibrated RBF SVM,5,1,0.5716559543215707,1
2021-08-05,Calibrated RBF SVM,5,1,0.5823938762901446,1
2021-08-06,Calibrated RBF SVM,5,0,0.5530608232116806,1
2021-08-09,Calibrated RBF SVM,5,1,0.5622295637234203,1
2021-08-10,Calibrated RBF SVM,5,1,0.5633540886289953,1
2021-08-11,Calibrated RBF SVM,5,1,0.5690092167811499,1
2021-08-12,Calibrated RBF SVM,5,1,0.566399787333672,1
2021-08-13,Calibrated RBF SVM,5,1,0.5613751289449526,1
2021-08-16,Calibrated RBF SVM,5,0,0.5566978186165594,1
2021-08-17,Calibrated RBF SVM,5,0,0.5539200966487163,1
2021-08-18,Calibrated RBF SVM,5,1,0.5575136543940418,1
2021-08-19,Calibrated RBF SVM,5,1,0.5684282975386047,1
2021-08-20,Calibrated RBF SVM,5,1,0.5621263871261377,1
2021-08-23,Calibrated RBF SVM,5,1,0.561290536538254,1
2021-08-24,Calibrated RBF SVM,5,1,0.5664030957763995,1
2021-08-25,Calibrated RBF SVM,5,0,0.5653633212408106,1
2021-08-26,Calibrated RBF SVM,5,1,0.5500857661724953,1
2021-08-27,Calibrated RBF SVM,5,1,0.5677857047068732,1
2021-08-30,Calibrated RBF SVM,5,0,0.5550842546113607,1
2021-08-31,Calibrated RBF SVM,5,1,0.5655738166160766,1
2021-09-01,Calibrated RBF SVM,5,1,0.576459783511044,1
2021-09-02,Calibrated RBF SVM,5,0,0.5659420805437994,1
2021-09-03,Calibrated RBF SVM,5,0,0.551245579765889,1
2021-09-07,Calibrated RBF SVM,5,0,0.5528294663383381,1
2021-09-08,Calibrated RBF SVM,5,0,0.5615325650445382,1
2021-09-09,Calibrated RBF SVM,5,0,0.5557497664253626,1
2021-09-10,Calibrated RBF SVM,5,1,0.5414442749030318,1
2021-09-13,Calibrated RBF SVM,5,0,0.5492786063848394,1
2021-09-14,Calibrated RBF SVM,5,1,0.5512071046031758,1
2021-09-15,Calibrated RBF SVM,5,0,0.5770445919471173,1
2021-09-16,Calibrated RBF SVM,5,0,0.5499970870637645,1
2021-09-17,Calibrated RBF SVM,5,0,0.5436902047447543,1
2021-09-20,Calibrated RBF SVM,5,0,0.5570874385396659,1
2021-09-21,Calibrated RBF SVM,5,1,0.5654794137596517,1
2021-09-22,Calibrated RBF SVM,5,1,0.5670030969332758,1
2021-09-23,Calibrated RBF SVM,5,1,0.5663953676564143,1
2021-09-24,Calibrated RBF SVM,5,0,0.5578412294936533,1
2021-09-27,Calibrated RBF SVM,5,0,0.5382042500234532,1
2021-09-28,Calibrated RBF SVM,5,1,0.5485625838073639,1
2021-09-29,Calibrated RBF SVM,5,0,0.5692293731967196,1
2021-09-30,Calibrated RBF SVM,5,1,0.5518488208172163,1
2021-10-01,Calibrated RBF SVM,5,0,0.5684641414734983,1
2021-10-04,Calibrated RBF SVM,5,1,0.5563075775445417,1
2021-10-05,Calibrated RBF SVM,5,1,0.5753322655366951,1
2021-10-06,Calibrated RBF SVM,5,1,0.5566332098626462,1
2021-10-07,Calibrated RBF SVM,5,0,0.5760982373081444,1
2021-10-08,Calibrated RBF SVM,5,0,0.5606691088928187,1
2021-10-11,Calibrated RBF SVM,5,0,0.568078785757955,1
2021-10-12,Calibrated RBF SVM,5,1,0.57205142525115,1
2021-10-13,Calibrated RBF SVM,5,1,0.5678023803697599,1
2021-10-14,Calibrated RBF SVM,5,1,0.5823953563556635,1
2021-10-15,Calibrated RBF SVM,5,1,0.5663908110525772,1
2021-10-18,Calibrated RBF SVM,5,1,0.5705247387012532,1
2021-10-19,Calibrated RBF SVM,5,1,0.5677061910124288,1
2021-10-20,Calibrated RBF SVM,5,1,0.5669469695237824,1
2021-10-21,Calibrated RBF SVM,5,0,0.5624099297277421,1
2021-10-22,Calibrated RBF SVM,5,1,0.5512531206014266,1
2021-10-25,Calibrated RBF SVM,5,1,0.56803473409437,1
2021-10-26,Calibrated RBF SVM,5,0,0.5635486501483546,1
2021-10-27,Calibrated RBF SVM,5,1,0.5563134819375347,1
2021-10-28,Calibrated RBF SVM,5,1,0.5705337795568616,1
2021-10-29,Calibrated RBF SVM,5,1,0.5516560723098748,1
2021-11-01,Calibrated RBF SVM,5,1,0.5672327733044046,1
2021-11-02,Calibrated RBF SVM,5,1,0.5631254187339322,1
2021-11-03,Calibrated RBF SVM,5,1,0.5622127461091164,1
2021-11-04,Calibrated RBF SVM,5,1,0.5605505180559943,1
2021-11-05,Calibrated RBF SVM,5,1,0.5604801425805387,1
2021-11-08,Calibrated RBF SVM,5,0,0.5617526425001197,1
2021-11-09,Calibrated RBF SVM,5,0,0.5590086494857043,1
2021-11-10,Calibrated RBF SVM,5,1,0.5503508558179814,1
2021-11-11,Calibrated RBF SVM,5,1,0.5593771331998196,1
2021-11-12,Calibrated RBF SVM,5,1,0.5586479109453695,1
2021-11-15,Calibrated RBF SVM,5,1,0.5586216308136432,1
2021-11-16,Calibrated RBF SVM,5,0,0.5726932235246983,1
2021-11-17,Calibrated RBF SVM,5,1,0.5583226372118085,1
2021-11-18,Calibrated RBF SVM,5,0,0.5646713563637427,1
2021-11-19,Calibrated RBF SVM,5,0,0.543423822847763,1
2021-11-22,Calibrated RBF SVM,5,1,0.5484145020369552,1
2021-11-23,Calibrated RBF SVM,5,1,0.5537494514603085,1
2021-11-24,Calibrated RBF SVM,5,0,0.5617940924859143,1
2021-11-26,Calibrated RBF SVM,5,1,0.5579650261935947,1
2021-11-29,Calibrated RBF SVM,5,0,0.5652731119943939,1
2021-11-30,Calibrated RBF SVM,5,0,0.5629183873593945,1
2021-12-01,Calibrated RBF SVM,5,1,0.5527290136030953,1
2021-12-02,Calibrated RBF SVM,5,0,0.5673943664708094,1
2021-12-03,Calibrated RBF SVM,5,1,0.5535995313958546,1
2021-12-06,Calibrated RBF SVM,5,1,0.5629571244389489,1
2021-12-07,Calibrated RBF SVM,5,1,0.5591072585332904,1
2021-12-08,Calibrated RBF SVM,5,0,0.5644953653099836,1
2021-12-09,Calibrated RBF SVM,5,1,0.5711826455733076,1
2021-12-10,Calibrated RBF SVM,5,0,0.5627315093891482,1
2021-12-13,Calibrated RBF SVM,5,0,0.5481247483647168,1
2021-12-14,Calibrated RBF SVM,5,1,0.5632718702932386,1
2021-12-15,Calibrated RBF SVM,5,0,0.5698586293403901,1
2021-12-16,Calibrated RBF SVM,5,0,0.5634911899437101,1
2021-12-17,Calibrated RBF SVM,5,0,0.5661323430347921,1
2021-12-20,Calibrated RBF SVM,5,1,0.5549268713849577,1
2021-12-21,Calibrated RBF SVM,5,1,0.56708229318948,1
2021-12-22,Calibrated RBF SVM,5,1,0.5718764879367076,1
2021-12-23,Calibrated RBF SVM,5,1,0.5887623247042068,1
2021-12-27,Calibrated RBF SVM,5,0,0.5665215545242458,1
2021-12-28,Calibrated RBF SVM,5,1,0.565176975258031,1
2021-12-29,Calibrated RBF SVM,5,0,0.5697636053225227,1
2021-12-30,Calibrated RBF SVM,5,0,0.5655773029237686,1
2021-12-31,Calibrated RBF SVM,5,1,0.5618175369890622,1
2017-01-17,Random Forest,1,1,0.5235884735211589,1
2017-01-18,Random Forest,1,0,0.40123027145283463,0
2017-01-19,Random Forest,1,1,0.4408009141392743,0
2017-01-20,Random Forest,1,0,0.5453960625748471,1
2017-01-23,Random Forest,1,1,0.5059058250779338,1
2017-01-24,Random Forest,1,1,0.437414145985971,0
2017-01-25,Random Forest,1,0,0.4259104956697223,0
2017-01-26,Random Forest,1,0,0.39761215470182826,0
2017-01-27,Random Forest,1,0,0.4402231698864166,0
2017-01-30,Random Forest,1,0,0.5627994752853664,1
2017-01-31,Random Forest,1,1,0.5099632600230322,1
2017-02-01,Random Forest,1,1,0.5346673508437051,1
2017-02-02,Random Forest,1,1,0.5422370338033885,1
2017-02-03,Random Forest,1,0,0.41097745057776386,0
2017-02-06,Random Forest,1,1,0.44434287896304936,0
2017-02-07,Random Forest,1,1,0.39917452126043385,0
2017-02-08,Random Forest,1,1,0.3203557952020228,0
2017-02-09,Random Forest,1,1,0.3809861305282862,0
2017-02-10,Random Forest,1,1,0.49864472673741655,0
2017-02-13,Random Forest,1,1,0.37123713104923306,0
2017-02-14,Random Forest,1,1,0.47829614521195163,0
2017-02-15,Random Forest,1,0,0.49272082611460943,0
2017-02-16,Random Forest,1,1,0.5565560769052944,1
2017-02-17,Random Forest,1,1,0.40100097968944587,0
2017-02-21,Random Forest,1,0,0.4727210723019606,0
2017-02-22,Random Forest,1,1,0.4509590355816145,0
2017-02-23,Random Forest,1,1,0.4787864122065861,0
2017-02-24,Random Forest,1,1,0.43401543923894775,0
2017-02-27,Random Forest,1,0,0.3679135460338133,0
2017-02-28,Random Forest,1,1,0.5375135855584667,1
2017-03-01,Random Forest,1,0,0.49537663684213823,0
2017-03-02,Random Forest,1,1,0.4742048783489678,0
2017-03-03,Random Forest,1,0,0.4973021933531004,0
2017-03-06,Random Forest,1,0,0.4795928352393513,0
2017-03-07,Random Forest,1,0,0.5483123901600179,1
2017-03-08,Random Forest,1,1,0.6202216034972085,1
2017-03-09,Random Forest,1,1,0.6146712224879405,1
2017-03-10,Random Forest,1,1,0.566592496197595,1
2017-03-13,Random Forest,1,0,0.4558042312251359,0
2017-03-14,Random Forest,1,1,0.5284004637125743,1
2017-03-15,Random Forest,1,0,0.47109668637496305,0
2017-03-16,Random Forest,1,0,0.4897265426643025,0
2017-03-17,Random Forest,1,0,0.5101054129027458,1
2017-03-20,Random Forest,1,0,0.5296826374055936,1
2017-03-21,Random Forest,1,1,0.5287369956247526,1
2017-03-22,Random Forest,1,0,0.5023125988299019,1
2017-03-23,Random Forest,1,0,0.5863444794538352,1
2017-03-24,Random Forest,1,0,0.573670282903835,1
2017-03-27,Random Forest,1,1,0.5080654273593443,1
2017-03-28,Random Forest,1,1,0.47610570558612453,0
2017-03-29,Random Forest,1,1,0.44947926934685994,0
2017-03-30,Random Forest,1,0,0.4023974777917885,0
2017-03-31,Random Forest,1,0,0.480206130956632,0
2017-04-03,Random Forest,1,1,0.5339418350493624,1
2017-04-04,Random Forest,1,0,0.4410758532421345,0
2017-04-05,Random Forest,1,1,0.501416240401468,1
2017-04-06,Random Forest,1,0,0.44193815624225063,0
2017-04-07,Random Forest,1,1,0.5229812766574349,1
2017-04-10,Random Forest,1,0,0.49243763509421845,0
2017-04-11,Random Forest,1,0,0.5248852613499586,1
2017-04-12,Random Forest,1,0,0.5197190699871366,1
2017-04-13,Random Forest,1,1,0.5273585394807234,1
2017-04-17,Random Forest,1,0,0.44401891698327084,0
2017-04-18,Random Forest,1,0,0.6168110314162312,1
2017-04-19,Random Forest,1,1,0.5166758086437302,1
2017-04-20,Random Forest,1,0,0.4719444881506158,0
2017-04-21,Random Forest,1,1,0.5514448159608202,1
2017-04-24,Random Forest,1,1,0.46406052285543054,0
2017-04-25,Random Forest,1,0,0.4761244042028061,0
2017-04-26,Random Forest,1,1,0.48494630831263147,0
2017-04-27,Random Forest,1,0,0.4001025507605091,0
2017-04-28,Random Forest,1,1,0.42154018135591775,0
2017-05-01,Random Forest,1,1,0.45801254154549886,0
2017-05-02,Random Forest,1,0,0.34828439620175916,0
2017-05-03,Random Forest,1,1,0.4994140117235745,0
2017-05-04,Random Forest,1,1,0.3924474617208644,0
2017-05-05,Random Forest,1,0,0.36984248979304923,0
2017-05-08,Random Forest,1,0,0.31909891623665554,0
2017-05-09,Random Forest,1,1,0.3455419651371933,0
2017-05-10,Random Forest,1,0,0.34318391576094254,0
2017-05-11,Random Forest,1,0,0.46844118525811196,0
2017-05-12,Random Forest,1,1,0.42967449773793903,0
2017-05-15,Random Forest,1,0,0.37072926182515575,0
2017-05-16,Random Forest,1,0,0.3909995048810814,0
2017-05-17,Random Forest,1,1,0.4975611726008948,0
2017-05-18,Random Forest,1,1,0.5021123382170845,1
2017-05-19,Random Forest,1,1,0.41573286615742033,0
2017-05-22,Random Forest,1,1,0.3813501811097147,0
2017-05-23,Random Forest,1,1,0.35314905038704947,0
2017-05-24,Random Forest,1,1,0.36129603207205935,0
2017-05-25,Random Forest,1,0,0.45229293978029333,0
2017-05-26,Random Forest,1,0,0.3517006157216129,0
2017-05-30,Random Forest,1,0,0.3288026700073633,0
2017-05-31,Random Forest,1,1,0.4889511528599806,0
2017-06-01,Random Forest,1,1,0.4713496971331949,0
2017-06-02,Random Forest,1,0,0.5892166364725387,1
2017-06-05,Random Forest,1,0,0.3462366771445024,0
2017-06-06,Random Forest,1,1,0.4011770009506585,0
2017-06-07,Random Forest,1,1,0.41773540272070653,0
2017-06-08,Random Forest,1,0,0.5051290014399634,1
2017-06-09,Random Forest,1,0,0.5514337663762872,1
2017-06-12,Random Forest,1,1,0.5303633719062252,1
2017-06-13,Random Forest,1,0,0.3633444935657684,0
2017-06-14,Random Forest,1,0,0.4988188152495034,0
2017-06-15,Random Forest,1,1,0.4677777848336782,0
2017-06-16,Random Forest,1,1,0.5536246133358005,1
2017-06-19,Random Forest,1,0,0.39386294709596614,0
2017-06-20,Random Forest,1,0,0.4645078119279929,0
2017-06-21,Random Forest,1,0,0.4530107299357844,0
2017-06-22,Random Forest,1,1,0.444835452192389,0
2017-06-23,Random Forest,1,1,0.5383852462777985,1
2017-06-26,Random Forest,1,0,0.49516678444365203,0
2017-06-27,Random Forest,1,1,0.523007529207185,1
2017-06-28,Random Forest,1,0,0.43520931223132586,0
2017-06-29,Random Forest,1,1,0.5965012880799415,1
2017-06-30,Random Forest,1,1,0.4783835040522934,0
2017-07-03,Random Forest,1,1,0.3862016300323032,0
2017-07-05,Random Forest,1,0,0.47134937749052047,0
2017-07-06,Random Forest,1,1,0.48998113552703243,0
2017-07-07,Random Forest,1,1,0.4521074064344791,0
2017-07-10,Random Forest,1,0,0.4298671830510414,0
2017-07-11,Random Forest,1,1,0.5564781295346155,1
2017-07-12,Random Forest,1,1,0.40508601968984237,0
2017-07-13,Random Forest,1,1,0.37832953806409414,0
2017-07-14,Random Forest,1,0,0.5252446684817819,1
2017-07-17,Random Forest,1,1,0.37368873272714137,0
2017-07-18,Random Forest,1,1,0.4363626827050092,0
2017-07-19,Random Forest,1,1,0.42624114206251745,0
2017-07-20,Random Forest,1,0,0.4369415928443334,0
2017-07-21,Random Forest,1,0,0.45873122257009696,0
2017-07-24,Random Forest,1,1,0.32572193978790454,0
2017-07-25,Random Forest,1,1,0.3891257656112067,0
2017-07-26,Random Forest,1,0,0.3208727764606127,0
2017-07-27,Random Forest,1,0,0.46762799208843225,0
2017-07-28,Random Forest,1,0,0.4477952195255179,0
2017-07-31,Random Forest,1,1,0.5313037979701334,1
2017-08-01,Random Forest,1,1,0.37186009764518335,0
2017-08-02,Random Forest,1,0,0.3826044486184343,0
2017-08-03,Random Forest,1,1,0.362092271377358,0
2017-08-04,Random Forest,1,1,0.4478726703936191,0
2017-08-07,Random Forest,1,0,0.31090533427952466,0
2017-08-08,Random Forest,1,0,0.546569337064279,1
2017-08-09,Random Forest,1,0,0.4884137908075811,0
2017-08-10,Random Forest,1,1,0.5316096403966192,1
2017-08-11,Random Forest,1,1,0.5141649087758966,1
2017-08-14,Random Forest,1,0,0.43127318294231304,0
2017-08-15,Random Forest,1,1,0.4615832111778885,0
2017-08-16,Random Forest,1,0,0.4751813352738117,0
2017-08-17,Random Forest,1,0,0.5106245266477285,1
2017-08-18,Random Forest,1,1,0.5836895212992711,1
2017-08-21,Random Forest,1,1,0.5167938038563511,1
2017-08-22,Random Forest,1,0,0.4472679336677822,0
2017-08-23,Random Forest,1,0,0.43781275808983416,0
2017-08-24,Random Forest,1,1,0.4835900238178055,0
2017-08-25,Random Forest,1,1,0.5263179884316148,1
2017-08-28,Random Forest,1,1,0.43031144529347426,0
2017-08-29,Random Forest,1,1,0.48896886945861845,0
2017-08-30,Random Forest,1,1,0.47250638841403436,0
2017-08-31,Random Forest,1,1,0.44047492087215734,0
2017-09-01,Random Forest,1,0,0.44126211498770285,0
2017-09-05,Random Forest,1,1,0.6036481650335427,1
2017-09-06,Random Forest,1,0,0.35676039852671043,0
2017-09-07,Random Forest,1,0,0.37127756493916264,0
2017-09-08,Random Forest,1,1,0.4965656240137158,0
2017-09-11,Random Forest,1,1,0.4511323739153908,0
2017-09-12,Random Forest,1,1,0.43277647999491803,0
2017-09-13,Random Forest,1,0,0.4761762116715582,0
2017-09-14,Random Forest,1,1,0.5145178083008478,1
2017-09-15,Random Forest,1,1,0.48148625038150794,0
2017-09-18,Random Forest,1,1,0.4146914204011252,0
2017-09-19,Random Forest,1,1,0.35431257332423577,0
2017-09-20,Random Forest,1,0,0.4553707580881369,0
2017-09-21,Random Forest,1,1,0.3762985670892962,0
2017-09-22,Random Forest,1,0,0.43385041857116163,0
2017-09-25,Random Forest,1,1,0.5158408986587024,1
2017-09-26,Random Forest,1,1,0.46140169379069035,0
2017-09-27,Random Forest,1,1,0.49812171479755146,0
2017-09-28,Random Forest,1,1,0.3129911822620328,0
2017-09-29,Random Forest,1,1,0.43675896420744437,0
2017-10-02,Random Forest,1,1,0.40262372494201437,0
2017-10-03,Random Forest,1,1,0.45646366116652404,0
2017-10-04,Random Forest,1,1,0.4540392148602919,0
2017-10-05,Random Forest,1,0,0.435661896123291,0
2017-10-06,Random Forest,1,0,0.5479257365489488,1
2017-10-09,Random Forest,1,1,0.3619865123259759,0
2017-10-10,Random Forest,1,1,0.4120166173722491,0
2017-10-11,Random Forest,1,0,0.3546758146488065,0
2017-10-12,Random Forest,1,1,0.39778538780905603,0
2017-10-13,Random Forest,1,1,0.4056321793803516,0
2017-10-16,Random Forest,1,1,0.2960841044744029,0
2017-10-17,Random Forest,1,1,0.32647217085689867,0
2017-10-18,Random Forest,1,1,0.370286231347456,0
2017-10-19,Random Forest,1,1,0.43507236078142864,0
2017-10-20,Random Forest,1,0,0.4426635020976914,0
2017-10-23,Random Forest,1,1,0.4722404968406455,0
2017-10-24,Random Forest,1,0,0.39834965960864066,0
2017-10-25,Random Forest,1,1,0.6524735002883448,1
2017-10-26,Random Forest,1,1,0.4504235629069887,0
2017-10-27,Random Forest,1,0,0.48291178387153727,0
2017-10-30,Random Forest,1,1,0.4329517488949084,0
2017-10-31,Random Forest,1,1,0.40962887561554495,0
2017-11-01,Random Forest,1,1,0.4281267356895948,0
2017-11-02,Random Forest,1,1,0.49062302035397165,0
2017-11-03,Random Forest,1,1,0.41218346680738954,0
2017-11-06,Random Forest,1,0,0.36102976566919043,0
2017-11-07,Random Forest,1,1,0.4103971802480892,0
2017-11-08,Random Forest,1,0,0.3791328221343459,0
2017-11-09,Random Forest,1,0,0.5736960200243278,1
2017-11-10,Random Forest,1,1,0.44057041601379565,0
2017-11-13,Random Forest,1,0,0.4008554432229403,0
2017-11-14,Random Forest,1,0,0.46987736802887087,0
2017-11-15,Random Forest,1,1,0.5342789401269163,1
2017-11-16,Random Forest,1,0,0.4202833390295367,0
2017-11-17,Random Forest,1,1,0.500068319977723,1
2017-11-20,Random Forest,1,1,0.39953872821328673,0
2017-11-21,Random Forest,1,0,0.46795548249677205,0
2017-11-22,Random Forest,1,1,0.36433575619374475,0
2017-11-24,Random Forest,1,0,0.36367152971119376,0
2017-11-27,Random Forest,1,1,0.4400852373944833,0
2017-11-28,Random Forest,1,0,0.4691760209228467,0
2017-11-29,Random Forest,1,1,0.5766061558439647,1
2017-11-30,Random Forest,1,0,0.4760808639309726,0
2017-12-01,Random Forest,1,0,0.5793739817895566,1
2017-12-04,Random Forest,1,0,0.46044468231610824,0
2017-12-05,Random Forest,1,1,0.5427229187834256,1
2017-12-06,Random Forest,1,1,0.49153425388481276,0
2017-12-07,Random Forest,1,1,0.5177901656903628,1
2017-12-08,Random Forest,1,1,0.4845054783660561,0
2017-12-11,Random Forest,1,1,0.4931278145049881,0
2017-12-12,Random Forest,1,0,0.4600693422374211,0
2017-12-13,Random Forest,1,0,0.4815595283440117,0
2017-12-14,Random Forest,1,1,0.4386642066153181,0
2017-12-15,Random Forest,1,1,0.4361850487366568,0
2017-12-18,Random Forest,1,0,0.42468768005041013,0
2017-12-19,Random Forest,1,0,0.4395481407676889,0
2017-12-20,Random Forest,1,1,0.4421658177835968,0
2017-12-21,Random Forest,1,0,0.44664925928687976,0
2017-12-22,Random Forest,1,0,0.46678366786876296,0
2017-12-26,Random Forest,1,1,0.432546628528619,0
2017-12-27,Random Forest,1,1,0.4433014569361073,0
2017-12-28,Random Forest,1,0,0.3202833931441457,0
2017-12-29,Random Forest,1,1,0.5487390510153135,1
2018-01-02,Random Forest,1,1,0.39145555715640257,0
2018-01-03,Random Forest,1,1,0.4297254112758648,0
2018-01-04,Random Forest,1,1,0.4755311806984045,0
2018-01-05,Random Forest,1,1,0.4587512423311031,0
2018-01-08,Random Forest,1,1,0.47820288864697186,0
2018-01-09,Random Forest,1,0,0.4434737671207965,0
2018-01-10,Random Forest,1,1,0.5017527584308469,1
2018-01-11,Random Forest,1,1,0.41759825525817057,0
2018-01-12,Random Forest,2,0,0.5417286808924934,1
2018-01-16,Random Forest,2,1,0.5277781357657405,1
2018-01-17,Random Forest,2,0,0.4235290356170888,0
2018-01-18,Random Forest,2,1,0.5381224749787163,1
2018-01-19,Random Forest,2,1,0.43925264574200423,0
2018-01-22,Random Forest,2,1,0.45678264939952967,0
2018-01-23,Random Forest,2,0,0.5163336645549975,1
2018-01-24,Random Forest,2,1,0.5339013907990982,1
2018-01-25,Random Forest,2,1,0.4652154328686,0
2018-01-26,Random Forest,2,0,0.42502743626465944,0
2018-01-29,Random Forest,2,0,0.4635515172518714,0
2018-01-30,Random Forest,2,1,0.5173427581426929,1
2018-01-31,Random Forest,2,0,0.5279532297630466,1
2018-02-01,Random Forest,2,0,0.4687886481130332,0
2018-02-02,Random Forest,2,0,0.5392831653451242,1
2018-02-05,Random Forest,2,1,0.47773138460719156,0
2018-02-06,Random Forest,2,0,0.5207133838682868,1
2018-02-07,Random Forest,2,0,0.5365498731550636,1
2018-02-08,Random Forest,2,1,0.5247290349383208,1
2018-02-09,Random Forest,2,1,0.6140588275329983,1
2018-02-12,Random Forest,2,1,0.5683532981281733,1
2018-02-13,Random Forest,2,1,0.511650186959761,1
2018-02-14,Random Forest,2,1,0.48347095698026016,0
2018-02-15,Random Forest,2,1,0.5199908197530869,1
2018-02-16,Random Forest,2,0,0.5665273098727405,1
2018-02-20,Random Forest,2,0,0.5736353024229413,1
2018-02-21,Random Forest,2,1,0.49592589305299445,0
2018-02-22,Random Forest,2,1,0.5637679277963112,1
2018-02-23,Random Forest,2,1,0.4477801126675899,0
2018-02-26,Random Forest,2,0,0.5052054437355121,1
2018-02-27,Random Forest,2,0,0.44214414385256434,0
2018-02-28,Random Forest,2,0,0.5153567037560026,1
2018-03-01,Random Forest,2,1,0.5784362861044514,1
2018-03-02,Random Forest,2,1,0.46836154189832635,0
2018-03-05,Random Forest,2,1,0.41349127122728324,0
2018-03-06,Random Forest,2,0,0.5442480823665812,1
2018-03-07,Random Forest,2,1,0.4877383877381408,0
2018-03-08,Random Forest,2,1,0.5021304225056326,1
2018-03-09,Random Forest,2,0,0.6269861392572066,1
2018-03-12,Random Forest,2,0,0.5577775471783308,1
2018-03-13,Random Forest,2,0,0.5588705779393177,1
2018-03-14,Random Forest,2,0,0.5568559093619089,1
2018-03-15,Random Forest,2,1,0.49723103835206106,0
2018-03-16,Random Forest,2,0,0.5094690045164113,1
2018-03-19,Random Forest,2,1,0.5699435666857892,1
2018-03-20,Random Forest,2,0,0.4661327321018991,0
2018-03-21,Random Forest,2,0,0.5460432722376343,1
2018-03-22,Random Forest,2,0,0.55272846030738,1
2018-03-23,Random Forest,2,1,0.6253451583556111,1
2018-03-26,Random Forest,2,0,0.6824450983971803,1
2018-03-27,Random Forest,2,0,0.6209957870606835,1
2018-03-28,Random Forest,2,1,0.6373276382368817,1
2018-03-29,Random Forest,2,0,0.5873360088557132,1
2018-04-02,Random Forest,2,1,0.6768503387688362,1
2018-04-03,Random Forest,2,1,0.5520394149599855,1
2018-04-04,Random Forest,2,1,0.6065677523705448,1
2018-04-05,Random Forest,2,0,0.5710209553435637,1
2018-04-06,Random Forest,2,1,0.6550719927437619,1
2018-04-09,Random Forest,2,1,0.5910795533134738,1
2018-04-10,Random Forest,2,0,0.5626431211104768,1
2018-04-11,Random Forest,2,1,0.469889306947492,0
2018-04-12,Random Forest,2,0,0.4074181733284646,0
2018-04-13,Random Forest,2,1,0.5874091618418815,1
2018-04-16,Random Forest,2,1,0.44572976234321093,0
2018-04-17,Random Forest,2,1,0.45763623487426075,0
2018-04-18,Random Forest,2,0,0.41384209251145987,0
2018-04-19,Random Forest,2,0,0.591974332663764,1
2018-04-20,Random Forest,2,0,0.5776468655717594,1
2018-04-23,Random Forest,2,0,0.46215451168680377,0
2018-04-24,Random Forest,2,1,0.5425954062318832,1
2018-04-25,Random Forest,2,1,0.5899225860197699,1
2018-04-26,Random Forest,2,1,0.44377939725078624,0
2018-04-27,Random Forest,2,0,0.4885938136415698,0
2018-04-30,Random Forest,2,1,0.4890084430263465,0
2018-05-01,Random Forest,2,0,0.6127426142339436,1
2018-05-02,Random Forest,2,0,0.5836506584586045,1
2018-05-03,Random Forest,2,1,0.6136366882654682,1
2018-05-04,Random Forest,2,1,0.5816103296651728,1
2018-05-07,Random Forest,2,0,0.4959178410536871,0
2018-05-08,Random Forest,2,1,0.577993591667313,1
2018-05-09,Random Forest,2,1,0.44965847522203645,0
2018-05-10,Random Forest,2,1,0.5339949407232403,1
2018-05-11,Random Forest,2,1,0.6165986610344225,1
2018-05-14,Random Forest,2,0,0.4574090403416674,0
2018-05-15,Random Forest,2,1,0.6339478030192571,1
2018-05-16,Random Forest,2,0,0.3946986342335724,0
2018-05-17,Random Forest,2,0,0.5257465798940139,1
2018-05-18,Random Forest,2,1,0.5363590058170056,1
2018-05-21,Random Forest,2,0,0.49903799147065614,0
2018-05-22,Random Forest,2,1,0.4848365685625402,0
2018-05-23,Random Forest,2,0,0.5005520200850462,1
2018-05-24,Random Forest,2,0,0.541251134959216,1
2018-05-25,Random Forest,2,0,0.4719006490063793,0
2018-05-29,Random Forest,2,1,0.5941033032458561,1
2018-05-30,Random Forest,2,0,0.36762724718830625,0
2018-05-31,Random Forest,2,1,0.5506126688092908,1
2018-06-01,Random Forest,2,1,0.3575770702926315,0
2018-06-04,Random Forest,2,1,0.39393818744179376,0
2018-06-05,Random Forest,2,1,0.43631905582388253,0
2018-06-06,Random Forest,2,0,0.5801826557656226,1
2018-06-07,Random Forest,2,1,0.5783914427993057,1
2018-06-08,Random Forest,2,1,0.5709179141339287,1
2018-06-11,Random Forest,2,1,0.4274912330285875,0
2018-06-12,Random Forest,2,0,0.5298233279590375,1
2018-06-13,Random Forest,2,1,0.5996753724507864,1
2018-06-14,Random Forest,2,0,0.4929769955096778,0
2018-06-15,Random Forest,2,0,0.49850043129402677,0
2018-06-18,Random Forest,2,0,0.46201907430032046,0
2018-06-19,Random Forest,2,1,0.5654242680489042,1
2018-06-20,Random Forest,2,0,0.44464954789055794,0
2018-06-21,Random Forest,2,1,0.4978191582384932,0
2018-06-22,Random Forest,2,0,0.49287657122219064,0
2018-06-25,Random Forest,2,1,0.5798601923068782,1
2018-06-26,Random Forest,2,0,0.4442391322929248,0
2018-06-27,Random Forest,2,1,0.571419089599743,1
2018-06-28,Random Forest,2,1,0.46758212789011494,0
2018-06-29,Random Forest,2,1,0.6076104006144042,1
2018-07-02,Random Forest,2,0,0.5854837214758823,1
2018-07-03,Random Forest,2,1,0.567339732990827,1
2018-07-05,Random Forest,2,1,0.5680525963475358,1
2018-07-06,Random Forest,2,1,0.5186053132966663,1
2018-07-09,Random Forest,2,1,0.43613450647900975,0
2018-07-10,Random Forest,2,0,0.5315055986467592,1
2018-07-11,Random Forest,2,1,0.6109557984207573,1
2018-07-12,Random Forest,2,1,0.5642722622995656,1
2018-07-13,Random Forest,2,0,0.5300664872032415,1
2018-07-16,Random Forest,2,1,0.5081986467268351,1
2018-07-17,Random Forest,2,1,0.5005759997566459,1
2018-07-18,Random Forest,2,0,0.5076736483298074,1
2018-07-19,Random Forest,2,0,0.5588642926855274,1
2018-07-20,Random Forest,2,1,0.5830752867204215,1
2018-07-23,Random Forest,2,1,0.46188275743534574,0
2018-07-24,Random Forest,2,1,0.525672408401795,1
2018-07-25,Random Forest,2,0,0.5129821610576308,1
2018-07-26,Random Forest,2,0,0.538823442868811,1
2018-07-27,Random Forest,2,0,0.6647232633484915,1
2018-07-30,Random Forest,2,1,0.6401044923335083,1
2018-07-31,Random Forest,2,0,0.5696416929623943,1
2018-08-01,Random Forest,2,1,0.5234947589904149,1
2018-08-02,Random Forest,2,1,0.5138317593124478,1
2018-08-03,Random Forest,2,1,0.44621604143136,0
2018-08-06,Random Forest,2,1,0.40557731656722207,0
2018-08-07,Random Forest,2,0,0.4516573140153605,0
2018-08-08,Random Forest,2,0,0.42605236301729943,0
2018-08-09,Random Forest,2,0,0.43038907253893516,0
2018-08-10,Random Forest,2,0,0.6366735256301242,1
2018-08-13,Random Forest,2,1,0.6267034319109694,1
2018-08-14,Random Forest,2,0,0.4424326224926986,0
2018-08-15,Random Forest,2,1,0.6030831847769972,1
2018-08-16,Random Forest,2,1,0.41461613915496937,0
2018-08-17,Random Forest,2,1,0.5102280452777317,1
2018-08-20,Random Forest,2,1,0.39700008664427516,0
2018-08-21,Random Forest,2,0,0.5524960637590228,1
2018-08-22,Random Forest,2,0,0.44230144421657935,0
2018-08-23,Random Forest,2,1,0.5403395647099974,1
2018-08-24,Random Forest,2,1,0.4772061940226769,0
2018-08-27,Random Forest,2,1,0.5414394448026854,1
2018-08-28,Random Forest,2,1,0.4575566583277108,0
2018-08-29,Random Forest,2,0,0.5743810268639494,1
2018-08-30,Random Forest,2,1,0.6072470703375334,1
2018-08-31,Random Forest,2,0,0.5650539680510048,1
2018-09-04,Random Forest,2,0,0.5933314437645321,1
2018-09-05,Random Forest,2,0,0.7374581837377124,1
2018-09-06,Random Forest,2,0,0.6331929849657926,1
2018-09-07,Random Forest,2,1,0.6185988530181951,1
2018-09-10,Random Forest,2,1,0.48104692179748393,0
2018-09-11,Random Forest,2,1,0.4940058863988654,0
2018-09-12,Random Forest,2,1,0.5640300914784855,1
2018-09-13,Random Forest,2,1,0.4233759365725889,0
2018-09-14,Random Forest,2,0,0.5390233594415733,1
2018-09-17,Random Forest,2,1,0.5925985493585472,1
2018-09-18,Random Forest,2,1,0.43214113328671655,0
2018-09-19,Random Forest,2,1,0.4453450615006323,0
2018-09-20,Random Forest,2,0,0.44682171201350146,0
2018-09-21,Random Forest,2,0,0.48705389422811174,0
2018-09-24,Random Forest,2,0,0.5174885505225821,1
2018-09-25,Random Forest,2,0,0.5280876112279181,1
2018-09-26,Random Forest,2,1,0.6544526538936545,1
2018-09-27,Random Forest,2,1,0.5865218599940994,1
2018-09-28,Random Forest,2,1,0.5150777101151797,1
2018-10-01,Random Forest,2,0,0.5153042615372996,1
2018-10-02,Random Forest,2,1,0.5089467546944509,1
2018-10-03,Random Forest,2,0,0.6015651790841009,1
2018-10-04,Random Forest,2,0,0.610646491104949,1
2018-10-05,Random Forest,2,0,0.6125074390354146,1
2018-10-08,Random Forest,2,0,0.5643043183926518,1
2018-10-09,Random Forest,2,0,0.6122180019326463,1
2018-10-10,Random Forest,2,0,0.5261811163010987,1
2018-10-11,Random Forest,2,1,0.5788678120083252,1
2018-10-12,Random Forest,2,0,0.6333994595832909,1
2018-10-15,Random Forest,2,1,0.5626012831801722,1
2018-10-16,Random Forest,2,1,0.6482210013334049,1
2018-10-17,Random Forest,2,0,0.6826326233778601,1
2018-10-18,Random Forest,2,0,0.7327383301730204,1
2018-10-19,Random Forest,2,0,0.6932634055136044,1
2018-10-22,Random Forest,2,0,0.6120391847931627,1
2018-10-23,Random Forest,2,0,0.594557231742056,1
2018-10-24,Random Forest,2,1,0.6757055546690401,1
2018-10-25,Random Forest,2,0,0.6273903143163776,1
2018-10-26,Random Forest,2,0,0.6518390595862623,1
2018-10-29,Random Forest,2,1,0.6756897640697772,1
2018-10-30,Random Forest,2,1,0.6129835208323435,1
2018-10-31,Random Forest,2,1,0.5962513223274912,1
2018-11-01,Random Forest,2,0,0.4408233717134926,0
2018-11-02,Random Forest,2,1,0.5853996720826462,1
2018-11-05,Random Forest,2,1,0.5018365416105093,1
2018-11-06,Random Forest,2,1,0.4523965343266474,0
2018-11-07,Random Forest,2,0,0.5298353091651888,1
2018-11-08,Random Forest,2,0,0.49887240833865626,0
2018-11-09,Random Forest,2,0,0.6243691937873949,1
2018-11-12,Random Forest,2,0,0.5444119763659094,1
2018-11-13,Random Forest,2,0,0.47053284154031977,0
2018-11-14,Random Forest,2,1,0.5395830686543934,1
2018-11-15,Random Forest,2,1,0.5681259929650652,1
2018-11-16,Random Forest,2,0,0.5492820070210157,1
2018-11-19,Random Forest,2,0,0.4546315596940146,0
2018-11-20,Random Forest,2,1,0.6092382256824667,1
2018-11-21,Random Forest,2,0,0.458583173399128,0
2018-11-23,Random Forest,2,1,0.47265454726294837,0
2018-11-26,Random Forest,2,1,0.5581655608711272,1
2018-11-27,Random Forest,2,1,0.5673960052086118,1
2018-11-28,Random Forest,2,0,0.5892949073530837,1
2018-11-29,Random Forest,2,1,0.6232209050813587,1
2018-11-30,Random Forest,2,1,0.634151785669331,1
2018-12-03,Random Forest,2,0,0.626819821448345,1
2018-12-04,Random Forest,2,0,0.5849283782147551,1
2018-12-06,Random Forest,2,0,0.5866857286405849,1
2018-12-07,Random Forest,2,1,0.6291339157114869,1
2018-12-10,Random Forest,2,1,0.6083319851470342,1
2018-12-11,Random Forest,2,1,0.5209673956108222,1
2018-12-12,Random Forest,2,0,0.5108593462567829,1
2018-12-13,Random Forest,2,0,0.5919753929867273,1
2018-12-14,Random Forest,2,0,0.6719418699886567,1
2018-12-17,Random Forest,2,0,0.6908210503393433,1
2018-12-18,Random Forest,2,0,0.6806751986304045,1
2018-12-19,Random Forest,2,0,0.6130524485004257,1
2018-12-20,Random Forest,2,0,0.6514128292005207,1
2018-12-21,Random Forest,2,0,0.6422529923816355,1
2018-12-24,Random Forest,2,1,0.547086681336128,1
2018-12-26,Random Forest,2,1,0.679002227230068,1
2018-12-27,Random Forest,2,0,0.6596810601287024,1
2018-12-28,Random Forest,2,1,0.5847319212771415,1
2018-12-31,Random Forest,2,1,0.5521831465500145,1
2019-01-02,Random Forest,2,0,0.4880782011960568,0
2019-01-03,Random Forest,2,1,0.6505473933702963,1
2019-01-04,Random Forest,2,1,0.5492678780963866,1
2019-01-07,Random Forest,2,1,0.42446404730125925,0
2019-01-08,Random Forest,2,1,0.529036987047626,1
2019-01-09,Random Forest,2,1,0.4631036485645688,0
2019-01-10,Random Forest,2,1,0.4907314238143608,0
2019-01-11,Random Forest,3,0,0.4932712297353117,0
2019-01-14,Random Forest,3,1,0.451226471806636,0
2019-01-15,Random Forest,3,1,0.504016738413009,1
2019-01-16,Random Forest,3,1,0.47719117492897717,0
2019-01-17,Random Forest,3,1,0.5533261919858611,1
2019-01-18,Random Forest,3,0,0.5938044097164683,1
2019-01-22,Random Forest,3,1,0.5526319580021983,1
2019-01-23,Random Forest,3,1,0.5455660662331338,1
2019-01-24,Random Forest,3,1,0.4282554539791776,0
2019-01-25,Random Forest,3,0,0.63933371968091,1
2019-01-28,Random Forest,3,0,0.6142610799768914,1
2019-01-29,Random Forest,3,1,0.47307939649610203,0
2019-01-30,Random Forest,3,1,0.6074145189652861,1
2019-01-31,Random Forest,3,1,0.6142861382668803,1
2019-02-01,Random Forest,3,1,0.6015296438012524,1
2019-02-04,Random Forest,3,1,0.4795861555496684,0
2019-02-05,Random Forest,3,0,0.5268886418093985,1
2019-02-06,Random Forest,3,0,0.364563506400959,0
2019-02-07,Random Forest,3,1,0.638762651560867,1
2019-02-08,Random Forest,3,1,0.49136276161675035,0
2019-02-11,Random Forest,3,1,0.4609187803692156,0
2019-02-12,Random Forest,3,1,0.4815753266574856,0
2019-02-13,Random Forest,3,0,0.3567320392817901,0
2019-02-14,Random Forest,3,1,0.5083381325144206,1
2019-02-15,Random Forest,3,1,0.4434555769980456,0
2019-02-19,Random Forest,3,1,0.323608642253883,0
2019-02-20,Random Forest,3,0,0.47453800727383044,0
2019-02-21,Random Forest,3,1,0.31536878383057804,0
2019-02-22,Random Forest,3,1,0.40283684396157554,0
2019-02-25,Random Forest,3,0,0.42521968888996037,0
2019-02-26,Random Forest,3,0,0.27647878651497376,0
2019-02-27,Random Forest,3,0,0.3180019491555439,0
2019-02-28,Random Forest,3,1,0.4694754813357366,0
2019-03-01,Random Forest,3,0,0.4406931989138716,0
2019-03-04,Random Forest,3,0,0.484756313891624,0
2019-03-05,Random Forest,3,0,0.33985001717771135,0
2019-03-06,Random Forest,3,0,0.5448068403747172,1
2019-03-07,Random Forest,3,0,0.5849222953004019,1
2019-03-08,Random Forest,3,1,0.4493167035719099,0
2019-03-11,Random Forest,3,1,0.4168348830314741,0
2019-03-12,Random Forest,3,1,0.44830478719216516,0
2019-03-13,Random Forest,3,0,0.37996096772288834,0
2019-03-14,Random Forest,3,1,0.47690637256518337,0
2019-03-15,Random Forest,3,1,0.4075200424287312,0
2019-03-18,Random Forest,3,1,0.45351486612564296,0
2019-03-19,Random Forest,3,0,0.45698662612328933,0
2019-03-20,Random Forest,3,1,0.4670605832878327,0
2019-03-21,Random Forest,3,0,0.36291949675688423,0
2019-03-22,Random Forest,3,0,0.44246830252660946,0
2019-03-25,Random Forest,3,1,0.4788166440578992,0
2019-03-26,Random Forest,3,0,0.5275410001633307,1
2019-03-27,Random Forest,3,1,0.4837141727674174,0
2019-03-28,Random Forest,3,1,0.4545023986890943,0
2019-03-29,Random Forest,3,1,0.51964485148678,1
2019-04-01,Random Forest,3,1,0.4970117560732517,0
2019-04-02,Random Forest,3,1,0.4115745937235864,0
2019-04-03,Random Forest,3,1,0.4675593274527853,0
2019-04-04,Random Forest,3,1,0.417665677610036,0
2019-04-05,Random Forest,3,1,0.4587905166568935,0
2019-04-08,Random Forest,3,0,0.5079541696221119,1
2019-04-09,Random Forest,3,1,0.4258950653065734,0
2019-04-10,Random Forest,3,0,0.4010033183009107,0
2019-04-11,Random Forest,3,1,0.3972757471458144,0
2019-04-12,Random Forest,3,0,0.473171931388885,0
2019-04-15,Random Forest,3,1,0.3835790275056331,0
2019-04-16,Random Forest,3,0,0.4113771485938657,0
2019-04-17,Random Forest,3,1,0.41447792674139744,0
2019-04-18,Random Forest,3,1,0.4609586552667373,0
2019-04-22,Random Forest,3,1,0.41493205410351724,0
2019-04-23,Random Forest,3,0,0.4242222458016612,0
2019-04-24,Random Forest,3,0,0.45490975929686217,0
2019-04-25,Random Forest,3,1,0.4586817692614028,0
2019-04-26,Random Forest,3,1,0.45159330784442797,0
2019-04-29,Random Forest,3,1,0.4691669684841634,0
2019-04-30,Random Forest,3,0,0.5056966208802083,1
2019-05-01,Random Forest,3,0,0.5362030766355708,1
2019-05-02,Random Forest,3,1,0.5433244071556295,1
2019-05-03,Random Forest,3,0,0.37437470166667547,0
2019-05-06,Random Forest,3,0,0.4803025426140727,0
2019-05-07,Random Forest,3,0,0.5109315002793353,1
2019-05-08,Random Forest,3,0,0.5597579590972075,1
2019-05-09,Random Forest,3,1,0.5288276456311145,1
2019-05-10,Random Forest,3,0,0.42534826511280355,0
2019-05-13,Random Forest,3,1,0.6112979365788701,1
2019-05-14,Random Forest,3,1,0.5183832349044567,1
2019-05-15,Random Forest,3,1,0.5282816759343532,1
2019-05-16,Random Forest,3,0,0.5360362361304516,1
2019-05-17,Random Forest,3,0,0.5409376979556115,1
2019-05-20,Random Forest,3,1,0.6425105093988827,1
2019-05-21,Random Forest,3,0,0.5690555256393259,1
2019-05-22,Random Forest,3,0,0.5939375492565061,1
2019-05-23,Random Forest,3,1,0.6775966241235739,1
2019-05-24,Random Forest,3,0,0.6347578133088402,1
2019-05-28,Random Forest,3,0,0.5395449009202131,1
2019-05-29,Random Forest,3,1,0.6867742107661426,1
2019-05-30,Random Forest,3,0,0.5256688268770331,1
2019-05-31,Random Forest,3,0,0.5835150579498446,1
2019-06-03,Random Forest,3,1,0.6949584665560433,1
2019-06-04,Random Forest,3,1,0.5860698283456744,1
2019-06-05,Random Forest,3,1,0.594215535128822,1
2019-06-06,Random Forest,3,1,0.5609736367754249,1
2019-06-07,Random Forest,3,1,0.5480810733167858,1
2019-06-10,Random Forest,3,0,0.5539583774918827,1
2019-06-11,Random Forest,3,0,0.6082830533843816,1
2019-06-12,Random Forest,3,1,0.5142410602515853,1
2019-06-13,Random Forest,3,0,0.49663335270329034,0
2019-06-14,Random Forest,3,1,0.5790454522077397,1
2019-06-17,Random Forest,3,1,0.3569149287708441,0
2019-06-18,Random Forest,3,1,0.5248619611571099,1
2019-06-19,Random Forest,3,1,0.5691549289462439,1
2019-06-20,Random Forest,3,0,0.4963518283228764,0
2019-06-21,Random Forest,3,0,0.6585388478423371,1
2019-06-24,Random Forest,3,0,0.4756883999954465,0
2019-06-25,Random Forest,3,0,0.6142883632958318,1
2019-06-26,Random Forest,3,1,0.49745310850205804,0
2019-06-27,Random Forest,3,1,0.48919306441963023,0
2019-06-28,Random Forest,3,1,0.622468154931922,1
2019-07-01,Random Forest,3,1,0.5403440815408406,1
2019-07-02,Random Forest,3,1,0.5875754572874321,1
2019-07-03,Random Forest,3,0,0.41366189980221385,0
2019-07-05,Random Forest,3,0,0.5309588704087603,1
2019-07-08,Random Forest,3,1,0.4258896536809664,0
2019-07-09,Random Forest,3,1,0.4230245195976616,0
2019-07-10,Random Forest,3,1,0.4347788242149237,0
2019-07-11,Random Forest,3,1,0.5204182358135617,1
2019-07-12,Random Forest,3,1,0.36839070626088594,0
2019-07-15,Random Forest,3,0,0.33207673098557805,0
2019-07-16,Random Forest,3,0,0.32930060056334987,0
2019-07-17,Random Forest,3,1,0.4335279189987759,0
2019-07-18,Random Forest,3,0,0.49902291130635174,0
2019-07-19,Random Forest,3,1,0.5987664991918603,1
2019-07-22,Random Forest,3,1,0.5597006430676817,1
2019-07-23,Random Forest,3,1,0.5294646473086791,1
2019-07-24,Random Forest,3,0,0.5078263845625471,1
2019-07-25,Random Forest,3,1,0.5916526620893431,1
2019-07-26,Random Forest,3,0,0.4852271213295334,0
2019-07-29,Random Forest,3,0,0.4687511397447829,0
2019-07-30,Random Forest,3,0,0.534996333347333,1
2019-07-31,Random Forest,3,0,0.602790674292561,1
2019-08-01,Random Forest,3,0,0.6245661247879495,1
2019-08-02,Random Forest,3,0,0.5812089945396858,1
2019-08-05,Random Forest,3,1,0.5164064662154321,1
2019-08-06,Random Forest,3,1,0.5815074547997164,1
2019-08-07,Random Forest,3,1,0.5286759288568003,1
2019-08-08,Random Forest,3,0,0.6555880116790641,1
2019-08-09,Random Forest,3,0,0.6329037012750455,1
2019-08-12,Random Forest,3,1,0.5660294017083951,1
2019-08-13,Random Forest,3,0,0.5822103832784715,1
2019-08-14,Random Forest,3,1,0.4915445054081006,0
2019-08-15,Random Forest,3,1,0.6062973218895527,1
2019-08-16,Random Forest,3,1,0.5488912227053747,1
2019-08-19,Random Forest,3,0,0.5605361300022352,1
2019-08-20,Random Forest,3,1,0.5051473009864008,1
2019-08-21,Random Forest,3,0,0.5845267972005594,1
2019-08-22,Random Forest,3,0,0.5415942603038406,1
2019-08-23,Random Forest,3,1,0.564558455589756,1
2019-08-26,Random Forest,3,0,0.5426987091470048,1
2019-08-27,Random Forest,3,1,0.43093015065748247,0
2019-08-28,Random Forest,3,1,0.48425768672046837,0
2019-08-29,Random Forest,3,0,0.4453879738445218,0
2019-08-30,Random Forest,3,0,0.5083481163893001,1
2019-09-03,Random Forest,3,1,0.5158583498801054,1
2019-09-04,Random Forest,3,1,0.4988526546233516,0
2019-09-05,Random Forest,3,1,0.5063847993174371,1
2019-09-06,Random Forest,3,1,0.5264976589216671,1
2019-09-09,Random Forest,3,0,0.48335690376791796,0
2019-09-10,Random Forest,3,1,0.6172911108305257,1
2019-09-11,Random Forest,3,1,0.5909414717278557,1
2019-09-12,Random Forest,3,0,0.6541881326284977,1
2019-09-13,Random Forest,3,0,0.5534759814130342,1
2019-09-16,Random Forest,3,1,0.6059953829226942,1
2019-09-17,Random Forest,3,1,0.5355804807815104,1
2019-09-18,Random Forest,3,0,0.5437461700847388,1
2019-09-19,Random Forest,3,0,0.5154018498362678,1
2019-09-20,Random Forest,3,0,0.6075555792492274,1
2019-09-23,Random Forest,3,0,0.453838411742807,0
2019-09-24,Random Forest,3,1,0.5930412800701667,1
2019-09-25,Random Forest,3,0,0.5550127336932568,1
2019-09-26,Random Forest,3,0,0.5415181104944709,1
2019-09-27,Random Forest,3,1,0.5870264041704741,1
2019-09-30,Random Forest,3,0,0.42257509943692373,0
2019-10-01,Random Forest,3,0,0.5336289333274142,1
2019-10-02,Random Forest,3,1,0.6767598499281434,1
2019-10-03,Random Forest,3,1,0.6142647868277641,1
2019-10-04,Random Forest,3,0,0.4561002147881371,0
2019-10-07,Random Forest,3,0,0.5501311308776751,1
2019-10-08,Random Forest,3,1,0.6155011938123377,1
2019-10-09,Random Forest,3,1,0.6524409405871279,1
2019-10-10,Random Forest,3,1,0.5457655127931424,1
2019-10-11,Random Forest,3,0,0.5080142475979894,1
2019-10-14,Random Forest,3,1,0.4365704818748633,0
2019-10-15,Random Forest,3,0,0.4934378317718586,0
2019-10-16,Random Forest,3,1,0.5258718388517187,1
2019-10-17,Random Forest,3,0,0.4756532197335366,0
2019-10-18,Random Forest,3,1,0.5645650230749233,1
2019-10-21,Random Forest,3,0,0.3903368935590833,0
2019-10-22,Random Forest,3,1,0.49666431797796906,0
2019-10-23,Random Forest,3,1,0.37907669755347645,0
2019-10-24,Random Forest,3,1,0.34576061766429866,0
2019-10-25,Random Forest,3,1,0.4835077882599886,0
2019-10-28,Random Forest,3,0,0.466707205546665,0
2019-10-29,Random Forest,3,1,0.5047843631026129,1
2019-10-30,Random Forest,3,0,0.5193307708003485,1
2019-10-31,Random Forest,3,1,0.5550239239076862,1
2019-11-01,Random Forest,3,1,0.47139180185287116,0
2019-11-04,Random Forest,3,0,0.5877280238594604,1
2019-11-05,Random Forest,3,1,0.4322012882817642,0
2019-11-06,Random Forest,3,1,0.4684719045598194,0
2019-11-07,Random Forest,3,1,0.4893178666166053,0
2019-11-08,Random Forest,3,0,0.4835579375929306,0
2019-11-11,Random Forest,3,1,0.3782406016114869,0
2019-11-12,Random Forest,3,1,0.45984299728645006,0
2019-11-13,Random Forest,3,1,0.48824528262250033,0
2019-11-14,Random Forest,3,1,0.4560622164370703,0
2019-11-15,Random Forest,3,1,0.4411917976230151,0
2019-11-18,Random Forest,3,0,0.5080205761734158,1
2019-11-19,Random Forest,3,0,0.5198109409216546,1
2019-11-20,Random Forest,3,0,0.5332415955610696,1
2019-11-21,Random Forest,3,1,0.5247717879990482,1
2019-11-22,Random Forest,3,1,0.5061103818797846,1
2019-11-25,Random Forest,3,1,0.4103500996793261,0
2019-11-26,Random Forest,3,1,0.40735816586620227,0
2019-11-27,Random Forest,3,0,0.4822203029163218,0
2019-11-29,Random Forest,3,0,0.4165337315074949,0
2019-12-02,Random Forest,3,0,0.5908356690417745,1
2019-12-03,Random Forest,3,1,0.5713674099832131,1
2019-12-04,Random Forest,3,1,0.5248985298503153,1
2019-12-05,Random Forest,3,1,0.4950819228560066,0
2019-12-06,Random Forest,3,0,0.43772931526390063,0
2019-12-09,Random Forest,3,0,0.39953360332324717,0
2019-12-10,Random Forest,3,1,0.5607814645931406,1
2019-12-11,Random Forest,3,1,0.4444966626965023,0
2019-12-12,Random Forest,3,1,0.3873748042698993,0
2019-12-13,Random Forest,3,1,0.4747497281009012,0
2019-12-16,Random Forest,3,1,0.37103278476247503,0
2019-12-17,Random Forest,3,1,0.4323931427549433,0
2019-12-18,Random Forest,3,1,0.4112724794624875,0
2019-12-19,Random Forest,3,1,0.4810227585012536,0
2019-12-20,Random Forest,3,1,0.4535447964433469,0
2019-12-23,Random Forest,3,1,0.44791177152089956,0
2019-12-24,Random Forest,3,1,0.3833618206056956,0
2019-12-26,Random Forest,3,0,0.386324733229027,0
2019-12-27,Random Forest,3,0,0.49199850742253665,0
2019-12-30,Random Forest,3,1,0.49131378787206353,0
2019-12-31,Random Forest,3,1,0.4087960826248189,0
2020-01-02,Random Forest,3,0,0.4786367097361874,0
2020-01-03,Random Forest,3,1,0.5008014922781754,1
2020-01-06,Random Forest,3,0,0.3893119903373143,0
2020-01-07,Random Forest,3,1,0.3902006057998521,0
2020-01-08,Random Forest,3,1,0.47092970591831845,0
2020-01-09,Random Forest,4,0,0.5195814979294812,1
2020-01-10,Random Forest,4,1,0.5314203544853005,1
2020-01-13,Random Forest,4,0,0.50444984659098,1
2020-01-14,Random Forest,4,1,0.6282287258353102,1
2020-01-15,Random Forest,4,1,0.5358975000709916,1
2020-01-16,Random Forest,4,1,0.47462802493980444,0
2020-01-17,Random Forest,4,0,0.5266189026515723,1
2020-01-21,Random Forest,4,1,0.5561181650059582,1
2020-01-22,Random Forest,4,1,0.5501796036696422,1
2020-01-23,Random Forest,4,0,0.4881721932631848,0
2020-01-24,Random Forest,4,0,0.5143070180817635,1
2020-01-27,Random Forest,4,1,0.5507001042816015,1
2020-01-28,Random Forest,4,0,0.501245753922976,1
2020-01-29,Random Forest,4,1,0.5083899784953115,1
2020-01-30,Random Forest,4,0,0.48366269251480054,0
2020-01-31,Random Forest,4,1,0.5316828033775582,1
2020-02-03,Random Forest,4,1,0.4362716771898695,0
2020-02-04,Random Forest,4,1,0.4524268953420452,0
2020-02-05,Random Forest,4,1,0.533235298725154,1
2020-02-06,Random Forest,4,0,0.5931983951855502,1
2020-02-07,Random Forest,4,1,0.612443619797402,1
2020-02-10,Random Forest,4,1,0.4979747718865383,0
2020-02-11,Random Forest,4,1,0.6204645075736642,1
2020-02-12,Random Forest,4,0,0.5647480671584323,1
2020-02-13,Random Forest,4,1,0.5821036376414565,1
2020-02-14,Random Forest,4,0,0.5483613765216745,1
2020-02-18,Random Forest,4,1,0.5926643924853626,1
2020-02-19,Random Forest,4,0,0.5269102630131217,1
2020-02-20,Random Forest,4,0,0.5672611005800072,1
2020-02-21,Random Forest,4,0,0.4892370156278911,0
2020-02-24,Random Forest,4,0,0.46713093155034224,0
2020-02-25,Random Forest,4,0,0.5602468966979405,1
2020-02-26,Random Forest,4,0,0.6057790676634944,1
2020-02-27,Random Forest,4,0,0.5213259806741382,1
2020-02-28,Random Forest,4,1,0.5877767021077618,1
2020-03-02,Random Forest,4,0,0.6653426476350258,1
2020-03-03,Random Forest,4,1,0.6725190404915571,1
2020-03-04,Random Forest,4,0,0.6298582960825319,1
2020-03-05,Random Forest,4,0,0.6415746904519359,1
2020-03-06,Random Forest,4,0,0.6779066840169327,1
2020-03-09,Random Forest,4,1,0.6006607645018986,1
2020-03-10,Random Forest,4,0,0.6541598681357197,1
2020-03-11,Random Forest,4,0,0.6363569289155411,1
2020-03-12,Random Forest,4,1,0.607783496306393,1
2020-03-13,Random Forest,4,0,0.6622329414260989,1
2020-03-16,Random Forest,4,1,0.5991402517909474,1
2020-03-17,Random Forest,4,0,0.6447895889205165,1
2020-03-18,Random Forest,4,1,0.6268166509415443,1
2020-03-19,Random Forest,4,0,0.6482417933847471,1
2020-03-20,Random Forest,4,0,0.6819242762610124,1
2020-03-23,Random Forest,4,1,0.6596135243528177,1
2020-03-24,Random Forest,4,1,0.6438063696088905,1
2020-03-25,Random Forest,4,1,0.6377286345026361,1
2020-03-26,Random Forest,4,0,0.6050345490619021,1
2020-03-27,Random Forest,4,1,0.5905881866912099,1
2020-03-30,Random Forest,4,0,0.6072508653963032,1
2020-03-31,Random Forest,4,0,0.5849487562253594,1
2020-04-01,Random Forest,4,1,0.644023992316542,1
2020-04-02,Random Forest,4,0,0.6161612773197052,1
2020-04-03,Random Forest,4,1,0.5874731960735302,1
2020-04-06,Random Forest,4,1,0.6127967837648244,1
2020-04-07,Random Forest,4,1,0.5848867363134539,1
2020-04-08,Random Forest,4,1,0.5972880049974907,1
2020-04-09,Random Forest,4,0,0.5885768281220527,1
2020-04-13,Random Forest,4,1,0.5732020610808528,1
2020-04-14,Random Forest,4,0,0.6179839696404553,1
2020-04-15,Random Forest,4,1,0.6036852170292115,1
2020-04-16,Random Forest,4,1,0.6654762576869541,1
2020-04-17,Random Forest,4,0,0.6179435961427523,1
2020-04-20,Random Forest,4,0,0.5522432537802621,1
2020-04-21,Random Forest,4,1,0.6334846520511113,1
2020-04-22,Random Forest,4,0,0.6483814738255977,1
2020-04-23,Random Forest,4,1,0.616817545745677,1
2020-04-24,Random Forest,4,1,0.6425267953303484,1
2020-04-27,Random Forest,4,0,0.5788870497965262,1
2020-04-28,Random Forest,4,1,0.5975417156384097,1
2020-04-29,Random Forest,4,0,0.5938321117180503,1
2020-04-30,Random Forest,4,0,0.6185259660226362,1
2020-05-01,Random Forest,4,1,0.6331576944562857,1
2020-05-04,Random Forest,4,1,0.5763528123938237,1
2020-05-05,Random Forest,4,0,0.5660179238291511,1
2020-05-06,Random Forest,4,1,0.48501688441978347,0
2020-05-07,Random Forest,4,1,0.4764851658550512,0
2020-05-08,Random Forest,4,1,0.4935657997354634,0
2020-05-11,Random Forest,4,0,0.4562043635652381,0
2020-05-12,Random Forest,4,0,0.5071895396105365,1
2020-05-13,Random Forest,4,1,0.5520284825732449,1
2020-05-14,Random Forest,4,1,0.5462145200641091,1
2020-05-15,Random Forest,4,1,0.5300725954346924,1
2020-05-18,Random Forest,4,0,0.49367804761388445,0
2020-05-19,Random Forest,4,1,0.4681629073617823,0
2020-05-20,Random Forest,4,0,0.45366897947030493,0
2020-05-21,Random Forest,4,1,0.420743170926008,0
2020-05-22,Random Forest,4,1,0.46128029036346174,0
2020-05-26,Random Forest,4,1,0.48820502326480497,0
2020-05-27,Random Forest,4,0,0.4292851384287886,0
2020-05-28,Random Forest,4,1,0.43304665283756666,0
2020-05-29,Random Forest,4,1,0.4686791318651387,0
2020-06-01,Random Forest,4,1,0.41581497253987637,0
2020-06-02,Random Forest,4,1,0.41084866122299285,0
2020-06-03,Random Forest,4,0,0.43396960349215474,0
2020-06-04,Random Forest,4,1,0.3793187631323139,0
2020-06-05,Random Forest,4,1,0.40885010968910307,0
2020-06-08,Random Forest,4,0,0.45443014133366033,0
2020-06-09,Random Forest,4,0,0.3742566509113784,0
2020-06-10,Random Forest,4,0,0.4287881431618981,0
2020-06-11,Random Forest,4,1,0.5048257371355123,1
2020-06-12,Random Forest,4,1,0.5244136533949666,1
2020-06-15,Random Forest,4,1,0.5291316950599547,1
2020-06-16,Random Forest,4,0,0.5163825025903489,1
2020-06-17,Random Forest,4,1,0.5140789182433666,1
2020-06-18,Random Forest,4,0,0.550915732071318,1
2020-06-19,Random Forest,4,1,0.5122537298840076,1
2020-06-22,Random Forest,4,1,0.5237024409318775,1
2020-06-23,Random Forest,4,0,0.5280025570451944,1
2020-06-24,Random Forest,4,1,0.5476727514057467,1
2020-06-25,Random Forest,4,0,0.5189539992218485,1
2020-06-26,Random Forest,4,1,0.5104045807175815,1
2020-06-29,Random Forest,4,1,0.5495358559216202,1
2020-06-30,Random Forest,4,1,0.5503393374390624,1
2020-07-01,Random Forest,4,1,0.5142182803489519,1
2020-07-02,Random Forest,4,1,0.5181683662073971,1
2020-07-06,Random Forest,4,0,0.5363050236342457,1
2020-07-07,Random Forest,4,1,0.5340056015745653,1
2020-07-08,Random Forest,4,0,0.5288136874285607,1
2020-07-09,Random Forest,4,1,0.5181830325622466,1
2020-07-10,Random Forest,4,0,0.525104363667488,1
2020-07-13,Random Forest,4,1,0.5289816254894699,1
2020-07-14,Random Forest,4,1,0.5085427196307036,1
2020-07-15,Random Forest,4,0,0.526660589686496,1
2020-07-16,Random Forest,4,1,0.47632975742980604,0
2020-07-17,Random Forest,4,1,0.4846714423831634,0
2020-07-20,Random Forest,4,1,0.5081065781227267,1
2020-07-21,Random Forest,4,1,0.4631231334066278,0
2020-07-22,Random Forest,4,0,0.471397985759925,0
2020-07-23,Random Forest,4,0,0.4840928732315489,0
2020-07-24,Random Forest,4,1,0.5029997799992467,1
2020-07-27,Random Forest,4,0,0.5131874466955453,1
2020-07-28,Random Forest,4,1,0.4693782148203775,0
2020-07-29,Random Forest,4,0,0.45333342289725403,0
2020-07-30,Random Forest,4,1,0.5207195123875809,1
2020-07-31,Random Forest,4,1,0.48301140644497564,0
2020-08-03,Random Forest,4,1,0.48796185630650607,0
2020-08-04,Random Forest,4,1,0.4543998291240935,0
2020-08-05,Random Forest,4,1,0.4437894500637763,0
2020-08-06,Random Forest,4,1,0.4133044745289601,0
2020-08-07,Random Forest,4,1,0.4302182487538766,0
2020-08-10,Random Forest,4,0,0.3634637298179452,0
2020-08-11,Random Forest,4,1,0.5065140509964486,1
2020-08-12,Random Forest,4,0,0.3993365611707986,0
2020-08-13,Random Forest,4,1,0.36932200480285743,0
2020-08-14,Random Forest,4,1,0.4340781366387936,0
2020-08-17,Random Forest,4,1,0.4520196865814138,0
2020-08-18,Random Forest,4,0,0.4166585264440508,0
2020-08-19,Random Forest,4,1,0.49122896017651035,0
2020-08-20,Random Forest,4,1,0.382176522356818,0
2020-08-21,Random Forest,4,1,0.46063797091882813,0
2020-08-24,Random Forest,4,1,0.3637443509135855,0
2020-08-25,Random Forest,4,1,0.38445231195079194,0
2020-08-26,Random Forest,4,1,0.4025741089955226,0
2020-08-27,Random Forest,4,1,0.3948662099296406,0
2020-08-28,Random Forest,4,0,0.36501268004767834,0
2020-08-31,Random Forest,4,1,0.43018168281836217,0
2020-09-01,Random Forest,4,1,0.3209135866613166,0
2020-09-02,Random Forest,4,0,0.38452261044331626,0
2020-09-03,Random Forest,4,0,0.40548773942213645,0
2020-09-04,Random Forest,4,0,0.4515518636440669,0
2020-09-08,Random Forest,4,1,0.49505684121271365,0
2020-09-09,Random Forest,4,0,0.521726371466887,1
2020-09-10,Random Forest,4,1,0.5372950336623715,1
2020-09-11,Random Forest,4,1,0.5388506179748205,1
2020-09-14,Random Forest,4,1,0.5209975574124776,1
2020-09-15,Random Forest,4,0,0.5367451833083489,1
2020-09-16,Random Forest,4,0,0.48868252119892064,0
2020-09-17,Random Forest,4,0,0.5019183149739435,1
2020-09-18,Random Forest,4,0,0.542828551437176,1
2020-09-21,Random Forest,4,1,0.6010672444570608,1
2020-09-22,Random Forest,4,0,0.5162505907088412,1
2020-09-23,Random Forest,4,1,0.601711882579092,1
2020-09-24,Random Forest,4,1,0.5921689580095966,1
2020-09-25,Random Forest,4,1,0.600020018836921,1
2020-09-28,Random Forest,4,0,0.46784681194291594,0
2020-09-29,Random Forest,4,1,0.5025471067270559,1
2020-09-30,Random Forest,4,1,0.5126111097115537,1
2020-10-01,Random Forest,4,0,0.522352948647145,1
2020-10-02,Random Forest,4,1,0.499555223603521,0
2020-10-05,Random Forest,4,0,0.4215555697562442,0
2020-10-06,Random Forest,4,1,0.4881601173533909,0
2020-10-07,Random Forest,4,1,0.443431048352673,0
2020-10-08,Random Forest,4,1,0.49063196245427976,0
2020-10-09,Random Forest,4,1,0.5212018582250668,1
2020-10-12,Random Forest,4,0,0.4557550725067253,0
2020-10-13,Random Forest,4,0,0.5802861213803258,1
2020-10-14,Random Forest,4,0,0.5623614075413015,1
2020-10-15,Random Forest,4,0,0.5597498054763596,1
2020-10-16,Random Forest,4,0,0.5383591314130723,1
2020-10-19,Random Forest,4,1,0.5288730809578445,1
2020-10-20,Random Forest,4,0,0.5165515688166691,1
2020-10-21,Random Forest,4,1,0.49303037983498355,0
2020-10-22,Random Forest,4,1,0.5748751983474342,1
2020-10-23,Random Forest,4,0,0.5605363593956336,1
2020-10-26,Random Forest,4,0,0.5683276891847081,1
2020-10-27,Random Forest,4,0,0.5093841775292636,1
2020-10-28,Random Forest,4,1,0.5294345194725117,1
2020-10-29,Random Forest,4,0,0.597133604906566,1
2020-10-30,Random Forest,4,1,0.5541438473978729,1
2020-11-02,Random Forest,4,1,0.5951198851146785,1
2020-11-03,Random Forest,4,1,0.548946882261489,1
2020-11-04,Random Forest,4,1,0.5173930132808633,1
2020-11-05,Random Forest,4,0,0.5500859516723684,1
2020-11-06,Random Forest,4,1,0.5691435145957364,1
2020-11-09,Random Forest,4,0,0.5036765178556356,1
2020-11-10,Random Forest,4,1,0.5597921921514744,1
2020-11-11,Random Forest,4,0,0.52388676723654,1
2020-11-12,Random Forest,4,1,0.5522413289749624,1
2020-11-13,Random Forest,4,1,0.47989526199080734,0
2020-11-16,Random Forest,4,0,0.520613573825752,1
2020-11-17,Random Forest,4,0,0.5203454036321267,1
2020-11-18,Random Forest,4,1,0.4758308728533959,0
2020-11-19,Random Forest,4,0,0.5085311131633049,1
2020-11-20,Random Forest,4,1,0.4989528020812371,0
2020-11-23,Random Forest,4,1,0.5347922871467106,1
2020-11-24,Random Forest,4,0,0.5193669118420433,1
2020-11-25,Random Forest,4,1,0.47353388252719986,0
2020-11-27,Random Forest,4,0,0.46836232721535814,0
2020-11-30,Random Forest,4,1,0.5487573144292351,1
2020-12-01,Random Forest,4,1,0.5025612880959287,1
2020-12-02,Random Forest,4,0,0.4780206567867692,0
2020-12-03,Random Forest,4,1,0.5304351060060378,1
2020-12-04,Random Forest,4,0,0.4568573658962286,0
2020-12-07,Random Forest,4,1,0.458833197405574,0
2020-12-08,Random Forest,4,0,0.43364252312350665,0
2020-12-09,Random Forest,4,0,0.46292295946065715,0
2020-12-10,Random Forest,4,0,0.4265204391187835,0
2020-12-11,Random Forest,4,0,0.4805090053069959,0
2020-12-14,Random Forest,4,1,0.48583583608929226,0
2020-12-15,Random Forest,4,1,0.3965607594935255,0
2020-12-16,Random Forest,4,1,0.5075357563180227,1
2020-12-17,Random Forest,4,0,0.5170709411301767,1
2020-12-18,Random Forest,4,0,0.4702466205942973,0
2020-12-21,Random Forest,4,0,0.46309197042725836,0
2020-12-22,Random Forest,4,1,0.5135922197560372,1
2020-12-23,Random Forest,4,1,0.5190732607726791,1
2020-12-24,Random Forest,4,1,0.5168325802722865,1
2020-12-28,Random Forest,4,0,0.43832027832162945,0
2020-12-29,Random Forest,4,1,0.5244273792740748,1
2020-12-30,Random Forest,4,1,0.46862197742759026,0
2020-12-31,Random Forest,4,0,0.5046663947448657,1
2021-01-04,Random Forest,4,1,0.43209308962291965,0
2021-01-05,Random Forest,4,1,0.43972981822832297,0
2021-01-06,Random Forest,5,1,0.47381617734775544,0
2021-01-07,Random Forest,5,1,0.42159381452635375,0
2021-01-08,Random Forest,5,0,0.44294416714933477,0
2021-01-11,Random Forest,5,1,0.5197507681585675,1
2021-01-12,Random Forest,5,1,0.5748035121013605,1
2021-01-13,Random Forest,5,0,0.5351177116614804,1
2021-01-14,Random Forest,5,0,0.6446056250521836,1
2021-01-15,Random Forest,5,1,0.5027421009198938,1
2021-01-19,Random Forest,5,1,0.5092802630564554,1
2021-01-20,Random Forest,5,1,0.5284403853159166,1
2021-01-21,Random Forest,5,0,0.5499879651743158,1
2021-01-22,Random Forest,5,1,0.5655662921345717,1
2021-01-25,Random Forest,5,0,0.5812486411353861,1
2021-01-26,Random Forest,5,0,0.554164401596524,1
2021-01-27,Random Forest,5,1,0.5481385415478934,1
2021-01-28,Random Forest,5,0,0.48091602675377276,0
2021-01-29,Random Forest,5,1,0.5646419259779676,1
2021-02-01,Random Forest,5,1,0.5046786687411347,1
2021-02-02,Random Forest,5,1,0.5614197829511807,1
2021-02-03,Random Forest,5,1,0.5759634188428683,1
2021-02-04,Random Forest,5,1,0.4873818143088362,0
2021-02-05,Random Forest,5,1,0.5546876293432558,1
2021-02-08,Random Forest,5,0,0.49200857706286233,0
2021-02-09,Random Forest,5,0,0.49873237265413933,0
2021-02-10,Random Forest,5,1,0.48327276767422034,0
2021-02-11,Random Forest,5,1,0.4907900887052224,0
2021-02-12,Random Forest,5,0,0.48087555186146447,0
2021-02-16,Random Forest,5,1,0.47449201938602736,0
2021-02-17,Random Forest,5,0,0.4538859078759422,0
2021-02-18,Random Forest,5,0,0.46044651454399227,0
2021-02-19,Random Forest,5,0,0.4095427381021011,0
2021-02-22,Random Forest,5,1,0.5130037522513896,1
2021-02-23,Random Forest,5,1,0.4248547530675435,0
2021-02-24,Random Forest,5,0,0.4742286490158476,0
2021-02-25,Random Forest,5,0,0.4304706345971812,0
2021-02-26,Random Forest,5,1,0.4718707646956262,0
2021-03-01,Random Forest,5,0,0.4697350060671228,0
2021-03-02,Random Forest,5,0,0.5335429149644899,1
2021-03-03,Random Forest,5,0,0.4832546845694421,0
2021-03-04,Random Forest,5,1,0.5337029433716602,1
2021-03-05,Random Forest,5,0,0.4440404718096921,0
2021-03-08,Random Forest,5,1,0.560644319913655,1
2021-03-09,Random Forest,5,1,0.48340469861977275,0
2021-03-10,Random Forest,5,1,0.554824392607779,1
2021-03-11,Random Forest,5,1,0.49981373226037784,0
2021-03-12,Random Forest,5,1,0.5538176656777444,1
2021-03-15,Random Forest,5,0,0.5692268750381738,1
2021-03-16,Random Forest,5,1,0.5513405756386384,1
2021-03-17,Random Forest,5,0,0.46754996073226956,0
2021-03-18,Random Forest,5,0,0.49993149375151913,0
2021-03-19,Random Forest,5,1,0.5350991336752208,1
2021-03-22,Random Forest,5,0,0.44739335772624406,0
2021-03-23,Random Forest,5,0,0.5303819335788951,1
2021-03-24,Random Forest,5,1,0.3662383046307081,0
2021-03-25,Random Forest,5,1,0.4864000977686069,0
2021-03-26,Random Forest,5,0,0.4507184037655823,0
2021-03-29,Random Forest,5,0,0.552528261348468,1
2021-03-30,Random Forest,5,1,0.5493446176108007,1
2021-03-31,Random Forest,5,1,0.534633585541813,1
2021-04-01,Random Forest,5,1,0.5503352288988435,1
2021-04-05,Random Forest,5,0,0.43494446525748004,0
2021-04-06,Random Forest,5,1,0.5020082830559001,1
2021-04-07,Random Forest,5,1,0.4936215049351055,0
2021-04-08,Random Forest,5,1,0.47459360819326896,0
2021-04-09,Random Forest,5,1,0.4704190772794685,0
2021-04-12,Random Forest,5,1,0.4358942539627474,0
2021-04-13,Random Forest,5,0,0.39734650196084115,0
2021-04-14,Random Forest,5,1,0.4922348430685927,0
2021-04-15,Random Forest,5,1,0.38143738179230746,0
2021-04-16,Random Forest,5,0,0.4986029552638954,0
2021-04-19,Random Forest,5,0,0.5319261699353159,1
2021-04-20,Random Forest,5,1,0.5336997295862705,1
2021-04-21,Random Forest,5,0,0.3949393267471906,0
2021-04-22,Random Forest,5,1,0.5261802202596264,1
2021-04-23,Random Forest,5,1,0.44094649943867126,0
2021-04-26,Random Forest,5,0,0.4721252811839538,0
2021-04-27,Random Forest,5,0,0.532221647633969,1
2021-04-28,Random Forest,5,1,0.4853337563057227,0
2021-04-29,Random Forest,5,0,0.4971214459636115,0
2021-04-30,Random Forest,5,1,0.5907958428143689,1
2021-05-03,Random Forest,5,0,0.5146461029394699,1
2021-05-04,Random Forest,5,1,0.4779843867469782,0
2021-05-05,Random Forest,5,1,0.5003597071515993,1
2021-05-06,Random Forest,5,1,0.5123540382786366,1
2021-05-07,Random Forest,5,0,0.532586747875367,1
2021-05-10,Random Forest,5,0,0.45928062715277373,0
2021-05-11,Random Forest,5,0,0.5273192009473093,1
2021-05-12,Random Forest,5,1,0.5060712890892974,1
2021-05-13,Random Forest,5,1,0.45270490010456194,0
2021-05-14,Random Forest,5,0,0.41451722831205234,0
2021-05-17,Random Forest,5,0,0.5186836310157058,1
2021-05-18,Random Forest,5,0,0.4942327246143768,0
2021-05-19,Random Forest,5,1,0.5371373114078212,1
2021-05-20,Random Forest,5,0,0.44837234151932354,0
2021-05-21,Random Forest,5,1,0.5666876195986204,1
2021-05-24,Random Forest,5,0,0.43204523741036305,0
2021-05-25,Random Forest,5,1,0.5604872361221966,1
2021-05-26,Random Forest,5,1,0.46394257658814414,0
2021-05-27,Random Forest,5,1,0.515965746418591,1
2021-05-28,Random Forest,5,0,0.4876576399423554,0
2021-06-01,Random Forest,5,1,0.47313679376864654,0
2021-06-02,Random Forest,5,0,0.3781964374207289,0
2021-06-03,Random Forest,5,1,0.49433434724931075,0
2021-06-04,Random Forest,5,0,0.4220228542066869,0
2021-06-07,Random Forest,5,1,0.4916942250970111,0
2021-06-08,Random Forest,5,0,0.44098173210396535,0
2021-06-09,Random Forest,5,1,0.44185813488827835,0
2021-06-10,Random Forest,5,1,0.4894755117928802,0
2021-06-11,Random Forest,5,1,0.42740721167572626,0
2021-06-14,Random Forest,5,0,0.40990717376763486,0
2021-06-15,Random Forest,5,0,0.48038910779276034,0
2021-06-16,Random Forest,5,0,0.47499015420278334,0
2021-06-17,Random Forest,5,0,0.4697744097246709,0
2021-06-18,Random Forest,5,1,0.5508322397495158,1
2021-06-21,Random Forest,5,1,0.39987118284628637,0
2021-06-22,Random Forest,5,0,0.464482058983119,0
2021-06-23,Random Forest,5,1,0.48162816658478513,0
2021-06-24,Random Forest,5,1,0.4258566642109577,0
2021-06-25,Random Forest,5,1,0.6372138890184946,1
2021-06-28,Random Forest,5,1,0.5365309626180652,1
2021-06-29,Random Forest,5,1,0.40345747826570294,0
2021-06-30,Random Forest,5,1,0.5404845222502509,1
2021-07-01,Random Forest,5,1,0.505256212654786,1
2021-07-02,Random Forest,5,0,0.4762367568965606,0
2021-07-06,Random Forest,5,1,0.5345729607377026,1
2021-07-07,Random Forest,5,0,0.4891026450658558,0
2021-07-08,Random Forest,5,1,0.4416574346233805,0
2021-07-09,Random Forest,5,1,0.3981218271570125,0
2021-07-12,Random Forest,5,0,0.5258687728156258,1
2021-07-13,Random Forest,5,1,0.5322976138498448,1
2021-07-14,Random Forest,5,0,0.5578348890533047,1
2021-07-15,Random Forest,5,0,0.5546327531008989,1
2021-07-16,Random Forest,5,0,0.5319773362197122,1
2021-07-19,Random Forest,5,1,0.42159526666143454,0
2021-07-20,Random Forest,5,1,0.4806716890574502,0
2021-07-21,Random Forest,5,1,0.5190309296574054,1
2021-07-22,Random Forest,5,1,0.5106338736211259,1
2021-07-23,Random Forest,5,1,0.5250999983180404,1
2021-07-26,Random Forest,5,0,0.5052058684547268,1
2021-07-27,Random Forest,5,0,0.6276864356895989,1
2021-07-28,Random Forest,5,1,0.5561265891484759,1
2021-07-29,Random Forest,5,0,0.459096131119463,0
2021-07-30,Random Forest,5,0,0.5628597376728837,1
2021-08-02,Random Forest,5,1,0.4958920332628475,0
2021-08-03,Random Forest,5,0,0.4910455178640792,0
2021-08-04,Random Forest,5,1,0.48401011136088684,0
2021-08-05,Random Forest,5,1,0.4563222165499057,0
2021-08-06,Random Forest,5,0,0.5173260603048506,1
2021-08-09,Random Forest,5,1,0.4113801386360439,0
2021-08-10,Random Forest,5,1,0.46452640153138175,0
2021-08-11,Random Forest,5,1,0.4019857448203471,0
2021-08-12,Random Forest,5,1,0.35511149013062343,0
2021-08-13,Random Forest,5,1,0.3843883743152342,0
2021-08-16,Random Forest,5,0,0.46606596392530264,0
2021-08-17,Random Forest,5,0,0.4535732142097296,0
2021-08-18,Random Forest,5,1,0.6140665364546489,1
2021-08-19,Random Forest,5,1,0.47237325203682345,0
2021-08-20,Random Forest,5,1,0.49956438069158354,0
2021-08-23,Random Forest,5,1,0.4780057789628158,0
2021-08-24,Random Forest,5,1,0.4736165566605766,0
2021-08-25,Random Forest,5,0,0.4594970607070616,0
2021-08-26,Random Forest,5,1,0.5573112921038484,1
2021-08-27,Random Forest,5,1,0.48539994460532715,0
2021-08-30,Random Forest,5,0,0.5881997507611719,1
2021-08-31,Random Forest,5,1,0.5985829685982911,1
2021-09-01,Random Forest,5,1,0.5193266289447288,1
2021-09-02,Random Forest,5,0,0.4552330908663677,0
2021-09-03,Random Forest,5,0,0.49229787999518393,0
2021-09-07,Random Forest,5,0,0.5858455917666967,1
2021-09-08,Random Forest,5,0,0.5779898845355205,1
2021-09-09,Random Forest,5,0,0.6451890611153341,1
2021-09-10,Random Forest,5,1,0.520768692191412,1
2021-09-13,Random Forest,5,0,0.4688159484772255,0
2021-09-14,Random Forest,5,1,0.4767721054470275,0
2021-09-15,Random Forest,5,0,0.4247164711949791,0
2021-09-16,Random Forest,5,0,0.527950670014789,1
2021-09-17,Random Forest,5,0,0.5171164368158965,1
2021-09-20,Random Forest,5,0,0.5591156649783242,1
2021-09-21,Random Forest,5,1,0.5564320765799071,1
2021-09-22,Random Forest,5,1,0.5452856711364904,1
2021-09-23,Random Forest,5,1,0.4860185421453038,0
2021-09-24,Random Forest,5,0,0.5177571276937938,1
2021-09-27,Random Forest,5,0,0.6434097338043664,1
2021-09-28,Random Forest,5,1,0.5963188036532054,1
2021-09-29,Random Forest,5,0,0.6132824221258224,1
2021-09-30,Random Forest,5,1,0.5622014735927948,1
2021-10-01,Random Forest,5,0,0.5412264385614747,1
2021-10-04,Random Forest,5,1,0.6055029490463536,1
2021-10-05,Random Forest,5,1,0.5945625156192651,1
2021-10-06,Random Forest,5,1,0.5808156931076283,1
2021-10-07,Random Forest,5,0,0.46602681677527263,0
2021-10-08,Random Forest,5,0,0.5321366329585937,1
2021-10-11,Random Forest,5,0,0.5229289253947647,1
2021-10-12,Random Forest,5,1,0.4905209543509951,0
2021-10-13,Random Forest,5,1,0.5410122305885523,1
2021-10-14,Random Forest,5,1,0.4752789382837617,0
2021-10-15,Random Forest,5,1,0.5072355925102975,1
2021-10-18,Random Forest,5,1,0.5930811724250424,1
2021-10-19,Random Forest,5,1,0.4807238685318556,0
2021-10-20,Random Forest,5,1,0.4903835178640648,0
2021-10-21,Random Forest,5,0,0.4419682458289234,0
2021-10-22,Random Forest,5,1,0.5455905939266636,1
2021-10-25,Random Forest,5,1,0.46310442241419514,0
2021-10-26,Random Forest,5,0,0.4943573143181994,0
2021-10-27,Random Forest,5,1,0.536265979647214,1
2021-10-28,Random Forest,5,1,0.4824708546042807,0
2021-10-29,Random Forest,5,1,0.5229282313722811,1
2021-11-01,Random Forest,5,1,0.5048777487976907,1
2021-11-02,Random Forest,5,1,0.43675518642076505,0
2021-11-03,Random Forest,5,1,0.5073654984413675,1
2021-11-04,Random Forest,5,1,0.45842693836523946,0
2021-11-05,Random Forest,5,1,0.5201126844481289,1
2021-11-08,Random Forest,5,0,0.5038380348770973,1
2021-11-09,Random Forest,5,0,0.5393627991737607,1
2021-11-10,Random Forest,5,1,0.6053183051881496,1
2021-11-11,Random Forest,5,1,0.5214931374986204,1
2021-11-12,Random Forest,5,1,0.5197160944668019,1
2021-11-15,Random Forest,5,1,0.5537196743970745,1
2021-11-16,Random Forest,5,0,0.47353609091579046,0
2021-11-17,Random Forest,5,1,0.5489801628712104,1
2021-11-18,Random Forest,5,0,0.4344923837097789,0
2021-11-19,Random Forest,5,0,0.659224018036994,1
2021-11-22,Random Forest,5,1,0.5323106571453466,1
2021-11-23,Random Forest,5,1,0.5305250509066081,1
2021-11-24,Random Forest,5,0,0.5300659535258235,1
2021-11-26,Random Forest,5,1,0.5343602073550691,1
2021-11-29,Random Forest,5,0,0.48107061331371404,0
2021-11-30,Random Forest,5,0,0.419445767296764,0
2021-12-01,Random Forest,5,1,0.5043728891825195,1
2021-12-02,Random Forest,5,0,0.5085343956994047,1
2021-12-03,Random Forest,5,1,0.5811062122704805,1
2021-12-06,Random Forest,5,1,0.5230937464565106,1
2021-12-07,Random Forest,5,1,0.5388218279756709,1
2021-12-08,Random Forest,5,0,0.6068266385590322,1
2021-12-09,Random Forest,5,1,0.5287841421171178,1
2021-12-10,Random Forest,5,0,0.5250868818768415,1
2021-12-13,Random Forest,5,0,0.5757577210289775,1
2021-12-14,Random Forest,5,1,0.5506696227503831,1
2021-12-15,Random Forest,5,0,0.42129161954017197,0
2021-12-16,Random Forest,5,0,0.505599204618942,1
2021-12-17,Random Forest,5,0,0.5442737188092979,1
2021-12-20,Random Forest,5,1,0.5995616858836827,1
2021-12-21,Random Forest,5,1,0.4388545324051249,0
2021-12-22,Random Forest,5,1,0.5235441365061538,1
2021-12-23,Random Forest,5,1,0.46066141549963757,0
2021-12-27,Random Forest,5,0,0.4689125407921475,0
2021-12-28,Random Forest,5,1,0.5281656604725106,1
2021-12-29,Random Forest,5,0,0.5720453785828963,1
2021-12-30,Random Forest,5,0,0.5797158649553087,1
2021-12-31,Random Forest,5,1,0.5568214700411891,1
2017-01-17,XGBoost,1,1,0.5031135678291321,1
2017-01-18,XGBoost,1,0,0.28039437532424927,0
2017-01-19,XGBoost,1,1,0.40108194947242737,0
2017-01-20,XGBoost,1,0,0.40095385909080505,0
2017-01-23,XGBoost,1,1,0.47887104749679565,0
2017-01-24,XGBoost,1,1,0.26819106936454773,0
2017-01-25,XGBoost,1,0,0.3207646310329437,0
2017-01-26,XGBoost,1,0,0.3546914756298065,0
2017-01-27,XGBoost,1,0,0.5615414977073669,1
2017-01-30,XGBoost,1,0,0.665121853351593,1
2017-01-31,XGBoost,1,1,0.4724499583244324,0
2017-02-01,XGBoost,1,1,0.6909152269363403,1
2017-02-02,XGBoost,1,1,0.6640014052391052,1
2017-02-03,XGBoost,1,0,0.20582611858844757,0
2017-02-06,XGBoost,1,1,0.5962786078453064,1
2017-02-07,XGBoost,1,1,0.40716275572776794,0
2017-02-08,XGBoost,1,1,0.3622235655784607,0
2017-02-09,XGBoost,1,1,0.17135286331176758,0
2017-02-10,XGBoost,1,1,0.4523559510707855,0
2017-02-13,XGBoost,1,1,0.26169663667678833,0
2017-02-14,XGBoost,1,1,0.48901522159576416,0
2017-02-15,XGBoost,1,0,0.3259774446487427,0
2017-02-16,XGBoost,1,1,0.6702356934547424,1
2017-02-17,XGBoost,1,1,0.2855236530303955,0
2017-02-21,XGBoost,1,0,0.32007259130477905,0
2017-02-22,XGBoost,1,1,0.40459588170051575,0
2017-02-23,XGBoost,1,1,0.5156988501548767,1
2017-02-24,XGBoost,1,1,0.26762843132019043,0
2017-02-27,XGBoost,1,0,0.18264564871788025,0
2017-02-28,XGBoost,1,1,0.597424328327179,1
2017-03-01,XGBoost,1,0,0.3987196981906891,0
2017-03-02,XGBoost,1,1,0.40736719965934753,0
2017-03-03,XGBoost,1,0,0.533585250377655,1
2017-03-06,XGBoost,1,0,0.5355784893035889,1
2017-03-07,XGBoost,1,0,0.7647039294242859,1
2017-03-08,XGBoost,1,1,0.793528139591217,1
2017-03-09,XGBoost,1,1,0.7675468921661377,1
2017-03-10,XGBoost,1,1,0.5677006244659424,1
2017-03-13,XGBoost,1,0,0.5872725248336792,1
2017-03-14,XGBoost,1,1,0.622124195098877,1
2017-03-15,XGBoost,1,0,0.3609423041343689,0
2017-03-16,XGBoost,1,0,0.4066232442855835,0
2017-03-17,XGBoost,1,0,0.3257830739021301,0
2017-03-20,XGBoost,1,0,0.7759275436401367,1
2017-03-21,XGBoost,1,1,0.5623810887336731,1
2017-03-22,XGBoost,1,0,0.6626775860786438,1
2017-03-23,XGBoost,1,0,0.5627008676528931,1
2017-03-24,XGBoost,1,0,0.6517267823219299,1
2017-03-27,XGBoost,1,1,0.5842480063438416,1
2017-03-28,XGBoost,1,1,0.5504838824272156,1
2017-03-29,XGBoost,1,1,0.3893584609031677,0
2017-03-30,XGBoost,1,0,0.28434884548187256,0
2017-03-31,XGBoost,1,0,0.5290045142173767,1
2017-04-03,XGBoost,1,1,0.5820392966270447,1
2017-04-04,XGBoost,1,0,0.5673475861549377,1
2017-04-05,XGBoost,1,1,0.4628933072090149,0
2017-04-06,XGBoost,1,0,0.38740047812461853,0
2017-04-07,XGBoost,1,1,0.6145867109298706,1
2017-04-10,XGBoost,1,0,0.45046481490135193,0
2017-04-11,XGBoost,1,0,0.7171088457107544,1
2017-04-12,XGBoost,1,0,0.6208661198616028,1
2017-04-13,XGBoost,1,1,0.5810112953186035,1
2017-04-17,XGBoost,1,0,0.529025137424469,1
2017-04-18,XGBoost,1,0,0.6914288401603699,1
2017-04-19,XGBoost,1,1,0.6506500840187073,1
2017-04-20,XGBoost,1,0,0.4323025941848755,0
2017-04-21,XGBoost,1,1,0.6655543446540833,1
2017-04-24,XGBoost,1,1,0.5214830636978149,1
2017-04-25,XGBoost,1,0,0.3214767277240753,0
2017-04-26,XGBoost,1,1,0.44814789295196533,0
2017-04-27,XGBoost,1,0,0.3042076528072357,0
2017-04-28,XGBoost,1,1,0.38058528304100037,0
2017-05-01,XGBoost,1,1,0.518059492111206,1
2017-05-02,XGBoost,1,0,0.3276790976524353,0
2017-05-03,XGBoost,1,1,0.4517448842525482,0
2017-05-04,XGBoost,1,1,0.3405459523200989,0
2017-05-05,XGBoost,1,0,0.23755207657814026,0
2017-05-08,XGBoost,1,0,0.2067355215549469,0
2017-05-09,XGBoost,1,1,0.23092161118984222,0
2017-05-10,XGBoost,1,0,0.4328986704349518,0
2017-05-11,XGBoost,1,0,0.5240688920021057,1
2017-05-12,XGBoost,1,1,0.5955626368522644,1
2017-05-15,XGBoost,1,0,0.25288885831832886,0
2017-05-16,XGBoost,1,0,0.3329201638698578,0
2017-05-17,XGBoost,1,1,0.3004217743873596,0
2017-05-18,XGBoost,1,1,0.572778582572937,1
2017-05-19,XGBoost,1,1,0.135644793510437,0
2017-05-22,XGBoost,1,1,0.2371288686990738,0
2017-05-23,XGBoost,1,1,0.28438690304756165,0
2017-05-24,XGBoost,1,1,0.20124079287052155,0
2017-05-25,XGBoost,1,0,0.2629097104072571,0
2017-05-26,XGBoost,1,0,0.303781121969223,0
2017-05-30,XGBoost,1,0,0.31285396218299866,0
2017-05-31,XGBoost,1,1,0.3575853109359741,0
2017-06-01,XGBoost,1,1,0.30093419551849365,0
2017-06-02,XGBoost,1,0,0.6937376260757446,1
2017-06-05,XGBoost,1,0,0.17598848044872284,0
2017-06-06,XGBoost,1,1,0.3242819011211395,0
2017-06-07,XGBoost,1,1,0.3224223852157593,0
2017-06-08,XGBoost,1,0,0.36807307600975037,0
2017-06-09,XGBoost,1,0,0.4854121804237366,0
2017-06-12,XGBoost,1,1,0.5900827646255493,1
2017-06-13,XGBoost,1,0,0.28670743107795715,0
2017-06-14,XGBoost,1,0,0.40829870104789734,0
2017-06-15,XGBoost,1,1,0.31533628702163696,0
2017-06-16,XGBoost,1,1,0.720833420753479,1
2017-06-19,XGBoost,1,0,0.29821380972862244,0
2017-06-20,XGBoost,1,0,0.6436543464660645,1
2017-06-21,XGBoost,1,0,0.4246894121170044,0
2017-06-22,XGBoost,1,1,0.6251058578491211,1
2017-06-23,XGBoost,1,1,0.678087592124939,1
2017-06-26,XGBoost,1,0,0.5329874157905579,1
2017-06-27,XGBoost,1,1,0.4690117835998535,0
2017-06-28,XGBoost,1,0,0.39628174901008606,0
2017-06-29,XGBoost,1,1,0.688184916973114,1
2017-06-30,XGBoost,1,1,0.427632212638855,0
2017-07-03,XGBoost,1,1,0.22628647089004517,0
2017-07-05,XGBoost,1,0,0.47252506017684937,0
2017-07-06,XGBoost,1,1,0.6372653841972351,1
2017-07-07,XGBoost,1,1,0.45948317646980286,0
2017-07-10,XGBoost,1,0,0.47305262088775635,0
2017-07-11,XGBoost,1,1,0.6795951724052429,1
2017-07-12,XGBoost,1,1,0.3457142412662506,0
2017-07-13,XGBoost,1,1,0.5696524381637573,1
2017-07-14,XGBoost,1,0,0.35639065504074097,0
2017-07-17,XGBoost,1,1,0.297635018825531,0
2017-07-18,XGBoost,1,1,0.4531552493572235,0
2017-07-19,XGBoost,1,1,0.3840113580226898,0
2017-07-20,XGBoost,1,0,0.2777949571609497,0
2017-07-21,XGBoost,1,0,0.4166366159915924,0
2017-07-24,XGBoost,1,1,0.25727710127830505,0
2017-07-25,XGBoost,1,1,0.2694544494152069,0
2017-07-26,XGBoost,1,0,0.20116983354091644,0
2017-07-27,XGBoost,1,0,0.2734082043170929,0
2017-07-28,XGBoost,1,0,0.4660647511482239,0
2017-07-31,XGBoost,1,1,0.5925081968307495,1
2017-08-01,XGBoost,1,1,0.44602105021476746,0
2017-08-02,XGBoost,1,0,0.36988452076911926,0
2017-08-03,XGBoost,1,1,0.47488242387771606,0
2017-08-04,XGBoost,1,1,0.5463749170303345,1
2017-08-07,XGBoost,1,0,0.2236681580543518,0
2017-08-08,XGBoost,1,0,0.6011070013046265,1
2017-08-09,XGBoost,1,0,0.4723622798919678,0
2017-08-10,XGBoost,1,1,0.5513602495193481,1
2017-08-11,XGBoost,1,1,0.47752830386161804,0
2017-08-14,XGBoost,1,0,0.1722758263349533,0
2017-08-15,XGBoost,1,1,0.2932388186454773,0
2017-08-16,XGBoost,1,0,0.3224986493587494,0
2017-08-17,XGBoost,1,0,0.4639463424682617,0
2017-08-18,XGBoost,1,1,0.5131441354751587,1
2017-08-21,XGBoost,1,1,0.5699944496154785,1
2017-08-22,XGBoost,1,0,0.30286717414855957,0
2017-08-23,XGBoost,1,0,0.365134596824646,0
2017-08-24,XGBoost,1,1,0.47152048349380493,0
2017-08-25,XGBoost,1,1,0.5453487038612366,1
2017-08-28,XGBoost,1,1,0.37428542971611023,0
2017-08-29,XGBoost,1,1,0.555817186832428,1
2017-08-30,XGBoost,1,1,0.3641071021556854,0
2017-08-31,XGBoost,1,1,0.3185964524745941,0
2017-09-01,XGBoost,1,0,0.3614441752433777,0
2017-09-05,XGBoost,1,1,0.6855537295341492,1
2017-09-06,XGBoost,1,0,0.18448509275913239,0
2017-09-07,XGBoost,1,0,0.18730852007865906,0
2017-09-08,XGBoost,1,1,0.528367817401886,1
2017-09-11,XGBoost,1,1,0.5953298211097717,1
2017-09-12,XGBoost,1,1,0.3402612805366516,0
2017-09-13,XGBoost,1,0,0.36651092767715454,0
2017-09-14,XGBoost,1,1,0.5397059321403503,1
2017-09-15,XGBoost,1,1,0.5979803204536438,1
2017-09-18,XGBoost,1,1,0.3272134065628052,0
2017-09-19,XGBoost,1,1,0.21816027164459229,0
2017-09-20,XGBoost,1,0,0.3535374402999878,0
2017-09-21,XGBoost,1,1,0.5083771347999573,1
2017-09-22,XGBoost,1,0,0.625134289264679,1
2017-09-25,XGBoost,1,1,0.6102109551429749,1
2017-09-26,XGBoost,1,1,0.5824561715126038,1
2017-09-27,XGBoost,1,1,0.614357590675354,1
2017-09-28,XGBoost,1,1,0.2662603259086609,0
2017-09-29,XGBoost,1,1,0.46615809202194214,0
2017-10-02,XGBoost,1,1,0.27878209948539734,0
2017-10-03,XGBoost,1,1,0.5569254755973816,1
2017-10-04,XGBoost,1,1,0.5128613710403442,1
2017-10-05,XGBoost,1,0,0.4200698435306549,0
2017-10-06,XGBoost,1,0,0.738010048866272,1
2017-10-09,XGBoost,1,1,0.42262354493141174,0
2017-10-10,XGBoost,1,1,0.45388883352279663,0
2017-10-11,XGBoost,1,0,0.2951890826225281,0
2017-10-12,XGBoost,1,1,0.5666977763175964,1
2017-10-13,XGBoost,1,1,0.3849232494831085,0
2017-10-16,XGBoost,1,1,0.23078200221061707,0
2017-10-17,XGBoost,1,1,0.24060414731502533,0
2017-10-18,XGBoost,1,1,0.402988076210022,0
2017-10-19,XGBoost,1,1,0.42164885997772217,0
2017-10-20,XGBoost,1,0,0.3520570397377014,0
2017-10-23,XGBoost,1,1,0.35856375098228455,0
2017-10-24,XGBoost,1,0,0.3865782916545868,0
2017-10-25,XGBoost,1,1,0.7789291143417358,1
2017-10-26,XGBoost,1,1,0.47782522439956665,0
2017-10-27,XGBoost,1,0,0.43794286251068115,0
2017-10-30,XGBoost,1,1,0.28576385974884033,0
2017-10-31,XGBoost,1,1,0.32832053303718567,0
2017-11-01,XGBoost,1,1,0.33012786507606506,0
2017-11-02,XGBoost,1,1,0.41251346468925476,0
2017-11-03,XGBoost,1,1,0.3468027114868164,0
2017-11-06,XGBoost,1,0,0.30710309743881226,0
2017-11-07,XGBoost,1,1,0.31730061769485474,0
2017-11-08,XGBoost,1,0,0.29652169346809387,0
2017-11-09,XGBoost,1,0,0.580912709236145,1
2017-11-10,XGBoost,1,1,0.4329740107059479,0
2017-11-13,XGBoost,1,0,0.2669573426246643,0
2017-11-14,XGBoost,1,0,0.5065034031867981,1
2017-11-15,XGBoost,1,1,0.46302881836891174,0
2017-11-16,XGBoost,1,0,0.2140599489212036,0
2017-11-17,XGBoost,1,1,0.3788166046142578,0
2017-11-20,XGBoost,1,1,0.30936548113822937,0
2017-11-21,XGBoost,1,0,0.32187753915786743,0
2017-11-22,XGBoost,1,1,0.3657718300819397,0
2017-11-24,XGBoost,1,0,0.2574164569377899,0
2017-11-27,XGBoost,1,1,0.5290915966033936,1
2017-11-28,XGBoost,1,0,0.18311035633087158,0
2017-11-29,XGBoost,1,1,0.7466874122619629,1
2017-11-30,XGBoost,1,0,0.18092893064022064,0
2017-12-01,XGBoost,1,0,0.6691484451293945,1
2017-12-04,XGBoost,1,0,0.3550078272819519,0
2017-12-05,XGBoost,1,1,0.7123485207557678,1
2017-12-06,XGBoost,1,1,0.457253098487854,0
2017-12-07,XGBoost,1,1,0.677890419960022,1
2017-12-08,XGBoost,1,1,0.5789726972579956,1
2017-12-11,XGBoost,1,1,0.5727615356445312,1
2017-12-12,XGBoost,1,0,0.3620964288711548,0
2017-12-13,XGBoost,1,0,0.34700849652290344,0
2017-12-14,XGBoost,1,1,0.349764347076416,0
2017-12-15,XGBoost,1,1,0.28326863050460815,0
2017-12-18,XGBoost,1,0,0.23938162624835968,0
2017-12-19,XGBoost,1,0,0.2633669972419739,0
2017-12-20,XGBoost,1,1,0.41318994760513306,0
2017-12-21,XGBoost,1,0,0.5041747689247131,1
2017-12-22,XGBoost,1,0,0.6417688131332397,1
2017-12-26,XGBoost,1,1,0.5684103965759277,1
2017-12-27,XGBoost,1,1,0.6138244867324829,1
2017-12-28,XGBoost,1,0,0.37277618050575256,0
2017-12-29,XGBoost,1,1,0.44559139013290405,0
2018-01-02,XGBoost,1,1,0.31414011120796204,0
2018-01-03,XGBoost,1,1,0.3438943028450012,0
2018-01-04,XGBoost,1,1,0.39564254879951477,0
2018-01-05,XGBoost,1,1,0.2909069359302521,0
2018-01-08,XGBoost,1,1,0.37721139192581177,0
2018-01-09,XGBoost,1,0,0.3373766243457794,0
2018-01-10,XGBoost,1,1,0.6652379631996155,1
2018-01-11,XGBoost,1,1,0.3161306381225586,0
2018-01-12,XGBoost,2,0,0.6857205033302307,1
2018-01-16,XGBoost,2,1,0.4166756272315979,0
2018-01-17,XGBoost,2,0,0.4147794246673584,0
2018-01-18,XGBoost,2,1,0.7331156134605408,1
2018-01-19,XGBoost,2,1,0.4450850188732147,0
2018-01-22,XGBoost,2,1,0.51978999376297,1
2018-01-23,XGBoost,2,0,0.6057384014129639,1
2018-01-24,XGBoost,2,1,0.5816481113433838,1
2018-01-25,XGBoost,2,1,0.4624973237514496,0
2018-01-26,XGBoost,2,0,0.3837244510650635,0
2018-01-29,XGBoost,2,0,0.5329418182373047,1
2018-01-30,XGBoost,2,1,0.5327655673027039,1
2018-01-31,XGBoost,2,0,0.5900222063064575,1
2018-02-01,XGBoost,2,0,0.2455091029405594,0
2018-02-02,XGBoost,2,0,0.6688172221183777,1
2018-02-05,XGBoost,2,1,0.5191269516944885,1
2018-02-06,XGBoost,2,0,0.2819894552230835,0
2018-02-07,XGBoost,2,0,0.5372059941291809,1
2018-02-08,XGBoost,2,1,0.49623560905456543,0
2018-02-09,XGBoost,2,1,0.5861894488334656,1
2018-02-12,XGBoost,2,1,0.5068457722663879,1
2018-02-13,XGBoost,2,1,0.5880069136619568,1
2018-02-14,XGBoost,2,1,0.44536224007606506,0
2018-02-15,XGBoost,2,1,0.43930545449256897,0
2018-02-16,XGBoost,2,0,0.6506535410881042,1
2018-02-20,XGBoost,2,0,0.7572110295295715,1
2018-02-21,XGBoost,2,1,0.4461263418197632,0
2018-02-22,XGBoost,2,1,0.5797807574272156,1
2018-02-23,XGBoost,2,1,0.4405002295970917,0
2018-02-26,XGBoost,2,0,0.583206295967102,1
2018-02-27,XGBoost,2,0,0.3269750773906708,0
2018-02-28,XGBoost,2,0,0.403225302696228,0
2018-03-01,XGBoost,2,1,0.6064109802246094,1
2018-03-02,XGBoost,2,1,0.3819499611854553,0
2018-03-05,XGBoost,2,1,0.15487943589687347,0
2018-03-06,XGBoost,2,0,0.5706342458724976,1
2018-03-07,XGBoost,2,1,0.5342788100242615,1
2018-03-08,XGBoost,2,1,0.5525879859924316,1
2018-03-09,XGBoost,2,0,0.7188011407852173,1
2018-03-12,XGBoost,2,0,0.67584627866745,1
2018-03-13,XGBoost,2,0,0.6553969979286194,1
2018-03-14,XGBoost,2,0,0.5900024771690369,1
2018-03-15,XGBoost,2,1,0.49244317412376404,0
2018-03-16,XGBoost,2,0,0.5716891288757324,1
2018-03-19,XGBoost,2,1,0.5548255443572998,1
2018-03-20,XGBoost,2,0,0.39754319190979004,0
2018-03-21,XGBoost,2,0,0.549944281578064,1
2018-03-22,XGBoost,2,0,0.54209965467453,1
2018-03-23,XGBoost,2,1,0.7620395421981812,1
2018-03-26,XGBoost,2,0,0.7857478857040405,1
2018-03-27,XGBoost,2,0,0.6742790937423706,1
2018-03-28,XGBoost,2,1,0.8050053119659424,1
2018-03-29,XGBoost,2,0,0.5512485504150391,1
2018-04-02,XGBoost,2,1,0.8234493732452393,1
2018-04-03,XGBoost,2,1,0.6812657713890076,1
2018-04-04,XGBoost,2,1,0.6424680352210999,1
2018-04-05,XGBoost,2,0,0.6352071762084961,1
2018-04-06,XGBoost,2,1,0.8339139223098755,1
2018-04-09,XGBoost,2,1,0.8343327045440674,1
2018-04-10,XGBoost,2,0,0.613603949546814,1
2018-04-11,XGBoost,2,1,0.3509022295475006,0
2018-04-12,XGBoost,2,0,0.21188686788082123,0
2018-04-13,XGBoost,2,1,0.6846230626106262,1
2018-04-16,XGBoost,2,1,0.3144017159938812,0
2018-04-17,XGBoost,2,1,0.3519923985004425,0
2018-04-18,XGBoost,2,0,0.27799439430236816,0
2018-04-19,XGBoost,2,0,0.47185420989990234,0
2018-04-20,XGBoost,2,0,0.6701294779777527,1
2018-04-23,XGBoost,2,0,0.4392473101615906,0
2018-04-24,XGBoost,2,1,0.6750688552856445,1
2018-04-25,XGBoost,2,1,0.6646769046783447,1
2018-04-26,XGBoost,2,1,0.2786417305469513,0
2018-04-27,XGBoost,2,0,0.42034912109375,0
2018-04-30,XGBoost,2,1,0.6735061407089233,1
2018-05-01,XGBoost,2,0,0.7200974225997925,1
2018-05-02,XGBoost,2,0,0.7692204117774963,1
2018-05-03,XGBoost,2,1,0.7178547382354736,1
2018-05-04,XGBoost,2,1,0.5677102208137512,1
2018-05-07,XGBoost,2,0,0.47391578555107117,0
2018-05-08,XGBoost,2,1,0.5390646457672119,1
2018-05-09,XGBoost,2,1,0.4279998242855072,0
2018-05-10,XGBoost,2,1,0.4682275354862213,0
2018-05-11,XGBoost,2,1,0.7499997615814209,1
2018-05-14,XGBoost,2,0,0.46990591287612915,0
2018-05-15,XGBoost,2,1,0.7937690019607544,1
2018-05-16,XGBoost,2,0,0.37570011615753174,0
2018-05-17,XGBoost,2,0,0.6024426817893982,1
2018-05-18,XGBoost,2,1,0.5591291785240173,1
2018-05-21,XGBoost,2,0,0.5169289112091064,1
2018-05-22,XGBoost,2,1,0.5273553133010864,1
2018-05-23,XGBoost,2,0,0.5558996200561523,1
2018-05-24,XGBoost,2,0,0.6847676038742065,1
2018-05-25,XGBoost,2,0,0.4635932147502899,0
2018-05-29,XGBoost,2,1,0.6775436401367188,1
2018-05-30,XGBoost,2,0,0.21348272264003754,0
2018-05-31,XGBoost,2,1,0.630107045173645,1
2018-06-01,XGBoost,2,1,0.2358361780643463,0
2018-06-04,XGBoost,2,1,0.2914867401123047,0
2018-06-05,XGBoost,2,1,0.4985000789165497,0
2018-06-06,XGBoost,2,0,0.41400450468063354,0
2018-06-07,XGBoost,2,1,0.6710826754570007,1
2018-06-08,XGBoost,2,1,0.7395709156990051,1
2018-06-11,XGBoost,2,1,0.31010472774505615,0
2018-06-12,XGBoost,2,0,0.4727087914943695,0
2018-06-13,XGBoost,2,1,0.7212729454040527,1
2018-06-14,XGBoost,2,0,0.5388380289077759,1
2018-06-15,XGBoost,2,0,0.4359377920627594,0
2018-06-18,XGBoost,2,0,0.4713631272315979,0
2018-06-19,XGBoost,2,1,0.5945897698402405,1
2018-06-20,XGBoost,2,0,0.35342860221862793,0
2018-06-21,XGBoost,2,1,0.3555777966976166,0
2018-06-22,XGBoost,2,0,0.4489436745643616,0
2018-06-25,XGBoost,2,1,0.5310131907463074,1
2018-06-26,XGBoost,2,0,0.3841145932674408,0
2018-06-27,XGBoost,2,1,0.485188364982605,0
2018-06-28,XGBoost,2,1,0.4524610936641693,0
2018-06-29,XGBoost,2,1,0.6780890226364136,1
2018-07-02,XGBoost,2,0,0.7306546568870544,1
2018-07-03,XGBoost,2,1,0.6212470531463623,1
2018-07-05,XGBoost,2,1,0.6821573972702026,1
2018-07-06,XGBoost,2,1,0.6106680035591125,1
2018-07-09,XGBoost,2,1,0.3245675265789032,0
2018-07-10,XGBoost,2,0,0.4779202938079834,0
2018-07-11,XGBoost,2,1,0.6505202054977417,1
2018-07-12,XGBoost,2,1,0.49975430965423584,0
2018-07-13,XGBoost,2,0,0.566209077835083,1
2018-07-16,XGBoost,2,1,0.5366906523704529,1
2018-07-17,XGBoost,2,1,0.443895161151886,0
2018-07-18,XGBoost,2,0,0.591162383556366,1
2018-07-19,XGBoost,2,0,0.48910611867904663,0
2018-07-20,XGBoost,2,1,0.7247841954231262,1
2018-07-23,XGBoost,2,1,0.4779735505580902,0
2018-07-24,XGBoost,2,1,0.5846896767616272,1
2018-07-25,XGBoost,2,0,0.55560302734375,1
2018-07-26,XGBoost,2,0,0.5585688352584839,1
2018-07-27,XGBoost,2,0,0.793337345123291,1
2018-07-30,XGBoost,2,1,0.6868006587028503,1
2018-07-31,XGBoost,2,0,0.5492894053459167,1
2018-08-01,XGBoost,2,1,0.6820256114006042,1
2018-08-02,XGBoost,2,1,0.7105336785316467,1
2018-08-03,XGBoost,2,1,0.6212815642356873,1
2018-08-06,XGBoost,2,1,0.4915529191493988,0
2018-08-07,XGBoost,2,0,0.5170080065727234,1
2018-08-08,XGBoost,2,0,0.4348180890083313,0
2018-08-09,XGBoost,2,0,0.5154433250427246,1
2018-08-10,XGBoost,2,0,0.6562121510505676,1
2018-08-13,XGBoost,2,1,0.4523420035839081,0
2018-08-14,XGBoost,2,0,0.32337772846221924,0
2018-08-15,XGBoost,2,1,0.6528385877609253,1
2018-08-16,XGBoost,2,1,0.1859753578901291,0
2018-08-17,XGBoost,2,1,0.6577732563018799,1
2018-08-20,XGBoost,2,1,0.39996102452278137,0
2018-08-21,XGBoost,2,0,0.6532953977584839,1
2018-08-22,XGBoost,2,0,0.575040876865387,1
2018-08-23,XGBoost,2,1,0.6782833337783813,1
2018-08-24,XGBoost,2,1,0.46181032061576843,0
2018-08-27,XGBoost,2,1,0.47983792424201965,0
2018-08-28,XGBoost,2,1,0.4425447881221771,0
2018-08-29,XGBoost,2,0,0.6465063095092773,1
2018-08-30,XGBoost,2,1,0.774707555770874,1
2018-08-31,XGBoost,2,0,0.7164611220359802,1
2018-09-04,XGBoost,2,0,0.6961833238601685,1
2018-09-05,XGBoost,2,0,0.8148335814476013,1
2018-09-06,XGBoost,2,0,0.5348294377326965,1
2018-09-07,XGBoost,2,1,0.5861736536026001,1
2018-09-10,XGBoost,2,1,0.5431057810783386,1
2018-09-11,XGBoost,2,1,0.482868492603302,0
2018-09-12,XGBoost,2,1,0.527572512626648,1
2018-09-13,XGBoost,2,1,0.5519785284996033,1
2018-09-14,XGBoost,2,0,0.7819380760192871,1
2018-09-17,XGBoost,2,1,0.751956045627594,1
2018-09-18,XGBoost,2,1,0.3627881407737732,0
2018-09-19,XGBoost,2,1,0.49490007758140564,0
2018-09-20,XGBoost,2,0,0.3989529013633728,0
2018-09-21,XGBoost,2,0,0.5959696769714355,1
2018-09-24,XGBoost,2,0,0.6691015958786011,1
2018-09-25,XGBoost,2,0,0.672959566116333,1
2018-09-26,XGBoost,2,1,0.730985701084137,1
2018-09-27,XGBoost,2,1,0.7142709493637085,1
2018-09-28,XGBoost,2,1,0.4071325659751892,0
2018-10-01,XGBoost,2,0,0.4694213271141052,0
2018-10-02,XGBoost,2,1,0.5892558693885803,1
2018-10-03,XGBoost,2,0,0.6993263959884644,1
2018-10-04,XGBoost,2,0,0.6688780188560486,1
2018-10-05,XGBoost,2,0,0.6005423665046692,1
2018-10-08,XGBoost,2,0,0.5807132124900818,1
2018-10-09,XGBoost,2,0,0.6591392159461975,1
2018-10-10,XGBoost,2,0,0.6398636102676392,1
2018-10-11,XGBoost,2,1,0.7754829525947571,1
2018-10-12,XGBoost,2,0,0.7131057381629944,1
2018-10-15,XGBoost,2,1,0.7026686668395996,1
2018-10-16,XGBoost,2,1,0.7257007956504822,1
2018-10-17,XGBoost,2,0,0.8327341079711914,1
2018-10-18,XGBoost,2,0,0.8765825033187866,1
2018-10-19,XGBoost,2,0,0.7938136458396912,1
2018-10-22,XGBoost,2,0,0.6654855608940125,1
2018-10-23,XGBoost,2,0,0.7348707318305969,1
2018-10-24,XGBoost,2,1,0.7116861343383789,1
2018-10-25,XGBoost,2,0,0.5952854156494141,1
2018-10-26,XGBoost,2,0,0.6374941468238831,1
2018-10-29,XGBoost,2,1,0.8539391160011292,1
2018-10-30,XGBoost,2,1,0.6555590629577637,1
2018-10-31,XGBoost,2,1,0.6683863401412964,1
2018-11-01,XGBoost,2,0,0.42559316754341125,0
2018-11-02,XGBoost,2,1,0.6074104309082031,1
2018-11-05,XGBoost,2,1,0.5943241119384766,1
2018-11-06,XGBoost,2,1,0.30854907631874084,0
2018-11-07,XGBoost,2,0,0.600460946559906,1
2018-11-08,XGBoost,2,0,0.5967844724655151,1
2018-11-09,XGBoost,2,0,0.5755391120910645,1
2018-11-12,XGBoost,2,0,0.5004875659942627,1
2018-11-13,XGBoost,2,0,0.4531016945838928,0
2018-11-14,XGBoost,2,1,0.6033000946044922,1
2018-11-15,XGBoost,2,1,0.5576515793800354,1
2018-11-16,XGBoost,2,0,0.4207557737827301,0
2018-11-19,XGBoost,2,0,0.27711960673332214,0
2018-11-20,XGBoost,2,1,0.6700841784477234,1
2018-11-21,XGBoost,2,0,0.31383228302001953,0
2018-11-23,XGBoost,2,1,0.12367447465658188,0
2018-11-26,XGBoost,2,1,0.5803453922271729,1
2018-11-27,XGBoost,2,1,0.6308907270431519,1
2018-11-28,XGBoost,2,0,0.7004408836364746,1
2018-11-29,XGBoost,2,1,0.7295442819595337,1
2018-11-30,XGBoost,2,1,0.7822098731994629,1
2018-12-03,XGBoost,2,0,0.7731860876083374,1
2018-12-04,XGBoost,2,0,0.6129670739173889,1
2018-12-06,XGBoost,2,0,0.7094917297363281,1
2018-12-07,XGBoost,2,1,0.8079910278320312,1
2018-12-10,XGBoost,2,1,0.685032844543457,1
2018-12-11,XGBoost,2,1,0.43944284319877625,0
2018-12-12,XGBoost,2,0,0.405844509601593,0
2018-12-13,XGBoost,2,0,0.6288144588470459,1
2018-12-14,XGBoost,2,0,0.8275139927864075,1
2018-12-17,XGBoost,2,0,0.8449016213417053,1
2018-12-18,XGBoost,2,0,0.7252357602119446,1
2018-12-19,XGBoost,2,0,0.7313817143440247,1
2018-12-20,XGBoost,2,0,0.7474780082702637,1
2018-12-21,XGBoost,2,0,0.7478780746459961,1
2018-12-24,XGBoost,2,1,0.4547840356826782,0
2018-12-26,XGBoost,2,1,0.833613395690918,1
2018-12-27,XGBoost,2,0,0.7397264242172241,1
2018-12-28,XGBoost,2,1,0.7637302279472351,1
2018-12-31,XGBoost,2,1,0.772395133972168,1
2019-01-02,XGBoost,2,0,0.5528350472450256,1
2019-01-03,XGBoost,2,1,0.8502034544944763,1
2019-01-04,XGBoost,2,1,0.5408755540847778,1
2019-01-07,XGBoost,2,1,0.23261941969394684,0
2019-01-08,XGBoost,2,1,0.5882699489593506,1
2019-01-09,XGBoost,2,1,0.43360650539398193,0
2019-01-10,XGBoost,2,1,0.46599525213241577,0
2019-01-11,XGBoost,3,0,0.4838619530200958,0
2019-01-14,XGBoost,3,1,0.2919532060623169,0
2019-01-15,XGBoost,3,1,0.4744579493999481,0
2019-01-16,XGBoost,3,1,0.43146562576293945,0
2019-01-17,XGBoost,3,1,0.33684003353118896,0
2019-01-18,XGBoost,3,0,0.6723686456680298,1
2019-01-22,XGBoost,3,1,0.6131407618522644,1
2019-01-23,XGBoost,3,1,0.5427239537239075,1
2019-01-24,XGBoost,3,1,0.46999332308769226,0
2019-01-25,XGBoost,3,0,0.775030791759491,1
2019-01-28,XGBoost,3,0,0.8268382549285889,1
2019-01-29,XGBoost,3,1,0.5960047841072083,1
2019-01-30,XGBoost,3,1,0.6140823364257812,1
2019-01-31,XGBoost,3,1,0.7691389918327332,1
2019-02-01,XGBoost,3,1,0.5852768421173096,1
2019-02-04,XGBoost,3,1,0.4648556411266327,0
2019-02-05,XGBoost,3,0,0.5864505767822266,1
2019-02-06,XGBoost,3,0,0.4587852656841278,0
2019-02-07,XGBoost,3,1,0.7506179809570312,1
2019-02-08,XGBoost,3,1,0.5131297707557678,1
2019-02-11,XGBoost,3,1,0.4881178140640259,0
2019-02-12,XGBoost,3,1,0.40940770506858826,0
2019-02-13,XGBoost,3,0,0.29064542055130005,0
2019-02-14,XGBoost,3,1,0.38342270255088806,0
2019-02-15,XGBoost,3,1,0.37860941886901855,0
2019-02-19,XGBoost,3,1,0.1820177584886551,0
2019-02-20,XGBoost,3,0,0.6204490065574646,1
2019-02-21,XGBoost,3,1,0.3693775534629822,0
2019-02-22,XGBoost,3,1,0.47993388772010803,0
2019-02-25,XGBoost,3,0,0.5313172340393066,1
2019-02-26,XGBoost,3,0,0.23804038763046265,0
2019-02-27,XGBoost,3,0,0.17531876266002655,0
2019-02-28,XGBoost,3,1,0.4143551290035248,0
2019-03-01,XGBoost,3,0,0.36041516065597534,0
2019-03-04,XGBoost,3,0,0.3534163236618042,0
2019-03-05,XGBoost,3,0,0.16385725140571594,0
2019-03-06,XGBoost,3,0,0.5911450982093811,1
2019-03-07,XGBoost,3,0,0.5219776630401611,1
2019-03-08,XGBoost,3,1,0.33376267552375793,0
2019-03-11,XGBoost,3,1,0.31701672077178955,0
2019-03-12,XGBoost,3,1,0.552455484867096,1
2019-03-13,XGBoost,3,0,0.29975467920303345,0
2019-03-14,XGBoost,3,1,0.45670193433761597,0
2019-03-15,XGBoost,3,1,0.3418137729167938,0
2019-03-18,XGBoost,3,1,0.5190256834030151,1
2019-03-19,XGBoost,3,0,0.35454559326171875,0
2019-03-20,XGBoost,3,1,0.49605080485343933,0
2019-03-21,XGBoost,3,0,0.3157837688922882,0
2019-03-22,XGBoost,3,0,0.3717650771141052,0
2019-03-25,XGBoost,3,1,0.4148511588573456,0
2019-03-26,XGBoost,3,0,0.39900562167167664,0
2019-03-27,XGBoost,3,1,0.49869289994239807,0
2019-03-28,XGBoost,3,1,0.3015062212944031,0
2019-03-29,XGBoost,3,1,0.5191442370414734,1
2019-04-01,XGBoost,3,1,0.4470869302749634,0
2019-04-02,XGBoost,3,1,0.3120187222957611,0
2019-04-03,XGBoost,3,1,0.38737747073173523,0
2019-04-04,XGBoost,3,1,0.41262301802635193,0
2019-04-05,XGBoost,3,1,0.46093621850013733,0
2019-04-08,XGBoost,3,0,0.6206801533699036,1
2019-04-09,XGBoost,3,1,0.4768592119216919,0
2019-04-10,XGBoost,3,0,0.41916361451148987,0
2019-04-11,XGBoost,3,1,0.318198561668396,0
2019-04-12,XGBoost,3,0,0.4752556383609772,0
2019-04-15,XGBoost,3,1,0.3788619339466095,0
2019-04-16,XGBoost,3,0,0.3048532009124756,0
2019-04-17,XGBoost,3,1,0.4278206527233124,0
2019-04-18,XGBoost,3,1,0.37044066190719604,0
2019-04-22,XGBoost,3,1,0.3368023931980133,0
2019-04-23,XGBoost,3,0,0.3236325681209564,0
2019-04-24,XGBoost,3,0,0.4959561228752136,0
2019-04-25,XGBoost,3,1,0.5055680274963379,1
2019-04-26,XGBoost,3,1,0.446662962436676,0
2019-04-29,XGBoost,3,1,0.5418301820755005,1
2019-04-30,XGBoost,3,0,0.5661969184875488,1
2019-05-01,XGBoost,3,0,0.47249412536621094,0
2019-05-02,XGBoost,3,1,0.5496548414230347,1
2019-05-03,XGBoost,3,0,0.30849555134773254,0
2019-05-06,XGBoost,3,0,0.40878865122795105,0
2019-05-07,XGBoost,3,0,0.42124655842781067,0
2019-05-08,XGBoost,3,0,0.5523713827133179,1
2019-05-09,XGBoost,3,1,0.5062856674194336,1
2019-05-10,XGBoost,3,0,0.5047754645347595,1
2019-05-13,XGBoost,3,1,0.6847409605979919,1
2019-05-14,XGBoost,3,1,0.5609180331230164,1
2019-05-15,XGBoost,3,1,0.5459049344062805,1
2019-05-16,XGBoost,3,0,0.4392552077770233,0
2019-05-17,XGBoost,3,0,0.5714246034622192,1
2019-05-20,XGBoost,3,1,0.6750888824462891,1
2019-05-21,XGBoost,3,0,0.71728515625,1
2019-05-22,XGBoost,3,0,0.654843270778656,1
2019-05-23,XGBoost,3,1,0.5701166987419128,1
2019-05-24,XGBoost,3,0,0.7131643295288086,1
2019-05-28,XGBoost,3,0,0.5773903131484985,1
2019-05-29,XGBoost,3,1,0.7115994691848755,1
2019-05-30,XGBoost,3,0,0.575401782989502,1
2019-05-31,XGBoost,3,0,0.6469755172729492,1
2019-06-03,XGBoost,3,1,0.7927536368370056,1
2019-06-04,XGBoost,3,1,0.5455558896064758,1
2019-06-05,XGBoost,3,1,0.5707392692565918,1
2019-06-06,XGBoost,3,1,0.36706703901290894,0
2019-06-07,XGBoost,3,1,0.5296772122383118,1
2019-06-10,XGBoost,3,0,0.5073796510696411,1
2019-06-11,XGBoost,3,0,0.5898046493530273,1
2019-06-12,XGBoost,3,1,0.6786155104637146,1
2019-06-13,XGBoost,3,0,0.5474912524223328,1
2019-06-14,XGBoost,3,1,0.5881977677345276,1
2019-06-17,XGBoost,3,1,0.2966466248035431,0
2019-06-18,XGBoost,3,1,0.46528157591819763,0
2019-06-19,XGBoost,3,1,0.6456262469291687,1
2019-06-20,XGBoost,3,0,0.4348897635936737,0
2019-06-21,XGBoost,3,0,0.7496707439422607,1
2019-06-24,XGBoost,3,0,0.6441516280174255,1
2019-06-25,XGBoost,3,0,0.7983851432800293,1
2019-06-26,XGBoost,3,1,0.45179516077041626,0
2019-06-27,XGBoost,3,1,0.5986805558204651,1
2019-06-28,XGBoost,3,1,0.6742545366287231,1
2019-07-01,XGBoost,3,1,0.468544065952301,0
2019-07-02,XGBoost,3,1,0.640245795249939,1
2019-07-03,XGBoost,3,0,0.3372935652732849,0
2019-07-05,XGBoost,3,0,0.6085126399993896,1
2019-07-08,XGBoost,3,1,0.4772348999977112,0
2019-07-09,XGBoost,3,1,0.47695639729499817,0
2019-07-10,XGBoost,3,1,0.37499746680259705,0
2019-07-11,XGBoost,3,1,0.49671027064323425,0
2019-07-12,XGBoost,3,1,0.30137163400650024,0
2019-07-15,XGBoost,3,0,0.32040053606033325,0
2019-07-16,XGBoost,3,0,0.2525896430015564,0
2019-07-17,XGBoost,3,1,0.39294400811195374,0
2019-07-18,XGBoost,3,0,0.5498992204666138,1
2019-07-19,XGBoost,3,1,0.6430028676986694,1
2019-07-22,XGBoost,3,1,0.5137477517127991,1
2019-07-23,XGBoost,3,1,0.6307218074798584,1
2019-07-24,XGBoost,3,0,0.6349132061004639,1
2019-07-25,XGBoost,3,1,0.719496488571167,1
2019-07-26,XGBoost,3,0,0.5624223947525024,1
2019-07-29,XGBoost,3,0,0.5889058113098145,1
2019-07-30,XGBoost,3,0,0.6009048819541931,1
2019-07-31,XGBoost,3,0,0.6881866455078125,1
2019-08-01,XGBoost,3,0,0.6634637713432312,1
2019-08-02,XGBoost,3,0,0.46089601516723633,0
2019-08-05,XGBoost,3,1,0.5927656888961792,1
2019-08-06,XGBoost,3,1,0.6874201893806458,1
2019-08-07,XGBoost,3,1,0.7489941716194153,1
2019-08-08,XGBoost,3,0,0.6818798780441284,1
2019-08-09,XGBoost,3,0,0.7337725758552551,1
2019-08-12,XGBoost,3,1,0.6364787817001343,1
2019-08-13,XGBoost,3,0,0.6586873531341553,1
2019-08-14,XGBoost,3,1,0.3574294149875641,0
2019-08-15,XGBoost,3,1,0.6484745740890503,1
2019-08-16,XGBoost,3,1,0.5456647872924805,1
2019-08-19,XGBoost,3,0,0.6659799814224243,1
2019-08-20,XGBoost,3,1,0.4825812876224518,0
2019-08-21,XGBoost,3,0,0.648273229598999,1
2019-08-22,XGBoost,3,0,0.48625513911247253,0
2019-08-23,XGBoost,3,1,0.5926118493080139,1
2019-08-26,XGBoost,3,0,0.5736387968063354,1
2019-08-27,XGBoost,3,1,0.27265843749046326,0
2019-08-28,XGBoost,3,1,0.5163920521736145,1
2019-08-29,XGBoost,3,0,0.5465944409370422,1
2019-08-30,XGBoost,3,0,0.494151771068573,0
2019-09-03,XGBoost,3,1,0.6089105010032654,1
2019-09-04,XGBoost,3,1,0.6160470843315125,1
2019-09-05,XGBoost,3,1,0.3619052767753601,0
2019-09-06,XGBoost,3,1,0.5354287028312683,1
2019-09-09,XGBoost,3,0,0.4121018350124359,0
2019-09-10,XGBoost,3,1,0.6906603574752808,1
2019-09-11,XGBoost,3,1,0.6420175433158875,1
2019-09-12,XGBoost,3,0,0.7869154810905457,1
2019-09-13,XGBoost,3,0,0.47559234499931335,0
2019-09-16,XGBoost,3,1,0.6826533675193787,1
2019-09-17,XGBoost,3,1,0.7095146775245667,1
2019-09-18,XGBoost,3,0,0.626160740852356,1
2019-09-19,XGBoost,3,0,0.5118779540061951,1
2019-09-20,XGBoost,3,0,0.7035516500473022,1
2019-09-23,XGBoost,3,0,0.5405511856079102,1
2019-09-24,XGBoost,3,1,0.6514902710914612,1
2019-09-25,XGBoost,3,0,0.6025004982948303,1
2019-09-26,XGBoost,3,0,0.5474985837936401,1
2019-09-27,XGBoost,3,1,0.5622589588165283,1
2019-09-30,XGBoost,3,0,0.2974296510219574,0
2019-10-01,XGBoost,3,0,0.5502009391784668,1
2019-10-02,XGBoost,3,1,0.6614464521408081,1
2019-10-03,XGBoost,3,1,0.6727096438407898,1
2019-10-04,XGBoost,3,0,0.3600095212459564,0
2019-10-07,XGBoost,3,0,0.6012638807296753,1
2019-10-08,XGBoost,3,1,0.6852598190307617,1
2019-10-09,XGBoost,3,1,0.7504663467407227,1
2019-10-10,XGBoost,3,1,0.5219981670379639,1
2019-10-11,XGBoost,3,0,0.47325587272644043,0
2019-10-14,XGBoost,3,1,0.38926711678504944,0
2019-10-15,XGBoost,3,0,0.4638631045818329,0
2019-10-16,XGBoost,3,1,0.5659418702125549,1
2019-10-17,XGBoost,3,0,0.4301753044128418,0
2019-10-18,XGBoost,3,1,0.5903103351593018,1
2019-10-21,XGBoost,3,0,0.3037804663181305,0
2019-10-22,XGBoost,3,1,0.46238774061203003,0
2019-10-23,XGBoost,3,1,0.39560672640800476,0
2019-10-24,XGBoost,3,1,0.25429221987724304,0
2019-10-25,XGBoost,3,1,0.580262303352356,1
2019-10-28,XGBoost,3,0,0.5199562907218933,1
2019-10-29,XGBoost,3,1,0.4550314247608185,0
2019-10-30,XGBoost,3,0,0.5540186762809753,1
2019-10-31,XGBoost,3,1,0.7082051038742065,1
2019-11-01,XGBoost,3,1,0.3093436360359192,0
2019-11-04,XGBoost,3,0,0.689094066619873,1
2019-11-05,XGBoost,3,1,0.41479235887527466,0
2019-11-06,XGBoost,3,1,0.47689366340637207,0
2019-11-07,XGBoost,3,1,0.6579287052154541,1
2019-11-08,XGBoost,3,0,0.4957370162010193,0
2019-11-11,XGBoost,3,1,0.3243074417114258,0
2019-11-12,XGBoost,3,1,0.4079340696334839,0
2019-11-13,XGBoost,3,1,0.5228785872459412,1
2019-11-14,XGBoost,3,1,0.4363791346549988,0
2019-11-15,XGBoost,3,1,0.24202103912830353,0
2019-11-18,XGBoost,3,0,0.6217143535614014,1
2019-11-19,XGBoost,3,0,0.4654810428619385,0
2019-11-20,XGBoost,3,0,0.5914472341537476,1
2019-11-21,XGBoost,3,1,0.4973069727420807,0
2019-11-22,XGBoost,3,1,0.58333420753479,1
2019-11-25,XGBoost,3,1,0.290551096200943,0
2019-11-26,XGBoost,3,1,0.39466360211372375,0
2019-11-27,XGBoost,3,0,0.5039207935333252,1
2019-11-29,XGBoost,3,0,0.45283329486846924,0
2019-12-02,XGBoost,3,0,0.7480812668800354,1
2019-12-03,XGBoost,3,1,0.5777141451835632,1
2019-12-04,XGBoost,3,1,0.44425737857818604,0
2019-12-05,XGBoost,3,1,0.46949535608291626,0
2019-12-06,XGBoost,3,0,0.3332355320453644,0
2019-12-09,XGBoost,3,0,0.39359453320503235,0
2019-12-10,XGBoost,3,1,0.5544736385345459,1
2019-12-11,XGBoost,3,1,0.4338502883911133,0
2019-12-12,XGBoost,3,1,0.23268185555934906,0
2019-12-13,XGBoost,3,1,0.46885645389556885,0
2019-12-16,XGBoost,3,1,0.22589212656021118,0
2019-12-17,XGBoost,3,1,0.4739437401294708,0
2019-12-18,XGBoost,3,1,0.34203627705574036,0
2019-12-19,XGBoost,3,1,0.45785626769065857,0
2019-12-20,XGBoost,3,1,0.23522502183914185,0
2019-12-23,XGBoost,3,1,0.4843951463699341,0
2019-12-24,XGBoost,3,1,0.32469913363456726,0
2019-12-26,XGBoost,3,0,0.3544238805770874,0
2019-12-27,XGBoost,3,0,0.5054545402526855,1
2019-12-30,XGBoost,3,1,0.5063415765762329,1
2019-12-31,XGBoost,3,1,0.34851640462875366,0
2020-01-02,XGBoost,3,0,0.4231261610984802,0
2020-01-03,XGBoost,3,1,0.5863940715789795,1
2020-01-06,XGBoost,3,0,0.3275826573371887,0
2020-01-07,XGBoost,3,1,0.5318948030471802,1
2020-01-08,XGBoost,3,1,0.5153994560241699,1
2020-01-09,XGBoost,4,0,0.6516828536987305,1
2020-01-10,XGBoost,4,1,0.618095338344574,1
2020-01-13,XGBoost,4,0,0.6229531764984131,1
2020-01-14,XGBoost,4,1,0.7087550163269043,1
2020-01-15,XGBoost,4,1,0.6856786012649536,1
2020-01-16,XGBoost,4,1,0.5231135487556458,1
2020-01-17,XGBoost,4,0,0.5564494729042053,1
2020-01-21,XGBoost,4,1,0.6148955225944519,1
2020-01-22,XGBoost,4,1,0.596765398979187,1
2020-01-23,XGBoost,4,0,0.5236481428146362,1
2020-01-24,XGBoost,4,0,0.5616823434829712,1
2020-01-27,XGBoost,4,1,0.5274829864501953,1
2020-01-28,XGBoost,4,0,0.4727271795272827,0
2020-01-29,XGBoost,4,1,0.3928335905075073,0
2020-01-30,XGBoost,4,0,0.4947625398635864,0
2020-01-31,XGBoost,4,1,0.5958531498908997,1
2020-02-03,XGBoost,4,1,0.31791430711746216,0
2020-02-04,XGBoost,4,1,0.451263964176178,0
2020-02-05,XGBoost,4,1,0.5731013417243958,1
2020-02-06,XGBoost,4,0,0.6192729473114014,1
2020-02-07,XGBoost,4,1,0.5992518067359924,1
2020-02-10,XGBoost,4,1,0.5226686000823975,1
2020-02-11,XGBoost,4,1,0.7368040084838867,1
2020-02-12,XGBoost,4,0,0.5578646063804626,1
2020-02-13,XGBoost,4,1,0.6639253497123718,1
2020-02-14,XGBoost,4,0,0.5478605628013611,1
2020-02-18,XGBoost,4,1,0.6683924794197083,1
2020-02-19,XGBoost,4,0,0.5210635662078857,1
2020-02-20,XGBoost,4,0,0.7472582459449768,1
2020-02-21,XGBoost,4,0,0.3504556119441986,0
2020-02-24,XGBoost,4,0,0.48473647236824036,0
2020-02-25,XGBoost,4,0,0.489783376455307,0
2020-02-26,XGBoost,4,0,0.683047890663147,1
2020-02-27,XGBoost,4,0,0.4217740297317505,0
2020-02-28,XGBoost,4,1,0.6177962422370911,1
2020-03-02,XGBoost,4,0,0.7478411793708801,1
2020-03-03,XGBoost,4,1,0.7642949819564819,1
2020-03-04,XGBoost,4,0,0.6682765483856201,1
2020-03-05,XGBoost,4,0,0.7195718288421631,1
2020-03-06,XGBoost,4,0,0.7887659072875977,1
2020-03-09,XGBoost,4,1,0.6923043727874756,1
2020-03-10,XGBoost,4,0,0.7783519625663757,1
2020-03-11,XGBoost,4,0,0.7244234681129456,1
2020-03-12,XGBoost,4,1,0.715446949005127,1
2020-03-13,XGBoost,4,0,0.7591014504432678,1
2020-03-16,XGBoost,4,1,0.6020684838294983,1
2020-03-17,XGBoost,4,0,0.6752711534500122,1
2020-03-18,XGBoost,4,1,0.7192240357398987,1
2020-03-19,XGBoost,4,0,0.7422417402267456,1
2020-03-20,XGBoost,4,0,0.7691829800605774,1
2020-03-23,XGBoost,4,1,0.8191852569580078,1
2020-03-24,XGBoost,4,1,0.7081266045570374,1
2020-03-25,XGBoost,4,1,0.5963245034217834,1
2020-03-26,XGBoost,4,0,0.5097448229789734,1
2020-03-27,XGBoost,4,1,0.4143965542316437,0
2020-03-30,XGBoost,4,0,0.6628995537757874,1
2020-03-31,XGBoost,4,0,0.5535466074943542,1
2020-04-01,XGBoost,4,1,0.649555504322052,1
2020-04-02,XGBoost,4,0,0.7479754090309143,1
2020-04-03,XGBoost,4,1,0.531283974647522,1
2020-04-06,XGBoost,4,1,0.6037542223930359,1
2020-04-07,XGBoost,4,1,0.49331438541412354,0
2020-04-08,XGBoost,4,1,0.5208421349525452,1
2020-04-09,XGBoost,4,0,0.5028925538063049,1
2020-04-13,XGBoost,4,1,0.4948995113372803,0
2020-04-14,XGBoost,4,0,0.5771433115005493,1
2020-04-15,XGBoost,4,1,0.6331591606140137,1
2020-04-16,XGBoost,4,1,0.7616152763366699,1
2020-04-17,XGBoost,4,0,0.705668032169342,1
2020-04-20,XGBoost,4,0,0.527759850025177,1
2020-04-21,XGBoost,4,1,0.6254034042358398,1
2020-04-22,XGBoost,4,0,0.7341020703315735,1
2020-04-23,XGBoost,4,1,0.6284928917884827,1
2020-04-24,XGBoost,4,1,0.601681649684906,1
2020-04-27,XGBoost,4,0,0.6101245284080505,1
2020-04-28,XGBoost,4,1,0.526689887046814,1
2020-04-29,XGBoost,4,0,0.6205995678901672,1
2020-04-30,XGBoost,4,0,0.6672269701957703,1
2020-05-01,XGBoost,4,1,0.5850527286529541,1
2020-05-04,XGBoost,4,1,0.6110715270042419,1
2020-05-05,XGBoost,4,0,0.40186721086502075,0
2020-05-06,XGBoost,4,1,0.293805330991745,0
2020-05-07,XGBoost,4,1,0.40470364689826965,0
2020-05-08,XGBoost,4,1,0.4116514325141907,0
2020-05-11,XGBoost,4,0,0.3593916594982147,0
2020-05-12,XGBoost,4,0,0.46613994240760803,0
2020-05-13,XGBoost,4,1,0.3896491527557373,0
2020-05-14,XGBoost,4,1,0.5068356394767761,1
2020-05-15,XGBoost,4,1,0.4659198820590973,0
2020-05-18,XGBoost,4,0,0.43601366877555847,0
2020-05-19,XGBoost,4,1,0.21943746507167816,0
2020-05-20,XGBoost,4,0,0.28900760412216187,0
2020-05-21,XGBoost,4,1,0.3167467713356018,0
2020-05-22,XGBoost,4,1,0.2878590226173401,0
2020-05-26,XGBoost,4,1,0.3018524944782257,0
2020-05-27,XGBoost,4,0,0.1571289449930191,0
2020-05-28,XGBoost,4,1,0.15002931654453278,0
2020-05-29,XGBoost,4,1,0.34545937180519104,0
2020-06-01,XGBoost,4,1,0.3644030690193176,0
2020-06-02,XGBoost,4,1,0.21682187914848328,0
2020-06-03,XGBoost,4,0,0.3784298598766327,0
2020-06-04,XGBoost,4,1,0.1730860471725464,0
2020-06-05,XGBoost,4,1,0.22470292448997498,0
2020-06-08,XGBoost,4,0,0.31053438782691956,0
2020-06-09,XGBoost,4,0,0.16007675230503082,0
2020-06-10,XGBoost,4,0,0.3212564289569855,0
2020-06-11,XGBoost,4,1,0.5054336190223694,1
2020-06-12,XGBoost,4,1,0.5714129209518433,1
2020-06-15,XGBoost,4,1,0.614762544631958,1
2020-06-16,XGBoost,4,0,0.7370358109474182,1
2020-06-17,XGBoost,4,1,0.5631321668624878,1
2020-06-18,XGBoost,4,0,0.6502707004547119,1
2020-06-19,XGBoost,4,1,0.6627730131149292,1
2020-06-22,XGBoost,4,1,0.620245099067688,1
2020-06-23,XGBoost,4,0,0.5422790050506592,1
2020-06-24,XGBoost,4,1,0.6710828542709351,1
2020-06-25,XGBoost,4,0,0.462887167930603,0
2020-06-26,XGBoost,4,1,0.5602349042892456,1
2020-06-29,XGBoost,4,1,0.5615199208259583,1
2020-06-30,XGBoost,4,1,0.7617161870002747,1
2020-07-01,XGBoost,4,1,0.5985044836997986,1
2020-07-02,XGBoost,4,1,0.6348391175270081,1
2020-07-06,XGBoost,4,0,0.5527618527412415,1
2020-07-07,XGBoost,4,1,0.5534234046936035,1
2020-07-08,XGBoost,4,0,0.5651761889457703,1
2020-07-09,XGBoost,4,1,0.6977094411849976,1
2020-07-10,XGBoost,4,0,0.6371550559997559,1
2020-07-13,XGBoost,4,1,0.6730843186378479,1
2020-07-14,XGBoost,4,1,0.5246304869651794,1
2020-07-15,XGBoost,4,0,0.7185000777244568,1
2020-07-16,XGBoost,4,1,0.45203909277915955,0
2020-07-17,XGBoost,4,1,0.6126234531402588,1
2020-07-20,XGBoost,4,1,0.6089404225349426,1
2020-07-21,XGBoost,4,1,0.6345725655555725,1
2020-07-22,XGBoost,4,0,0.5157417058944702,1
2020-07-23,XGBoost,4,0,0.5846604108810425,1
2020-07-24,XGBoost,4,1,0.5411018133163452,1
2020-07-27,XGBoost,4,0,0.7146697044372559,1
2020-07-28,XGBoost,4,1,0.4818630814552307,0
2020-07-29,XGBoost,4,0,0.4135431945323944,0
2020-07-30,XGBoost,4,1,0.6084279417991638,1
2020-07-31,XGBoost,4,1,0.46812891960144043,0
2020-08-03,XGBoost,4,1,0.5793412923812866,1
2020-08-04,XGBoost,4,1,0.38014304637908936,0
2020-08-05,XGBoost,4,1,0.47346752882003784,0
2020-08-06,XGBoost,4,1,0.4609760046005249,0
2020-08-07,XGBoost,4,1,0.543507993221283,1
2020-08-10,XGBoost,4,0,0.35180389881134033,0
2020-08-11,XGBoost,4,1,0.6673564910888672,1
2020-08-12,XGBoost,4,0,0.40368226170539856,0
2020-08-13,XGBoost,4,1,0.45045745372772217,0
2020-08-14,XGBoost,4,1,0.5345140099525452,1
2020-08-17,XGBoost,4,1,0.5414161086082458,1
2020-08-18,XGBoost,4,0,0.38782405853271484,0
2020-08-19,XGBoost,4,1,0.5583755970001221,1
2020-08-20,XGBoost,4,1,0.3087029457092285,0
2020-08-21,XGBoost,4,1,0.5548776984214783,1
2020-08-24,XGBoost,4,1,0.3424382209777832,0
2020-08-25,XGBoost,4,1,0.32668858766555786,0
2020-08-26,XGBoost,4,1,0.3472144901752472,0
2020-08-27,XGBoost,4,1,0.28126704692840576,0
2020-08-28,XGBoost,4,0,0.23202039301395416,0
2020-08-31,XGBoost,4,1,0.5082848072052002,1
2020-09-01,XGBoost,4,1,0.20065245032310486,0
2020-09-02,XGBoost,4,0,0.4019272029399872,0
2020-09-03,XGBoost,4,0,0.39189520478248596,0
2020-09-04,XGBoost,4,0,0.4109671115875244,0
2020-09-08,XGBoost,4,1,0.3706161081790924,0
2020-09-09,XGBoost,4,0,0.5980362892150879,1
2020-09-10,XGBoost,4,1,0.5370144248008728,1
2020-09-11,XGBoost,4,1,0.5017729997634888,1
2020-09-14,XGBoost,4,1,0.5621665120124817,1
2020-09-15,XGBoost,4,0,0.5981417894363403,1
2020-09-16,XGBoost,4,0,0.6963602304458618,1
2020-09-17,XGBoost,4,0,0.48595505952835083,0
2020-09-18,XGBoost,4,0,0.4590905010700226,0
2020-09-21,XGBoost,4,1,0.605564534664154,1
2020-09-22,XGBoost,4,0,0.48091351985931396,0
2020-09-23,XGBoost,4,1,0.5315337777137756,1
2020-09-24,XGBoost,4,1,0.5090206265449524,1
2020-09-25,XGBoost,4,1,0.66893470287323,1
2020-09-28,XGBoost,4,0,0.41743987798690796,0
2020-09-29,XGBoost,4,1,0.47239387035369873,0
2020-09-30,XGBoost,4,1,0.47762662172317505,0
2020-10-01,XGBoost,4,0,0.5164189338684082,1
2020-10-02,XGBoost,4,1,0.5591718554496765,1
2020-10-05,XGBoost,4,0,0.3508925437927246,0
2020-10-06,XGBoost,4,1,0.5115981698036194,1
2020-10-07,XGBoost,4,1,0.23541958630084991,0
2020-10-08,XGBoost,4,1,0.5109488368034363,1
2020-10-09,XGBoost,4,1,0.5277013182640076,1
2020-10-12,XGBoost,4,0,0.30926722288131714,0
2020-10-13,XGBoost,4,0,0.6281136274337769,1
2020-10-14,XGBoost,4,0,0.4993107318878174,0
2020-10-15,XGBoost,4,0,0.6764520406723022,1
2020-10-16,XGBoost,4,0,0.7059380412101746,1
2020-10-19,XGBoost,4,1,0.5804208517074585,1
2020-10-20,XGBoost,4,0,0.444439560174942,0
2020-10-21,XGBoost,4,1,0.5625298619270325,1
2020-10-22,XGBoost,4,1,0.5786148905754089,1
2020-10-23,XGBoost,4,0,0.6016644835472107,1
2020-10-26,XGBoost,4,0,0.5779591798782349,1
2020-10-27,XGBoost,4,0,0.5217708945274353,1
2020-10-28,XGBoost,4,1,0.6021828055381775,1
2020-10-29,XGBoost,4,0,0.7114352583885193,1
2020-10-30,XGBoost,4,1,0.5336674451828003,1
2020-11-02,XGBoost,4,1,0.6189943552017212,1
2020-11-03,XGBoost,4,1,0.5086200833320618,1
2020-11-04,XGBoost,4,1,0.5801031589508057,1
2020-11-05,XGBoost,4,0,0.5727249979972839,1
2020-11-06,XGBoost,4,1,0.6329432129859924,1
2020-11-09,XGBoost,4,0,0.4491749405860901,0
2020-11-10,XGBoost,4,1,0.4247899651527405,0
2020-11-11,XGBoost,4,0,0.5042877793312073,1
2020-11-12,XGBoost,4,1,0.5665355920791626,1
2020-11-13,XGBoost,4,1,0.3613016605377197,0
2020-11-16,XGBoost,4,0,0.654752790927887,1
2020-11-17,XGBoost,4,0,0.47884276509284973,0
2020-11-18,XGBoost,4,1,0.3878459930419922,0
2020-11-19,XGBoost,4,0,0.5182492733001709,1
2020-11-20,XGBoost,4,1,0.6615710854530334,1
2020-11-23,XGBoost,4,1,0.5793543457984924,1
2020-11-24,XGBoost,4,0,0.5230252146720886,1
2020-11-25,XGBoost,4,1,0.5288851857185364,1
2020-11-27,XGBoost,4,0,0.5132628083229065,1
2020-11-30,XGBoost,4,1,0.5994564890861511,1
2020-12-01,XGBoost,4,1,0.514676034450531,1
2020-12-02,XGBoost,4,0,0.7169839143753052,1
2020-12-03,XGBoost,4,1,0.6330116391181946,1
2020-12-04,XGBoost,4,0,0.5006098747253418,1
2020-12-07,XGBoost,4,1,0.5013455152511597,1
2020-12-08,XGBoost,4,0,0.441732794046402,0
2020-12-09,XGBoost,4,0,0.3973597586154938,0
2020-12-10,XGBoost,4,0,0.27790746092796326,0
2020-12-11,XGBoost,4,0,0.5951688289642334,1
2020-12-14,XGBoost,4,1,0.5945867300033569,1
2020-12-15,XGBoost,4,1,0.4568686783313751,0
2020-12-16,XGBoost,4,1,0.5659797787666321,1
2020-12-17,XGBoost,4,0,0.5531005263328552,1
2020-12-18,XGBoost,4,0,0.42535242438316345,0
2020-12-21,XGBoost,4,0,0.4729742109775543,0
2020-12-22,XGBoost,4,1,0.7084361910820007,1
2020-12-23,XGBoost,4,1,0.554409384727478,1
2020-12-24,XGBoost,4,1,0.6126475930213928,1
2020-12-28,XGBoost,4,0,0.5114506483078003,1
2020-12-29,XGBoost,4,1,0.5316451787948608,1
2020-12-30,XGBoost,4,1,0.33466753363609314,0
2020-12-31,XGBoost,4,0,0.5644973516464233,1
2021-01-04,XGBoost,4,1,0.35245391726493835,0
2021-01-05,XGBoost,4,1,0.46728068590164185,0
2021-01-06,XGBoost,5,1,0.4543246626853943,0
2021-01-07,XGBoost,5,1,0.3776358664035797,0
2021-01-08,XGBoost,5,0,0.31194615364074707,0
2021-01-11,XGBoost,5,1,0.4060683250427246,0
2021-01-12,XGBoost,5,1,0.5984408259391785,1
2021-01-13,XGBoost,5,0,0.5337821245193481,1
2021-01-14,XGBoost,5,0,0.6640141606330872,1
2021-01-15,XGBoost,5,1,0.5311846733093262,1
2021-01-19,XGBoost,5,1,0.46347784996032715,0
2021-01-20,XGBoost,5,1,0.5712975263595581,1
2021-01-21,XGBoost,5,0,0.5211583375930786,1
2021-01-22,XGBoost,5,1,0.6485093235969543,1
2021-01-25,XGBoost,5,0,0.6690384149551392,1
2021-01-26,XGBoost,5,0,0.6389110088348389,1
2021-01-27,XGBoost,5,1,0.6373435854911804,1
2021-01-28,XGBoost,5,0,0.391168475151062,0
2021-01-29,XGBoost,5,1,0.5414535403251648,1
2021-02-01,XGBoost,5,1,0.4780218303203583,0
2021-02-02,XGBoost,5,1,0.47670650482177734,0
2021-02-03,XGBoost,5,1,0.6128463745117188,1
2021-02-04,XGBoost,5,1,0.40679439902305603,0
2021-02-05,XGBoost,5,1,0.44705823063850403,0
2021-02-08,XGBoost,5,0,0.29672664403915405,0
2021-02-09,XGBoost,5,0,0.495288610458374,0
2021-02-10,XGBoost,5,1,0.36406728625297546,0
2021-02-11,XGBoost,5,1,0.4909769296646118,0
2021-02-12,XGBoost,5,0,0.3669701814651489,0
2021-02-16,XGBoost,5,1,0.4164610207080841,0
2021-02-17,XGBoost,5,0,0.37884318828582764,0
2021-02-18,XGBoost,5,0,0.5180271863937378,1
2021-02-19,XGBoost,5,0,0.3142210841178894,0
2021-02-22,XGBoost,5,1,0.520417332649231,1
2021-02-23,XGBoost,5,1,0.32770100235939026,0
2021-02-24,XGBoost,5,0,0.47341376543045044,0
2021-02-25,XGBoost,5,0,0.48096898198127747,0
2021-02-26,XGBoost,5,1,0.4535379111766815,0
2021-03-01,XGBoost,5,0,0.4780363142490387,0
2021-03-02,XGBoost,5,0,0.46776366233825684,0
2021-03-03,XGBoost,5,0,0.40618252754211426,0
2021-03-04,XGBoost,5,1,0.4308669865131378,0
2021-03-05,XGBoost,5,0,0.3050401210784912,0
2021-03-08,XGBoost,5,1,0.6237509250640869,1
2021-03-09,XGBoost,5,1,0.5041273236274719,1
2021-03-10,XGBoost,5,1,0.48985686898231506,0
2021-03-11,XGBoost,5,1,0.40031787753105164,0
2021-03-12,XGBoost,5,1,0.47230955958366394,0
2021-03-15,XGBoost,5,0,0.5040304064750671,1
2021-03-16,XGBoost,5,1,0.5104201436042786,1
2021-03-17,XGBoost,5,0,0.36750173568725586,0
2021-03-18,XGBoost,5,0,0.47888967394828796,0
2021-03-19,XGBoost,5,1,0.39977186918258667,0
2021-03-22,XGBoost,5,0,0.3419110178947449,0
2021-03-23,XGBoost,5,0,0.48694321513175964,0
2021-03-24,XGBoost,5,1,0.2729620337486267,0
2021-03-25,XGBoost,5,1,0.4676463305950165,0
2021-03-26,XGBoost,5,0,0.4528385102748871,0
2021-03-29,XGBoost,5,0,0.5844719409942627,1
2021-03-30,XGBoost,5,1,0.5472200512886047,1
2021-03-31,XGBoost,5,1,0.590739369392395,1
2021-04-01,XGBoost,5,1,0.5175051093101501,1
2021-04-05,XGBoost,5,0,0.1877942681312561,0
2021-04-06,XGBoost,5,1,0.4795578420162201,0
2021-04-07,XGBoost,5,1,0.4340135455131531,0
2021-04-08,XGBoost,5,1,0.36325258016586304,0
2021-04-09,XGBoost,5,1,0.3618224561214447,0
2021-04-12,XGBoost,5,1,0.42860546708106995,0
2021-04-13,XGBoost,5,0,0.41427168250083923,0
2021-04-14,XGBoost,5,1,0.4833907186985016,0
2021-04-15,XGBoost,5,1,0.25488612055778503,0
2021-04-16,XGBoost,5,0,0.5258867740631104,1
2021-04-19,XGBoost,5,0,0.5597327947616577,1
2021-04-20,XGBoost,5,1,0.6393718123435974,1
2021-04-21,XGBoost,5,0,0.46234336495399475,0
2021-04-22,XGBoost,5,1,0.6333395838737488,1
2021-04-23,XGBoost,5,1,0.44708341360092163,0
2021-04-26,XGBoost,5,0,0.47673121094703674,0
2021-04-27,XGBoost,5,0,0.5107183456420898,1
2021-04-28,XGBoost,5,1,0.5115567445755005,1
2021-04-29,XGBoost,5,0,0.6203636527061462,1
2021-04-30,XGBoost,5,1,0.623067319393158,1
2021-05-03,XGBoost,5,0,0.44357797503471375,0
2021-05-04,XGBoost,5,1,0.5430576801300049,1
2021-05-05,XGBoost,5,1,0.5338361859321594,1
2021-05-06,XGBoost,5,1,0.5975438356399536,1
2021-05-07,XGBoost,5,0,0.4985778331756592,0
2021-05-10,XGBoost,5,0,0.3745694160461426,0
2021-05-11,XGBoost,5,0,0.4929399788379669,0
2021-05-12,XGBoost,5,1,0.520122766494751,1
2021-05-13,XGBoost,5,1,0.31606170535087585,0
2021-05-14,XGBoost,5,0,0.30537256598472595,0
2021-05-17,XGBoost,5,0,0.42705389857292175,0
2021-05-18,XGBoost,5,0,0.3899385631084442,0
2021-05-19,XGBoost,5,1,0.5868277549743652,1
2021-05-20,XGBoost,5,0,0.4614972174167633,0
2021-05-21,XGBoost,5,1,0.6028488278388977,1
2021-05-24,XGBoost,5,0,0.3000774085521698,0
2021-05-25,XGBoost,5,1,0.5109848380088806,1
2021-05-26,XGBoost,5,1,0.29877009987831116,0
2021-05-27,XGBoost,5,1,0.5417627096176147,1
2021-05-28,XGBoost,5,0,0.41995418071746826,0
2021-06-01,XGBoost,5,1,0.356920063495636,0
2021-06-02,XGBoost,5,0,0.2550112009048462,0
2021-06-03,XGBoost,5,1,0.3622203767299652,0
2021-06-04,XGBoost,5,0,0.379420667886734,0
2021-06-07,XGBoost,5,1,0.5526594519615173,1
2021-06-08,XGBoost,5,0,0.32660380005836487,0
2021-06-09,XGBoost,5,1,0.45696794986724854,0
2021-06-10,XGBoost,5,1,0.37331268191337585,0
2021-06-11,XGBoost,5,1,0.42237722873687744,0
2021-06-14,XGBoost,5,0,0.3540112376213074,0
2021-06-15,XGBoost,5,0,0.4818698465824127,0
2021-06-16,XGBoost,5,0,0.46135592460632324,0
2021-06-17,XGBoost,5,0,0.46373674273490906,0
2021-06-18,XGBoost,5,1,0.5500523447990417,1
2021-06-21,XGBoost,5,1,0.33680590987205505,0
2021-06-22,XGBoost,5,0,0.3927362859249115,0
2021-06-23,XGBoost,5,1,0.4651705324649811,0
2021-06-24,XGBoost,5,1,0.29218459129333496,0
2021-06-25,XGBoost,5,1,0.6077804565429688,1
2021-06-28,XGBoost,5,1,0.4920985996723175,0
2021-06-29,XGBoost,5,1,0.4325646162033081,0
2021-06-30,XGBoost,5,1,0.4972931146621704,0
2021-07-01,XGBoost,5,1,0.45160558819770813,0
2021-07-02,XGBoost,5,0,0.4129081070423126,0
2021-07-06,XGBoost,5,1,0.4547491669654846,0
2021-07-07,XGBoost,5,0,0.4596218466758728,0
2021-07-08,XGBoost,5,1,0.37606674432754517,0
2021-07-09,XGBoost,5,1,0.34174594283103943,0
2021-07-12,XGBoost,5,0,0.6064661145210266,1
2021-07-13,XGBoost,5,1,0.5495760440826416,1
2021-07-14,XGBoost,5,0,0.5495218634605408,1
2021-07-15,XGBoost,5,0,0.6932450532913208,1
2021-07-16,XGBoost,5,0,0.569158136844635,1
2021-07-19,XGBoost,5,1,0.31312963366508484,0
2021-07-20,XGBoost,5,1,0.5078453421592712,1
2021-07-21,XGBoost,5,1,0.44988346099853516,0
2021-07-22,XGBoost,5,1,0.4475526511669159,0
2021-07-23,XGBoost,5,1,0.4396156072616577,0
2021-07-26,XGBoost,5,0,0.5203241109848022,1
2021-07-27,XGBoost,5,0,0.5581907629966736,1
2021-07-28,XGBoost,5,1,0.4474121332168579,0
2021-07-29,XGBoost,5,0,0.37014251947402954,0
2021-07-30,XGBoost,5,0,0.5910758972167969,1
2021-08-02,XGBoost,5,1,0.4536515176296234,0
2021-08-03,XGBoost,5,0,0.4335767924785614,0
2021-08-04,XGBoost,5,1,0.45481768250465393,0
2021-08-05,XGBoost,5,1,0.337296724319458,0
2021-08-06,XGBoost,5,0,0.5284664034843445,1
2021-08-09,XGBoost,5,1,0.4297269880771637,0
2021-08-10,XGBoost,5,1,0.40868139266967773,0
2021-08-11,XGBoost,5,1,0.38557159900665283,0
2021-08-12,XGBoost,5,1,0.2955755889415741,0
2021-08-13,XGBoost,5,1,0.36259299516677856,0
2021-08-16,XGBoost,5,0,0.3490316867828369,0
2021-08-17,XGBoost,5,0,0.31860610842704773,0
2021-08-18,XGBoost,5,1,0.5902688503265381,1
2021-08-19,XGBoost,5,1,0.3844816982746124,0
2021-08-20,XGBoost,5,1,0.4913862645626068,0
2021-08-23,XGBoost,5,1,0.3646402060985565,0
2021-08-24,XGBoost,5,1,0.4305900037288666,0
2021-08-25,XGBoost,5,0,0.4749574363231659,0
2021-08-26,XGBoost,5,1,0.5981228947639465,1
2021-08-27,XGBoost,5,1,0.5140212774276733,1
2021-08-30,XGBoost,5,0,0.6278883814811707,1
2021-08-31,XGBoost,5,1,0.5876848101615906,1
2021-09-01,XGBoost,5,1,0.5529055595397949,1
2021-09-02,XGBoost,5,0,0.5740445256233215,1
2021-09-03,XGBoost,5,0,0.5392454266548157,1
2021-09-07,XGBoost,5,0,0.6246444582939148,1
2021-09-08,XGBoost,5,0,0.5552498698234558,1
2021-09-09,XGBoost,5,0,0.5845851302146912,1
2021-09-10,XGBoost,5,1,0.4302755892276764,0
2021-09-13,XGBoost,5,0,0.40534716844558716,0
2021-09-14,XGBoost,5,1,0.4660727083683014,0
2021-09-15,XGBoost,5,0,0.4221286475658417,0
2021-09-16,XGBoost,5,0,0.605710506439209,1
2021-09-17,XGBoost,5,0,0.39184948801994324,0
2021-09-20,XGBoost,5,0,0.5864176154136658,1
2021-09-21,XGBoost,5,1,0.5686270594596863,1
2021-09-22,XGBoost,5,1,0.5928536057472229,1
2021-09-23,XGBoost,5,1,0.4237765967845917,0
2021-09-24,XGBoost,5,0,0.5934101939201355,1
2021-09-27,XGBoost,5,0,0.7351541519165039,1
2021-09-28,XGBoost,5,1,0.6753293871879578,1
2021-09-29,XGBoost,5,0,0.6871717572212219,1
2021-09-30,XGBoost,5,1,0.5315390825271606,1
2021-10-01,XGBoost,5,0,0.4178824722766876,0
2021-10-04,XGBoost,5,1,0.6222863793373108,1
2021-10-05,XGBoost,5,1,0.5929107666015625,1
2021-10-06,XGBoost,5,1,0.5670076012611389,1
2021-10-07,XGBoost,5,0,0.36658838391304016,0
2021-10-08,XGBoost,5,0,0.48260971903800964,0
2021-10-11,XGBoost,5,0,0.37051427364349365,0
2021-10-12,XGBoost,5,1,0.4016587734222412,0
2021-10-13,XGBoost,5,1,0.5475308299064636,1
2021-10-14,XGBoost,5,1,0.5102227926254272,1
2021-10-15,XGBoost,5,1,0.4034768342971802,0
2021-10-18,XGBoost,5,1,0.6135770082473755,1
2021-10-19,XGBoost,5,1,0.45099374651908875,0
2021-10-20,XGBoost,5,1,0.5235272645950317,1
2021-10-21,XGBoost,5,0,0.5666892528533936,1
2021-10-22,XGBoost,5,1,0.5815965533256531,1
2021-10-25,XGBoost,5,1,0.43403857946395874,0
2021-10-26,XGBoost,5,0,0.5717290639877319,1
2021-10-27,XGBoost,5,1,0.4713045358657837,0
2021-10-28,XGBoost,5,1,0.4712202847003937,0
2021-10-29,XGBoost,5,1,0.5023035407066345,1
2021-11-01,XGBoost,5,1,0.46137914061546326,0
2021-11-02,XGBoost,5,1,0.4000612795352936,0
2021-11-03,XGBoost,5,1,0.571269154548645,1
2021-11-04,XGBoost,5,1,0.4687991738319397,0
2021-11-05,XGBoost,5,1,0.40755894780158997,0
2021-11-08,XGBoost,5,0,0.4190129041671753,0
2021-11-09,XGBoost,5,0,0.5596829652786255,1
2021-11-10,XGBoost,5,1,0.6685787439346313,1
2021-11-11,XGBoost,5,1,0.4638981819152832,0
2021-11-12,XGBoost,5,1,0.5406457781791687,1
2021-11-15,XGBoost,5,1,0.5954937934875488,1
2021-11-16,XGBoost,5,0,0.49437201023101807,0
2021-11-17,XGBoost,5,1,0.6182531118392944,1
2021-11-18,XGBoost,5,0,0.43335795402526855,0
2021-11-19,XGBoost,5,0,0.7341664433479309,1
2021-11-22,XGBoost,5,1,0.494918555021286,0
2021-11-23,XGBoost,5,1,0.5840760469436646,1
2021-11-24,XGBoost,5,0,0.485866516828537,0
2021-11-26,XGBoost,5,1,0.5959529280662537,1
2021-11-29,XGBoost,5,0,0.3956797122955322,0
2021-11-30,XGBoost,5,0,0.5293105840682983,1
2021-12-01,XGBoost,5,1,0.4703047275543213,0
2021-12-02,XGBoost,5,0,0.5295465588569641,1
2021-12-03,XGBoost,5,1,0.5883307456970215,1
2021-12-06,XGBoost,5,1,0.45987966656684875,0
2021-12-07,XGBoost,5,1,0.49562373757362366,0
2021-12-08,XGBoost,5,0,0.6135421395301819,1
2021-12-09,XGBoost,5,1,0.4564385712146759,0
2021-12-10,XGBoost,5,0,0.374743789434433,0
2021-12-13,XGBoost,5,0,0.593829333782196,1
2021-12-14,XGBoost,5,1,0.4329860806465149,0
2021-12-15,XGBoost,5,0,0.449398398399353,0
2021-12-16,XGBoost,5,0,0.5302430391311646,1
2021-12-17,XGBoost,5,0,0.46337297558784485,0
2021-12-20,XGBoost,5,1,0.5511574745178223,1
2021-12-21,XGBoost,5,1,0.36479461193084717,0
2021-12-22,XGBoost,5,1,0.541034460067749,1
2021-12-23,XGBoost,5,1,0.4160866439342499,0
2021-12-27,XGBoost,5,0,0.2852531671524048,0
2021-12-28,XGBoost,5,1,0.6740959882736206,1
2021-12-29,XGBoost,5,0,0.6399462223052979,1
2021-12-30,XGBoost,5,0,0.6846153736114502,1
2021-12-31,XGBoost,5,1,0.6672183275222778,1
