Date,Model,Fold,Actual,Probability,Prediction
2017-01-17,Elastic-Net Logistic,1,1,0.5393624813671604,1
2017-01-18,Elastic-Net Logistic,1,0,0.5393624813671604,1
2017-01-19,Elastic-Net Logistic,1,1,0.5393624813671604,1
2017-01-20,Elastic-Net Logistic,1,0,0.5393624813671604,1
2017-01-23,Elastic-Net Logistic,1,1,0.5393624813671604,1
2017-01-24,Elastic-Net Logistic,1,1,0.5393624813671604,1
2017-01-25,Elastic-Net Logistic,1,0,0.5393624813671604,1
2017-01-26,Elastic-Net Logistic,1,0,0.5393624813671604,1
2017-01-27,Elastic-Net Logistic,1,0,0.5393624813671604,1
2017-01-30,Elastic-Net Logistic,1,0,0.5393624813671604,1
2017-01-31,Elastic-Net Logistic,1,1,0.5393624813671604,1
2017-02-01,Elastic-Net Logistic,1,1,0.5393624813671604,1
2017-02-02,Elastic-Net Logistic,1,1,0.5393624813671604,1
2017-02-03,Elastic-Net Logistic,1,0,0.5393624813671604,1
2017-02-06,Elastic-Net Logistic,1,1,0.5393624813671604,1
2017-02-07,Elastic-Net Logistic,1,1,0.5393624813671604,1
2017-02-08,Elastic-Net Logistic,1,1,0.5393624813671604,1
2017-02-09,Elastic-Net Logistic,1,1,0.5393624813671604,1
2017-02-10,Elastic-Net Logistic,1,1,0.5393624813671604,1
2017-02-13,Elastic-Net Logistic,1,1,0.5393624813671604,1
2017-02-14,Elastic-Net Logistic,1,1,0.5393624813671604,1
2017-02-15,Elastic-Net Logistic,1,0,0.5393624813671604,1
2017-02-16,Elastic-Net Logistic,1,1,0.5393624813671604,1
2017-02-17,Elastic-Net Logistic,1,1,0.5393624813671604,1
2017-02-21,Elastic-Net Logistic,1,0,0.5393624813671604,1
2017-02-22,Elastic-Net Logistic,1,1,0.5393624813671604,1
2017-02-23,Elastic-Net Logistic,1,1,0.5393624813671604,1
2017-02-24,Elastic-Net Logistic,1,1,0.5393624813671604,1
2017-02-27,Elastic-Net Logistic,1,0,0.5393624813671604,1
2017-02-28,Elastic-Net Logistic,1,1,0.5393624813671604,1
2017-03-01,Elastic-Net Logistic,1,0,0.5393624813671604,1
2017-03-02,Elastic-Net Logistic,1,1,0.5393624813671604,1
2017-03-03,Elastic-Net Logistic,1,0,0.5393624813671604,1
2017-03-06,Elastic-Net Logistic,1,0,0.5393624813671604,1
2017-03-07,Elastic-Net Logistic,1,0,0.5393624813671604,1
2017-03-08,Elastic-Net Logistic,1,1,0.5393624813671604,1
2017-03-09,Elastic-Net Logistic,1,1,0.5393624813671604,1
2017-03-10,Elastic-Net Logistic,1,1,0.5393624813671604,1
2017-03-13,Elastic-Net Logistic,1,0,0.5393624813671604,1
2017-03-14,Elastic-Net Logistic,1,1,0.5393624813671604,1
2017-03-15,Elastic-Net Logistic,1,0,0.5393624813671604,1
2017-03-16,Elastic-Net Logistic,1,0,0.5393624813671604,1
2017-03-17,Elastic-Net Logistic,1,0,0.5393624813671604,1
2017-03-20,Elastic-Net Logistic,1,0,0.5393624813671604,1
2017-03-21,Elastic-Net Logistic,1,1,0.5393624813671604,1
2017-03-22,Elastic-Net Logistic,1,0,0.5393624813671604,1
2017-03-23,Elastic-Net Logistic,1,0,0.5393624813671604,1
2017-03-24,Elastic-Net Logistic,1,0,0.5393624813671604,1
2017-03-27,Elastic-Net Logistic,1,1,0.5393624813671604,1
2017-03-28,Elastic-Net Logistic,1,1,0.5393624813671604,1
2017-03-29,Elastic-Net Logistic,1,1,0.5393624813671604,1
2017-03-30,Elastic-Net Logistic,1,0,0.5393624813671604,1
2017-03-31,Elastic-Net Logistic,1,0,0.5393624813671604,1
2017-04-03,Elastic-Net Logistic,1,1,0.5393624813671604,1
2017-04-04,Elastic-Net Logistic,1,0,0.5393624813671604,1
2017-04-05,Elastic-Net Logistic,1,1,0.5393624813671604,1
2017-04-06,Elastic-Net Logistic,1,0,0.5393624813671604,1
2017-04-07,Elastic-Net Logistic,1,1,0.5393624813671604,1
2017-04-10,Elastic-Net Logistic,1,0,0.5393624813671604,1
2017-04-11,Elastic-Net Logistic,1,0,0.5393624813671604,1
2017-04-12,Elastic-Net Logistic,1,0,0.5393624813671604,1
2017-04-13,Elastic-Net Logistic,1,1,0.5393624813671604,1
2017-04-17,Elastic-Net Logistic,1,0,0.5393624813671604,1
2017-04-18,Elastic-Net Logistic,1,0,0.5393624813671604,1
2017-04-19,Elastic-Net Logistic,1,1,0.5393624813671604,1
2017-04-20,Elastic-Net Logistic,1,0,0.5393624813671604,1
2017-04-21,Elastic-Net Logistic,1,1,0.5393624813671604,1
2017-04-24,Elastic-Net Logistic,1,1,0.5393624813671604,1
2017-04-25,Elastic-Net Logistic,1,0,0.5393624813671604,1
2017-04-26,Elastic-Net Logistic,1,1,0.5393624813671604,1
2017-04-27,Elastic-Net Logistic,1,0,0.5393624813671604,1
2017-04-28,Elastic-Net Logistic,1,1,0.5393624813671604,1
2017-05-01,Elastic-Net Logistic,1,1,0.5393624813671604,1
2017-05-02,Elastic-Net Logistic,1,0,0.5393624813671604,1
2017-05-03,Elastic-Net Logistic,1,1,0.5393624813671604,1
2017-05-04,Elastic-Net Logistic,1,1,0.5393624813671604,1
2017-05-05,Elastic-Net Logistic,1,0,0.5393624813671604,1
2017-05-08,Elastic-Net Logistic,1,0,0.5393624813671604,1
2017-05-09,Elastic-Net Logistic,1,1,0.5393624813671604,1
2017-05-10,Elastic-Net Logistic,1,0,0.5393624813671604,1
2017-05-11,Elastic-Net Logistic,1,0,0.5393624813671604,1
2017-05-12,Elastic-Net Logistic,1,1,0.5393624813671604,1
2017-05-15,Elastic-Net Logistic,1,0,0.5393624813671604,1
2017-05-16,Elastic-Net Logistic,1,0,0.5393624813671604,1
2017-05-17,Elastic-Net Logistic,1,1,0.5393624813671604,1
2017-05-18,Elastic-Net Logistic,1,1,0.5393624813671604,1
2017-05-19,Elastic-Net Logistic,1,1,0.5393624813671604,1
2017-05-22,Elastic-Net Logistic,1,1,0.5393624813671604,1
2017-05-23,Elastic-Net Logistic,1,1,0.5393624813671604,1
2017-05-24,Elastic-Net Logistic,1,1,0.5393624813671604,1
2017-05-25,Elastic-Net Logistic,1,0,0.5393624813671604,1
2017-05-26,Elastic-Net Logistic,1,0,0.5393624813671604,1
2017-05-30,Elastic-Net Logistic,1,0,0.5393624813671604,1
2017-05-31,Elastic-Net Logistic,1,1,0.5393624813671604,1
2017-06-01,Elastic-Net Logistic,1,1,0.5393624813671604,1
2017-06-02,Elastic-Net Logistic,1,0,0.5393624813671604,1
2017-06-05,Elastic-Net Logistic,1,0,0.5393624813671604,1
2017-06-06,Elastic-Net Logistic,1,1,0.5393624813671604,1
2017-06-07,Elastic-Net Logistic,1,1,0.5393624813671604,1
2017-06-08,Elastic-Net Logistic,1,0,0.5393624813671604,1
2017-06-09,Elastic-Net Logistic,1,0,0.5393624813671604,1
2017-06-12,Elastic-Net Logistic,1,1,0.5393624813671604,1
2017-06-13,Elastic-Net Logistic,1,0,0.5393624813671604,1
2017-06-14,Elastic-Net Logistic,1,0,0.5393624813671604,1
2017-06-15,Elastic-Net Logistic,1,1,0.5393624813671604,1
2017-06-16,Elastic-Net Logistic,1,1,0.5393624813671604,1
2017-06-19,Elastic-Net Logistic,1,0,0.5393624813671604,1
2017-06-20,Elastic-Net Logistic,1,0,0.5393624813671604,1
2017-06-21,Elastic-Net Logistic,1,0,0.5393624813671604,1
2017-06-22,Elastic-Net Logistic,1,1,0.5393624813671604,1
2017-06-23,Elastic-Net Logistic,1,1,0.5393624813671604,1
2017-06-26,Elastic-Net Logistic,1,0,0.5393624813671604,1
2017-06-27,Elastic-Net Logistic,1,1,0.5393624813671604,1
2017-06-28,Elastic-Net Logistic,1,0,0.5393624813671604,1
2017-06-29,Elastic-Net Logistic,1,1,0.5393624813671604,1
2017-06-30,Elastic-Net Logistic,1,1,0.5393624813671604,1
2017-07-03,Elastic-Net Logistic,1,1,0.5393624813671604,1
2017-07-05,Elastic-Net Logistic,1,0,0.5393624813671604,1
2017-07-06,Elastic-Net Logistic,1,1,0.5393624813671604,1
2017-07-07,Elastic-Net Logistic,1,1,0.5393624813671604,1
2017-07-10,Elastic-Net Logistic,1,0,0.5393624813671604,1
2017-07-11,Elastic-Net Logistic,1,1,0.5393624813671604,1
2017-07-12,Elastic-Net Logistic,1,1,0.5393624813671604,1
2017-07-13,Elastic-Net Logistic,1,1,0.5393624813671604,1
2017-07-14,Elastic-Net Logistic,1,0,0.5393624813671604,1
2017-07-17,Elastic-Net Logistic,1,1,0.5393624813671604,1
2017-07-18,Elastic-Net Logistic,1,1,0.5393624813671604,1
2017-07-19,Elastic-Net Logistic,1,1,0.5393624813671604,1
2017-07-20,Elastic-Net Logistic,1,0,0.5393624813671604,1
2017-07-21,Elastic-Net Logistic,1,0,0.5393624813671604,1
2017-07-24,Elastic-Net Logistic,1,1,0.5393624813671604,1
2017-07-25,Elastic-Net Logistic,1,1,0.5393624813671604,1
2017-07-26,Elastic-Net Logistic,1,0,0.5393624813671604,1
2017-07-27,Elastic-Net Logistic,1,0,0.5393624813671604,1
2017-07-28,Elastic-Net Logistic,1,0,0.5393624813671604,1
2017-07-31,Elastic-Net Logistic,1,1,0.5393624813671604,1
2017-08-01,Elastic-Net Logistic,1,1,0.5393624813671604,1
2017-08-02,Elastic-Net Logistic,1,0,0.5393624813671604,1
2017-08-03,Elastic-Net Logistic,1,1,0.5393624813671604,1
2017-08-04,Elastic-Net Logistic,1,1,0.5393624813671604,1
2017-08-07,Elastic-Net Logistic,1,0,0.5393624813671604,1
2017-08-08,Elastic-Net Logistic,1,0,0.5393624813671604,1
2017-08-09,Elastic-Net Logistic,1,0,0.5393624813671604,1
2017-08-10,Elastic-Net Logistic,1,1,0.5393624813671604,1
2017-08-11,Elastic-Net Logistic,1,1,0.5393624813671604,1
2017-08-14,Elastic-Net Logistic,1,0,0.5393624813671604,1
2017-08-15,Elastic-Net Logistic,1,1,0.5393624813671604,1
2017-08-16,Elastic-Net Logistic,1,0,0.5393624813671604,1
2017-08-17,Elastic-Net Logistic,1,0,0.5393624813671604,1
2017-08-18,Elastic-Net Logistic,1,1,0.5393624813671604,1
2017-08-21,Elastic-Net Logistic,1,1,0.5393624813671604,1
2017-08-22,Elastic-Net Logistic,1,0,0.5393624813671604,1
2017-08-23,Elastic-Net Logistic,1,0,0.5393624813671604,1
2017-08-24,Elastic-Net Logistic,1,1,0.5393624813671604,1
2017-08-25,Elastic-Net Logistic,1,1,0.5393624813671604,1
2017-08-28,Elastic-Net Logistic,1,1,0.5393624813671604,1
2017-08-29,Elastic-Net Logistic,1,1,0.5393624813671604,1
2017-08-30,Elastic-Net Logistic,1,1,0.5393624813671604,1
2017-08-31,Elastic-Net Logistic,1,1,0.5393624813671604,1
2017-09-01,Elastic-Net Logistic,1,0,0.5393624813671604,1
2017-09-05,Elastic-Net Logistic,1,1,0.5393624813671604,1
2017-09-06,Elastic-Net Logistic,1,0,0.5393624813671604,1
2017-09-07,Elastic-Net Logistic,1,0,0.5393624813671604,1
2017-09-08,Elastic-Net Logistic,1,1,0.5393624813671604,1
2017-09-11,Elastic-Net Logistic,1,1,0.5393624813671604,1
2017-09-12,Elastic-Net Logistic,1,1,0.5393624813671604,1
2017-09-13,Elastic-Net Logistic,1,0,0.5393624813671604,1
2017-09-14,Elastic-Net Logistic,1,1,0.5393624813671604,1
2017-09-15,Elastic-Net Logistic,1,1,0.5393624813671604,1
2017-09-18,Elastic-Net Logistic,1,1,0.5393624813671604,1
2017-09-19,Elastic-Net Logistic,1,1,0.5393624813671604,1
2017-09-20,Elastic-Net Logistic,1,0,0.5393624813671604,1
2017-09-21,Elastic-Net Logistic,1,1,0.5393624813671604,1
2017-09-22,Elastic-Net Logistic,1,0,0.5393624813671604,1
2017-09-25,Elastic-Net Logistic,1,1,0.5393624813671604,1
2017-09-26,Elastic-Net Logistic,1,1,0.5393624813671604,1
2017-09-27,Elastic-Net Logistic,1,1,0.5393624813671604,1
2017-09-28,Elastic-Net Logistic,1,1,0.5393624813671604,1
2017-09-29,Elastic-Net Logistic,1,1,0.5393624813671604,1
2017-10-02,Elastic-Net Logistic,1,1,0.5393624813671604,1
2017-10-03,Elastic-Net Logistic,1,1,0.5393624813671604,1
2017-10-04,Elastic-Net Logistic,1,1,0.5393624813671604,1
2017-10-05,Elastic-Net Logistic,1,0,0.5393624813671604,1
2017-10-06,Elastic-Net Logistic,1,0,0.5393624813671604,1
2017-10-09,Elastic-Net Logistic,1,1,0.5393624813671604,1
2017-10-10,Elastic-Net Logistic,1,1,0.5393624813671604,1
2017-10-11,Elastic-Net Logistic,1,0,0.5393624813671604,1
2017-10-12,Elastic-Net Logistic,1,1,0.5393624813671604,1
2017-10-13,Elastic-Net Logistic,1,1,0.5393624813671604,1
2017-10-16,Elastic-Net Logistic,1,1,0.5393624813671604,1
2017-10-17,Elastic-Net Logistic,1,1,0.5393624813671604,1
2017-10-18,Elastic-Net Logistic,1,1,0.5393624813671604,1
2017-10-19,Elastic-Net Logistic,1,1,0.5393624813671604,1
2017-10-20,Elastic-Net Logistic,1,0,0.5393624813671604,1
2017-10-23,Elastic-Net Logistic,1,1,0.5393624813671604,1
2017-10-24,Elastic-Net Logistic,1,0,0.5393624813671604,1
2017-10-25,Elastic-Net Logistic,1,1,0.5393624813671604,1
2017-10-26,Elastic-Net Logistic,1,1,0.5393624813671604,1
2017-10-27,Elastic-Net Logistic,1,0,0.5393624813671604,1
2017-10-30,Elastic-Net Logistic,1,1,0.5393624813671604,1
2017-10-31,Elastic-Net Logistic,1,1,0.5393624813671604,1
2017-11-01,Elastic-Net Logistic,1,1,0.5393624813671604,1
2017-11-02,Elastic-Net Logistic,1,1,0.5393624813671604,1
2017-11-03,Elastic-Net Logistic,1,1,0.5393624813671604,1
2017-11-06,Elastic-Net Logistic,1,0,0.5393624813671604,1
2017-11-07,Elastic-Net Logistic,1,1,0.5393624813671604,1
2017-11-08,Elastic-Net Logistic,1,0,0.5393624813671604,1
2017-11-09,Elastic-Net Logistic,1,0,0.5393624813671604,1
2017-11-10,Elastic-Net Logistic,1,1,0.5393624813671604,1
2017-11-13,Elastic-Net Logistic,1,0,0.5393624813671604,1
2017-11-14,Elastic-Net Logistic,1,0,0.5393624813671604,1
2017-11-15,Elastic-Net Logistic,1,1,0.5393624813671604,1
2017-11-16,Elastic-Net Logistic,1,0,0.5393624813671604,1
2017-11-17,Elastic-Net Logistic,1,1,0.5393624813671604,1
2017-11-20,Elastic-Net Logistic,1,1,0.5393624813671604,1
2017-11-21,Elastic-Net Logistic,1,0,0.5393624813671604,1
2017-11-22,Elastic-Net Logistic,1,1,0.5393624813671604,1
2017-11-24,Elastic-Net Logistic,1,0,0.5393624813671604,1
2017-11-27,Elastic-Net Logistic,1,1,0.5393624813671604,1
2017-11-28,Elastic-Net Logistic,1,0,0.5393624813671604,1
2017-11-29,Elastic-Net Logistic,1,1,0.5393624813671604,1
2017-11-30,Elastic-Net Logistic,1,0,0.5393624813671604,1
2017-12-01,Elastic-Net Logistic,1,0,0.5393624813671604,1
2017-12-04,Elastic-Net Logistic,1,0,0.5393624813671604,1
2017-12-05,Elastic-Net Logistic,1,1,0.5393624813671604,1
2017-12-06,Elastic-Net Logistic,1,1,0.5393624813671604,1
2017-12-07,Elastic-Net Logistic,1,1,0.5393624813671604,1
2017-12-08,Elastic-Net Logistic,1,1,0.5393624813671604,1
2017-12-11,Elastic-Net Logistic,1,1,0.5393624813671604,1
2017-12-12,Elastic-Net Logistic,1,0,0.5393624813671604,1
2017-12-13,Elastic-Net Logistic,1,0,0.5393624813671604,1
2017-12-14,Elastic-Net Logistic,1,1,0.5393624813671604,1
2017-12-15,Elastic-Net Logistic,1,1,0.5393624813671604,1
2017-12-18,Elastic-Net Logistic,1,0,0.5393624813671604,1
2017-12-19,Elastic-Net Logistic,1,0,0.5393624813671604,1
2017-12-20,Elastic-Net Logistic,1,1,0.5393624813671604,1
2017-12-21,Elastic-Net Logistic,1,0,0.5393624813671604,1
2017-12-22,Elastic-Net Logistic,1,0,0.5393624813671604,1
2017-12-26,Elastic-Net Logistic,1,1,0.5393624813671604,1
2017-12-27,Elastic-Net Logistic,1,1,0.5393624813671604,1
2017-12-28,Elastic-Net Logistic,1,0,0.5393624813671604,1
2017-12-29,Elastic-Net Logistic,1,1,0.5393624813671604,1
2018-01-02,Elastic-Net Logistic,1,1,0.5393624813671604,1
2018-01-03,Elastic-Net Logistic,1,1,0.5393624813671604,1
2018-01-04,Elastic-Net Logistic,1,1,0.5393624813671604,1
2018-01-05,Elastic-Net Logistic,1,1,0.5393624813671604,1
2018-01-08,Elastic-Net Logistic,1,1,0.5393624813671604,1
2018-01-09,Elastic-Net Logistic,1,0,0.5393624813671604,1
2018-01-10,Elastic-Net Logistic,1,1,0.5393624813671604,1
2018-01-11,Elastic-Net Logistic,1,1,0.5393624813671604,1
2018-01-12,Elastic-Net Logistic,2,0,0.5505617211742269,1
2018-01-16,Elastic-Net Logistic,2,1,0.5505617211742269,1
2018-01-17,Elastic-Net Logistic,2,0,0.5505617211742269,1
2018-01-18,Elastic-Net Logistic,2,1,0.5505617211742269,1
2018-01-19,Elastic-Net Logistic,2,1,0.5505617211742269,1
2018-01-22,Elastic-Net Logistic,2,1,0.5505617211742269,1
2018-01-23,Elastic-Net Logistic,2,0,0.5505617211742269,1
2018-01-24,Elastic-Net Logistic,2,1,0.5505617211742269,1
2018-01-25,Elastic-Net Logistic,2,1,0.5505617211742269,1
2018-01-26,Elastic-Net Logistic,2,0,0.5505617211742269,1
2018-01-29,Elastic-Net Logistic,2,0,0.5505617211742269,1
2018-01-30,Elastic-Net Logistic,2,1,0.5505617211742269,1
2018-01-31,Elastic-Net Logistic,2,0,0.5505617211742269,1
2018-02-01,Elastic-Net Logistic,2,0,0.5505617211742269,1
2018-02-02,Elastic-Net Logistic,2,0,0.5505617211742269,1
2018-02-05,Elastic-Net Logistic,2,1,0.5505617211742269,1
2018-02-06,Elastic-Net Logistic,2,0,0.5505617211742269,1
2018-02-07,Elastic-Net Logistic,2,0,0.5505617211742269,1
2018-02-08,Elastic-Net Logistic,2,1,0.5505617211742269,1
2018-02-09,Elastic-Net Logistic,2,1,0.5505617211742269,1
2018-02-12,Elastic-Net Logistic,2,1,0.5505617211742269,1
2018-02-13,Elastic-Net Logistic,2,1,0.5505617211742269,1
2018-02-14,Elastic-Net Logistic,2,1,0.5505617211742269,1
2018-02-15,Elastic-Net Logistic,2,1,0.5505617211742269,1
2018-02-16,Elastic-Net Logistic,2,0,0.5505617211742269,1
2018-02-20,Elastic-Net Logistic,2,0,0.5505617211742269,1
2018-02-21,Elastic-Net Logistic,2,1,0.5505617211742269,1
2018-02-22,Elastic-Net Logistic,2,1,0.5505617211742269,1
2018-02-23,Elastic-Net Logistic,2,1,0.5505617211742269,1
2018-02-26,Elastic-Net Logistic,2,0,0.5505617211742269,1
2018-02-27,Elastic-Net Logistic,2,0,0.5505617211742269,1
2018-02-28,Elastic-Net Logistic,2,0,0.5505617211742269,1
2018-03-01,Elastic-Net Logistic,2,1,0.5505617211742269,1
2018-03-02,Elastic-Net Logistic,2,1,0.5505617211742269,1
2018-03-05,Elastic-Net Logistic,2,1,0.5505617211742269,1
2018-03-06,Elastic-Net Logistic,2,0,0.5505617211742269,1
2018-03-07,Elastic-Net Logistic,2,1,0.5505617211742269,1
2018-03-08,Elastic-Net Logistic,2,1,0.5505617211742269,1
2018-03-09,Elastic-Net Logistic,2,0,0.5505617211742269,1
2018-03-12,Elastic-Net Logistic,2,0,0.5505617211742269,1
2018-03-13,Elastic-Net Logistic,2,0,0.5505617211742269,1
2018-03-14,Elastic-Net Logistic,2,0,0.5505617211742269,1
2018-03-15,Elastic-Net Logistic,2,1,0.5505617211742269,1
2018-03-16,Elastic-Net Logistic,2,0,0.5505617211742269,1
2018-03-19,Elastic-Net Logistic,2,1,0.5505617211742269,1
2018-03-20,Elastic-Net Logistic,2,0,0.5505617211742269,1
2018-03-21,Elastic-Net Logistic,2,0,0.5505617211742269,1
2018-03-22,Elastic-Net Logistic,2,0,0.5505617211742269,1
2018-03-23,Elastic-Net Logistic,2,1,0.5505617211742269,1
2018-03-26,Elastic-Net Logistic,2,0,0.5505617211742269,1
2018-03-27,Elastic-Net Logistic,2,0,0.5505617211742269,1
2018-03-28,Elastic-Net Logistic,2,1,0.5505617211742269,1
2018-03-29,Elastic-Net Logistic,2,0,0.5505617211742269,1
2018-04-02,Elastic-Net Logistic,2,1,0.5505617211742269,1
2018-04-03,Elastic-Net Logistic,2,1,0.5505617211742269,1
2018-04-04,Elastic-Net Logistic,2,1,0.5505617211742269,1
2018-04-05,Elastic-Net Logistic,2,0,0.5505617211742269,1
2018-04-06,Elastic-Net Logistic,2,1,0.5505617211742269,1
2018-04-09,Elastic-Net Logistic,2,1,0.5505617211742269,1
2018-04-10,Elastic-Net Logistic,2,0,0.5505617211742269,1
2018-04-11,Elastic-Net Logistic,2,1,0.5505617211742269,1
2018-04-12,Elastic-Net Logistic,2,0,0.5505617211742269,1
2018-04-13,Elastic-Net Logistic,2,1,0.5505617211742269,1
2018-04-16,Elastic-Net Logistic,2,1,0.5505617211742269,1
2018-04-17,Elastic-Net Logistic,2,1,0.5505617211742269,1
2018-04-18,Elastic-Net Logistic,2,0,0.5505617211742269,1
2018-04-19,Elastic-Net Logistic,2,0,0.5505617211742269,1
2018-04-20,Elastic-Net Logistic,2,0,0.5505617211742269,1
2018-04-23,Elastic-Net Logistic,2,0,0.5505617211742269,1
2018-04-24,Elastic-Net Logistic,2,1,0.5505617211742269,1
2018-04-25,Elastic-Net Logistic,2,1,0.5505617211742269,1
2018-04-26,Elastic-Net Logistic,2,1,0.5505617211742269,1
2018-04-27,Elastic-Net Logistic,2,0,0.5505617211742269,1
2018-04-30,Elastic-Net Logistic,2,1,0.5505617211742269,1
2018-05-01,Elastic-Net Logistic,2,0,0.5505617211742269,1
2018-05-02,Elastic-Net Logistic,2,0,0.5505617211742269,1
2018-05-03,Elastic-Net Logistic,2,1,0.5505617211742269,1
2018-05-04,Elastic-Net Logistic,2,1,0.5505617211742269,1
2018-05-07,Elastic-Net Logistic,2,0,0.5505617211742269,1
2018-05-08,Elastic-Net Logistic,2,1,0.5505617211742269,1
2018-05-09,Elastic-Net Logistic,2,1,0.5505617211742269,1
2018-05-10,Elastic-Net Logistic,2,1,0.5505617211742269,1
2018-05-11,Elastic-Net Logistic,2,1,0.5505617211742269,1
2018-05-14,Elastic-Net Logistic,2,0,0.5505617211742269,1
2018-05-15,Elastic-Net Logistic,2,1,0.5505617211742269,1
2018-05-16,Elastic-Net Logistic,2,0,0.5505617211742269,1
2018-05-17,Elastic-Net Logistic,2,0,0.5505617211742269,1
2018-05-18,Elastic-Net Logistic,2,1,0.5505617211742269,1
2018-05-21,Elastic-Net Logistic,2,0,0.5505617211742269,1
2018-05-22,Elastic-Net Logistic,2,1,0.5505617211742269,1
2018-05-23,Elastic-Net Logistic,2,0,0.5505617211742269,1
2018-05-24,Elastic-Net Logistic,2,0,0.5505617211742269,1
2018-05-25,Elastic-Net Logistic,2,0,0.5505617211742269,1
2018-05-29,Elastic-Net Logistic,2,1,0.5505617211742269,1
2018-05-30,Elastic-Net Logistic,2,0,0.5505617211742269,1
2018-05-31,Elastic-Net Logistic,2,1,0.5505617211742269,1
2018-06-01,Elastic-Net Logistic,2,1,0.5505617211742269,1
2018-06-04,Elastic-Net Logistic,2,1,0.5505617211742269,1
2018-06-05,Elastic-Net Logistic,2,1,0.5505617211742269,1
2018-06-06,Elastic-Net Logistic,2,0,0.5505617211742269,1
2018-06-07,Elastic-Net Logistic,2,1,0.5505617211742269,1
2018-06-08,Elastic-Net Logistic,2,1,0.5505617211742269,1
2018-06-11,Elastic-Net Logistic,2,1,0.5505617211742269,1
2018-06-12,Elastic-Net Logistic,2,0,0.5505617211742269,1
2018-06-13,Elastic-Net Logistic,2,1,0.5505617211742269,1
2018-06-14,Elastic-Net Logistic,2,0,0.5505617211742269,1
2018-06-15,Elastic-Net Logistic,2,0,0.5505617211742269,1
2018-06-18,Elastic-Net Logistic,2,0,0.5505617211742269,1
2018-06-19,Elastic-Net Logistic,2,1,0.5505617211742269,1
2018-06-20,Elastic-Net Logistic,2,0,0.5505617211742269,1
2018-06-21,Elastic-Net Logistic,2,1,0.5505617211742269,1
2018-06-22,Elastic-Net Logistic,2,0,0.5505617211742269,1
2018-06-25,Elastic-Net Logistic,2,1,0.5505617211742269,1
2018-06-26,Elastic-Net Logistic,2,0,0.5505617211742269,1
2018-06-27,Elastic-Net Logistic,2,1,0.5505617211742269,1
2018-06-28,Elastic-Net Logistic,2,1,0.5505617211742269,1
2018-06-29,Elastic-Net Logistic,2,1,0.5505617211742269,1
2018-07-02,Elastic-Net Logistic,2,0,0.5505617211742269,1
2018-07-03,Elastic-Net Logistic,2,1,0.5505617211742269,1
2018-07-05,Elastic-Net Logistic,2,1,0.5505617211742269,1
2018-07-06,Elastic-Net Logistic,2,1,0.5505617211742269,1
2018-07-09,Elastic-Net Logistic,2,1,0.5505617211742269,1
2018-07-10,Elastic-Net Logistic,2,0,0.5505617211742269,1
2018-07-11,Elastic-Net Logistic,2,1,0.5505617211742269,1
2018-07-12,Elastic-Net Logistic,2,1,0.5505617211742269,1
2018-07-13,Elastic-Net Logistic,2,0,0.5505617211742269,1
2018-07-16,Elastic-Net Logistic,2,1,0.5505617211742269,1
2018-07-17,Elastic-Net Logistic,2,1,0.5505617211742269,1
2018-07-18,Elastic-Net Logistic,2,0,0.5505617211742269,1
2018-07-19,Elastic-Net Logistic,2,0,0.5505617211742269,1
2018-07-20,Elastic-Net Logistic,2,1,0.5505617211742269,1
2018-07-23,Elastic-Net Logistic,2,1,0.5505617211742269,1
2018-07-24,Elastic-Net Logistic,2,1,0.5505617211742269,1
2018-07-25,Elastic-Net Logistic,2,0,0.5505617211742269,1
2018-07-26,Elastic-Net Logistic,2,0,0.5505617211742269,1
2018-07-27,Elastic-Net Logistic,2,0,0.5505617211742269,1
2018-07-30,Elastic-Net Logistic,2,1,0.5505617211742269,1
2018-07-31,Elastic-Net Logistic,2,0,0.5505617211742269,1
2018-08-01,Elastic-Net Logistic,2,1,0.5505617211742269,1
2018-08-02,Elastic-Net Logistic,2,1,0.5505617211742269,1
2018-08-03,Elastic-Net Logistic,2,1,0.5505617211742269,1
2018-08-06,Elastic-Net Logistic,2,1,0.5505617211742269,1
2018-08-07,Elastic-Net Logistic,2,0,0.5505617211742269,1
2018-08-08,Elastic-Net Logistic,2,0,0.5505617211742269,1
2018-08-09,Elastic-Net Logistic,2,0,0.5505617211742269,1
2018-08-10,Elastic-Net Logistic,2,0,0.5505617211742269,1
2018-08-13,Elastic-Net Logistic,2,1,0.5505617211742269,1
2018-08-14,Elastic-Net Logistic,2,0,0.5505617211742269,1
2018-08-15,Elastic-Net Logistic,2,1,0.5505617211742269,1
2018-08-16,Elastic-Net Logistic,2,1,0.5505617211742269,1
2018-08-17,Elastic-Net Logistic,2,1,0.5505617211742269,1
2018-08-20,Elastic-Net Logistic,2,1,0.5505617211742269,1
2018-08-21,Elastic-Net Logistic,2,0,0.5505617211742269,1
2018-08-22,Elastic-Net Logistic,2,0,0.5505617211742269,1
2018-08-23,Elastic-Net Logistic,2,1,0.5505617211742269,1
2018-08-24,Elastic-Net Logistic,2,1,0.5505617211742269,1
2018-08-27,Elastic-Net Logistic,2,1,0.5505617211742269,1
2018-08-28,Elastic-Net Logistic,2,1,0.5505617211742269,1
2018-08-29,Elastic-Net Logistic,2,0,0.5505617211742269,1
2018-08-30,Elastic-Net Logistic,2,1,0.5505617211742269,1
2018-08-31,Elastic-Net Logistic,2,0,0.5505617211742269,1
2018-09-04,Elastic-Net Logistic,2,0,0.5505617211742269,1
2018-09-05,Elastic-Net Logistic,2,0,0.5505617211742269,1
2018-09-06,Elastic-Net Logistic,2,0,0.5505617211742269,1
2018-09-07,Elastic-Net Logistic,2,1,0.5505617211742269,1
2018-09-10,Elastic-Net Logistic,2,1,0.5505617211742269,1
2018-09-11,Elastic-Net Logistic,2,1,0.5505617211742269,1
2018-09-12,Elastic-Net Logistic,2,1,0.5505617211742269,1
2018-09-13,Elastic-Net Logistic,2,1,0.5505617211742269,1
2018-09-14,Elastic-Net Logistic,2,0,0.5505617211742269,1
2018-09-17,Elastic-Net Logistic,2,1,0.5505617211742269,1
2018-09-18,Elastic-Net Logistic,2,1,0.5505617211742269,1
2018-09-19,Elastic-Net Logistic,2,1,0.5505617211742269,1
2018-09-20,Elastic-Net Logistic,2,0,0.5505617211742269,1
2018-09-21,Elastic-Net Logistic,2,0,0.5505617211742269,1
2018-09-24,Elastic-Net Logistic,2,0,0.5505617211742269,1
2018-09-25,Elastic-Net Logistic,2,0,0.5505617211742269,1
2018-09-26,Elastic-Net Logistic,2,1,0.5505617211742269,1
2018-09-27,Elastic-Net Logistic,2,1,0.5505617211742269,1
2018-09-28,Elastic-Net Logistic,2,1,0.5505617211742269,1
2018-10-01,Elastic-Net Logistic,2,0,0.5505617211742269,1
2018-10-02,Elastic-Net Logistic,2,1,0.5505617211742269,1
2018-10-03,Elastic-Net Logistic,2,0,0.5505617211742269,1
2018-10-04,Elastic-Net Logistic,2,0,0.5505617211742269,1
2018-10-05,Elastic-Net Logistic,2,0,0.5505617211742269,1
2018-10-08,Elastic-Net Logistic,2,0,0.5505617211742269,1
2018-10-09,Elastic-Net Logistic,2,0,0.5505617211742269,1
2018-10-10,Elastic-Net Logistic,2,0,0.5505617211742269,1
2018-10-11,Elastic-Net Logistic,2,1,0.5505617211742269,1
2018-10-12,Elastic-Net Logistic,2,0,0.5505617211742269,1
2018-10-15,Elastic-Net Logistic,2,1,0.5505617211742269,1
2018-10-16,Elastic-Net Logistic,2,1,0.5505617211742269,1
2018-10-17,Elastic-Net Logistic,2,0,0.5505617211742269,1
2018-10-18,Elastic-Net Logistic,2,0,0.5505617211742269,1
2018-10-19,Elastic-Net Logistic,2,0,0.5505617211742269,1
2018-10-22,Elastic-Net Logistic,2,0,0.5505617211742269,1
2018-10-23,Elastic-Net Logistic,2,0,0.5505617211742269,1
2018-10-24,Elastic-Net Logistic,2,1,0.5505617211742269,1
2018-10-25,Elastic-Net Logistic,2,0,0.5505617211742269,1
2018-10-26,Elastic-Net Logistic,2,0,0.5505617211742269,1
2018-10-29,Elastic-Net Logistic,2,1,0.5505617211742269,1
2018-10-30,Elastic-Net Logistic,2,1,0.5505617211742269,1
2018-10-31,Elastic-Net Logistic,2,1,0.5505617211742269,1
2018-11-01,Elastic-Net Logistic,2,0,0.5505617211742269,1
2018-11-02,Elastic-Net Logistic,2,1,0.5505617211742269,1
2018-11-05,Elastic-Net Logistic,2,1,0.5505617211742269,1
2018-11-06,Elastic-Net Logistic,2,1,0.5505617211742269,1
2018-11-07,Elastic-Net Logistic,2,0,0.5505617211742269,1
2018-11-08,Elastic-Net Logistic,2,0,0.5505617211742269,1
2018-11-09,Elastic-Net Logistic,2,0,0.5505617211742269,1
2018-11-12,Elastic-Net Logistic,2,0,0.5505617211742269,1
2018-11-13,Elastic-Net Logistic,2,0,0.5505617211742269,1
2018-11-14,Elastic-Net Logistic,2,1,0.5505617211742269,1
2018-11-15,Elastic-Net Logistic,2,1,0.5505617211742269,1
2018-11-16,Elastic-Net Logistic,2,0,0.5505617211742269,1
2018-11-19,Elastic-Net Logistic,2,0,0.5505617211742269,1
2018-11-20,Elastic-Net Logistic,2,1,0.5505617211742269,1
2018-11-21,Elastic-Net Logistic,2,0,0.5505617211742269,1
2018-11-23,Elastic-Net Logistic,2,1,0.5505617211742269,1
2018-11-26,Elastic-Net Logistic,2,1,0.5505617211742269,1
2018-11-27,Elastic-Net Logistic,2,1,0.5505617211742269,1
2018-11-28,Elastic-Net Logistic,2,0,0.5505617211742269,1
2018-11-29,Elastic-Net Logistic,2,1,0.5505617211742269,1
2018-11-30,Elastic-Net Logistic,2,1,0.5505617211742269,1
2018-12-03,Elastic-Net Logistic,2,0,0.5505617211742269,1
2018-12-04,Elastic-Net Logistic,2,0,0.5505617211742269,1
2018-12-06,Elastic-Net Logistic,2,0,0.5505617211742269,1
2018-12-07,Elastic-Net Logistic,2,1,0.5505617211742269,1
2018-12-10,Elastic-Net Logistic,2,1,0.5505617211742269,1
2018-12-11,Elastic-Net Logistic,2,1,0.5505617211742269,1
2018-12-12,Elastic-Net Logistic,2,0,0.5505617211742269,1
2018-12-13,Elastic-Net Logistic,2,0,0.5505617211742269,1
2018-12-14,Elastic-Net Logistic,2,0,0.5505617211742269,1
2018-12-17,Elastic-Net Logistic,2,0,0.5505617211742269,1
2018-12-18,Elastic-Net Logistic,2,0,0.5505617211742269,1
2018-12-19,Elastic-Net Logistic,2,0,0.5505617211742269,1
2018-12-20,Elastic-Net Logistic,2,0,0.5505617211742269,1
2018-12-21,Elastic-Net Logistic,2,0,0.5505617211742269,1
2018-12-24,Elastic-Net Logistic,2,1,0.5505617211742269,1
2018-12-26,Elastic-Net Logistic,2,1,0.5505617211742269,1
2018-12-27,Elastic-Net Logistic,2,0,0.5505617211742269,1
2018-12-28,Elastic-Net Logistic,2,1,0.5505617211742269,1
2018-12-31,Elastic-Net Logistic,2,1,0.5505617211742269,1
2019-01-02,Elastic-Net Logistic,2,0,0.5505617211742269,1
2019-01-03,Elastic-Net Logistic,2,1,0.5505617211742269,1
2019-01-04,Elastic-Net Logistic,2,1,0.5505617211742269,1
2019-01-07,Elastic-Net Logistic,2,1,0.5505617211742269,1
2019-01-08,Elastic-Net Logistic,2,1,0.5505617211742269,1
2019-01-09,Elastic-Net Logistic,2,1,0.5505617211742269,1
2019-01-10,Elastic-Net Logistic,2,1,0.5505617211742269,1
2019-01-11,Elastic-Net Logistic,3,0,0.5457566712316023,1
2019-01-14,Elastic-Net Logistic,3,1,0.5457566712316023,1
2019-01-15,Elastic-Net Logistic,3,1,0.5457566712316023,1
2019-01-16,Elastic-Net Logistic,3,1,0.5457566712316023,1
2019-01-17,Elastic-Net Logistic,3,1,0.5457566712316023,1
2019-01-18,Elastic-Net Logistic,3,0,0.5457566712316023,1
2019-01-22,Elastic-Net Logistic,3,1,0.5457566712316023,1
2019-01-23,Elastic-Net Logistic,3,1,0.5457566712316023,1
2019-01-24,Elastic-Net Logistic,3,1,0.5457566712316023,1
2019-01-25,Elastic-Net Logistic,3,0,0.5457566712316023,1
2019-01-28,Elastic-Net Logistic,3,0,0.5457566712316023,1
2019-01-29,Elastic-Net Logistic,3,1,0.5457566712316023,1
2019-01-30,Elastic-Net Logistic,3,1,0.5457566712316023,1
2019-01-31,Elastic-Net Logistic,3,1,0.5457566712316023,1
2019-02-01,Elastic-Net Logistic,3,1,0.5457566712316023,1
2019-02-04,Elastic-Net Logistic,3,1,0.5457566712316023,1
2019-02-05,Elastic-Net Logistic,3,0,0.5457566712316023,1
2019-02-06,Elastic-Net Logistic,3,0,0.5457566712316023,1
2019-02-07,Elastic-Net Logistic,3,1,0.5457566712316023,1
2019-02-08,Elastic-Net Logistic,3,1,0.5457566712316023,1
2019-02-11,Elastic-Net Logistic,3,1,0.5457566712316023,1
2019-02-12,Elastic-Net Logistic,3,1,0.5457566712316023,1
2019-02-13,Elastic-Net Logistic,3,0,0.5457566712316023,1
2019-02-14,Elastic-Net Logistic,3,1,0.5457566712316023,1
2019-02-15,Elastic-Net Logistic,3,1,0.5457566712316023,1
2019-02-19,Elastic-Net Logistic,3,1,0.5457566712316023,1
2019-02-20,Elastic-Net Logistic,3,0,0.5457566712316023,1
2019-02-21,Elastic-Net Logistic,3,1,0.5457566712316023,1
2019-02-22,Elastic-Net Logistic,3,1,0.5457566712316023,1
2019-02-25,Elastic-Net Logistic,3,0,0.5457566712316023,1
2019-02-26,Elastic-Net Logistic,3,0,0.5457566712316023,1
2019-02-27,Elastic-Net Logistic,3,0,0.5457566712316023,1
2019-02-28,Elastic-Net Logistic,3,1,0.5457566712316023,1
2019-03-01,Elastic-Net Logistic,3,0,0.5457566712316023,1
2019-03-04,Elastic-Net Logistic,3,0,0.5457566712316023,1
2019-03-05,Elastic-Net Logistic,3,0,0.5457566712316023,1
2019-03-06,Elastic-Net Logistic,3,0,0.5457566712316023,1
2019-03-07,Elastic-Net Logistic,3,0,0.5457566712316023,1
2019-03-08,Elastic-Net Logistic,3,1,0.5457566712316023,1
2019-03-11,Elastic-Net Logistic,3,1,0.5457566712316023,1
2019-03-12,Elastic-Net Logistic,3,1,0.5457566712316023,1
2019-03-13,Elastic-Net Logistic,3,0,0.5457566712316023,1
2019-03-14,Elastic-Net Logistic,3,1,0.5457566712316023,1
2019-03-15,Elastic-Net Logistic,3,1,0.5457566712316023,1
2019-03-18,Elastic-Net Logistic,3,1,0.5457566712316023,1
2019-03-19,Elastic-Net Logistic,3,0,0.5457566712316023,1
2019-03-20,Elastic-Net Logistic,3,1,0.5457566712316023,1
2019-03-21,Elastic-Net Logistic,3,0,0.5457566712316023,1
2019-03-22,Elastic-Net Logistic,3,0,0.5457566712316023,1
2019-03-25,Elastic-Net Logistic,3,1,0.5457566712316023,1
2019-03-26,Elastic-Net Logistic,3,0,0.5457566712316023,1
2019-03-27,Elastic-Net Logistic,3,1,0.5457566712316023,1
2019-03-28,Elastic-Net Logistic,3,1,0.5457566712316023,1
2019-03-29,Elastic-Net Logistic,3,1,0.5457566712316023,1
2019-04-01,Elastic-Net Logistic,3,1,0.5457566712316023,1
2019-04-02,Elastic-Net Logistic,3,1,0.5457566712316023,1
2019-04-03,Elastic-Net Logistic,3,1,0.5457566712316023,1
2019-04-04,Elastic-Net Logistic,3,1,0.5457566712316023,1
2019-04-05,Elastic-Net Logistic,3,1,0.5457566712316023,1
2019-04-08,Elastic-Net Logistic,3,0,0.5457566712316023,1
2019-04-09,Elastic-Net Logistic,3,1,0.5457566712316023,1
2019-04-10,Elastic-Net Logistic,3,0,0.5457566712316023,1
2019-04-11,Elastic-Net Logistic,3,1,0.5457566712316023,1
2019-04-12,Elastic-Net Logistic,3,0,0.5457566712316023,1
2019-04-15,Elastic-Net Logistic,3,1,0.5457566712316023,1
2019-04-16,Elastic-Net Logistic,3,0,0.5457566712316023,1
2019-04-17,Elastic-Net Logistic,3,1,0.5457566712316023,1
2019-04-18,Elastic-Net Logistic,3,1,0.5457566712316023,1
2019-04-22,Elastic-Net Logistic,3,1,0.5457566712316023,1
2019-04-23,Elastic-Net Logistic,3,0,0.5457566712316023,1
2019-04-24,Elastic-Net Logistic,3,0,0.5457566712316023,1
2019-04-25,Elastic-Net Logistic,3,1,0.5457566712316023,1
2019-04-26,Elastic-Net Logistic,3,1,0.5457566712316023,1
2019-04-29,Elastic-Net Logistic,3,1,0.5457566712316023,1
2019-04-30,Elastic-Net Logistic,3,0,0.5457566712316023,1
2019-05-01,Elastic-Net Logistic,3,0,0.5457566712316023,1
2019-05-02,Elastic-Net Logistic,3,1,0.5457566712316023,1
2019-05-03,Elastic-Net Logistic,3,0,0.5457566712316023,1
2019-05-06,Elastic-Net Logistic,3,0,0.5457566712316023,1
2019-05-07,Elastic-Net Logistic,3,0,0.5457566712316023,1
2019-05-08,Elastic-Net Logistic,3,0,0.5457566712316023,1
2019-05-09,Elastic-Net Logistic,3,1,0.5457566712316023,1
2019-05-10,Elastic-Net Logistic,3,0,0.5457566712316023,1
2019-05-13,Elastic-Net Logistic,3,1,0.5457566712316023,1
2019-05-14,Elastic-Net Logistic,3,1,0.5457566712316023,1
2019-05-15,Elastic-Net Logistic,3,1,0.5457566712316023,1
2019-05-16,Elastic-Net Logistic,3,0,0.5457566712316023,1
2019-05-17,Elastic-Net Logistic,3,0,0.5457566712316023,1
2019-05-20,Elastic-Net Logistic,3,1,0.5457566712316023,1
2019-05-21,Elastic-Net Logistic,3,0,0.5457566712316023,1
2019-05-22,Elastic-Net Logistic,3,0,0.5457566712316023,1
2019-05-23,Elastic-Net Logistic,3,1,0.5457566712316023,1
2019-05-24,Elastic-Net Logistic,3,0,0.5457566712316023,1
2019-05-28,Elastic-Net Logistic,3,0,0.5457566712316023,1
2019-05-29,Elastic-Net Logistic,3,1,0.5457566712316023,1
2019-05-30,Elastic-Net Logistic,3,0,0.5457566712316023,1
2019-05-31,Elastic-Net Logistic,3,0,0.5457566712316023,1
2019-06-03,Elastic-Net Logistic,3,1,0.5457566712316023,1
2019-06-04,Elastic-Net Logistic,3,1,0.5457566712316023,1
2019-06-05,Elastic-Net Logistic,3,1,0.5457566712316023,1
2019-06-06,Elastic-Net Logistic,3,1,0.5457566712316023,1
2019-06-07,Elastic-Net Logistic,3,1,0.5457566712316023,1
2019-06-10,Elastic-Net Logistic,3,0,0.5457566712316023,1
2019-06-11,Elastic-Net Logistic,3,0,0.5457566712316023,1
2019-06-12,Elastic-Net Logistic,3,1,0.5457566712316023,1
2019-06-13,Elastic-Net Logistic,3,0,0.5457566712316023,1
2019-06-14,Elastic-Net Logistic,3,1,0.5457566712316023,1
2019-06-17,Elastic-Net Logistic,3,1,0.5457566712316023,1
2019-06-18,Elastic-Net Logistic,3,1,0.5457566712316023,1
2019-06-19,Elastic-Net Logistic,3,1,0.5457566712316023,1
2019-06-20,Elastic-Net Logistic,3,0,0.5457566712316023,1
2019-06-21,Elastic-Net Logistic,3,0,0.5457566712316023,1
2019-06-24,Elastic-Net Logistic,3,0,0.5457566712316023,1
2019-06-25,Elastic-Net Logistic,3,0,0.5457566712316023,1
2019-06-26,Elastic-Net Logistic,3,1,0.5457566712316023,1
2019-06-27,Elastic-Net Logistic,3,1,0.5457566712316023,1
2019-06-28,Elastic-Net Logistic,3,1,0.5457566712316023,1
2019-07-01,Elastic-Net Logistic,3,1,0.5457566712316023,1
2019-07-02,Elastic-Net Logistic,3,1,0.5457566712316023,1
2019-07-03,Elastic-Net Logistic,3,0,0.5457566712316023,1
2019-07-05,Elastic-Net Logistic,3,0,0.5457566712316023,1
2019-07-08,Elastic-Net Logistic,3,1,0.5457566712316023,1
2019-07-09,Elastic-Net Logistic,3,1,0.5457566712316023,1
2019-07-10,Elastic-Net Logistic,3,1,0.5457566712316023,1
2019-07-11,Elastic-Net Logistic,3,1,0.5457566712316023,1
2019-07-12,Elastic-Net Logistic,3,1,0.5457566712316023,1
2019-07-15,Elastic-Net Logistic,3,0,0.5457566712316023,1
2019-07-16,Elastic-Net Logistic,3,0,0.5457566712316023,1
2019-07-17,Elastic-Net Logistic,3,1,0.5457566712316023,1
2019-07-18,Elastic-Net Logistic,3,0,0.5457566712316023,1
2019-07-19,Elastic-Net Logistic,3,1,0.5457566712316023,1
2019-07-22,Elastic-Net Logistic,3,1,0.5457566712316023,1
2019-07-23,Elastic-Net Logistic,3,1,0.5457566712316023,1
2019-07-24,Elastic-Net Logistic,3,0,0.5457566712316023,1
2019-07-25,Elastic-Net Logistic,3,1,0.5457566712316023,1
2019-07-26,Elastic-Net Logistic,3,0,0.5457566712316023,1
2019-07-29,Elastic-Net Logistic,3,0,0.5457566712316023,1
2019-07-30,Elastic-Net Logistic,3,0,0.5457566712316023,1
2019-07-31,Elastic-Net Logistic,3,0,0.5457566712316023,1
2019-08-01,Elastic-Net Logistic,3,0,0.5457566712316023,1
2019-08-02,Elastic-Net Logistic,3,0,0.5457566712316023,1
2019-08-05,Elastic-Net Logistic,3,1,0.5457566712316023,1
2019-08-06,Elastic-Net Logistic,3,1,0.5457566712316023,1
2019-08-07,Elastic-Net Logistic,3,1,0.5457566712316023,1
2019-08-08,Elastic-Net Logistic,3,0,0.5457566712316023,1
2019-08-09,Elastic-Net Logistic,3,0,0.5457566712316023,1
2019-08-12,Elastic-Net Logistic,3,1,0.5457566712316023,1
2019-08-13,Elastic-Net Logistic,3,0,0.5457566712316023,1
2019-08-14,Elastic-Net Logistic,3,1,0.5457566712316023,1
2019-08-15,Elastic-Net Logistic,3,1,0.5457566712316023,1
2019-08-16,Elastic-Net Logistic,3,1,0.5457566712316023,1
2019-08-19,Elastic-Net Logistic,3,0,0.5457566712316023,1
2019-08-20,Elastic-Net Logistic,3,1,0.5457566712316023,1
2019-08-21,Elastic-Net Logistic,3,0,0.5457566712316023,1
2019-08-22,Elastic-Net Logistic,3,0,0.5457566712316023,1
2019-08-23,Elastic-Net Logistic,3,1,0.5457566712316023,1
2019-08-26,Elastic-Net Logistic,3,0,0.5457566712316023,1
2019-08-27,Elastic-Net Logistic,3,1,0.5457566712316023,1
2019-08-28,Elastic-Net Logistic,3,1,0.5457566712316023,1
2019-08-29,Elastic-Net Logistic,3,0,0.5457566712316023,1
2019-08-30,Elastic-Net Logistic,3,0,0.5457566712316023,1
2019-09-03,Elastic-Net Logistic,3,1,0.5457566712316023,1
2019-09-04,Elastic-Net Logistic,3,1,0.5457566712316023,1
2019-09-05,Elastic-Net Logistic,3,1,0.5457566712316023,1
2019-09-06,Elastic-Net Logistic,3,1,0.5457566712316023,1
2019-09-09,Elastic-Net Logistic,3,0,0.5457566712316023,1
2019-09-10,Elastic-Net Logistic,3,1,0.5457566712316023,1
2019-09-11,Elastic-Net Logistic,3,1,0.5457566712316023,1
2019-09-12,Elastic-Net Logistic,3,0,0.5457566712316023,1
2019-09-13,Elastic-Net Logistic,3,0,0.5457566712316023,1
2019-09-16,Elastic-Net Logistic,3,1,0.5457566712316023,1
2019-09-17,Elastic-Net Logistic,3,1,0.5457566712316023,1
2019-09-18,Elastic-Net Logistic,3,0,0.5457566712316023,1
2019-09-19,Elastic-Net Logistic,3,0,0.5457566712316023,1
2019-09-20,Elastic-Net Logistic,3,0,0.5457566712316023,1
2019-09-23,Elastic-Net Logistic,3,0,0.5457566712316023,1
2019-09-24,Elastic-Net Logistic,3,1,0.5457566712316023,1
2019-09-25,Elastic-Net Logistic,3,0,0.5457566712316023,1
2019-09-26,Elastic-Net Logistic,3,0,0.5457566712316023,1
2019-09-27,Elastic-Net Logistic,3,1,0.5457566712316023,1
2019-09-30,Elastic-Net Logistic,3,0,0.5457566712316023,1
2019-10-01,Elastic-Net Logistic,3,0,0.5457566712316023,1
2019-10-02,Elastic-Net Logistic,3,1,0.5457566712316023,1
2019-10-03,Elastic-Net Logistic,3,1,0.5457566712316023,1
2019-10-04,Elastic-Net Logistic,3,0,0.5457566712316023,1
2019-10-07,Elastic-Net Logistic,3,0,0.5457566712316023,1
2019-10-08,Elastic-Net Logistic,3,1,0.5457566712316023,1
2019-10-09,Elastic-Net Logistic,3,1,0.5457566712316023,1
2019-10-10,Elastic-Net Logistic,3,1,0.5457566712316023,1
2019-10-11,Elastic-Net Logistic,3,0,0.5457566712316023,1
2019-10-14,Elastic-Net Logistic,3,1,0.5457566712316023,1
2019-10-15,Elastic-Net Logistic,3,0,0.5457566712316023,1
2019-10-16,Elastic-Net Logistic,3,1,0.5457566712316023,1
2019-10-17,Elastic-Net Logistic,3,0,0.5457566712316023,1
2019-10-18,Elastic-Net Logistic,3,1,0.5457566712316023,1
2019-10-21,Elastic-Net Logistic,3,0,0.5457566712316023,1
2019-10-22,Elastic-Net Logistic,3,1,0.5457566712316023,1
2019-10-23,Elastic-Net Logistic,3,1,0.5457566712316023,1
2019-10-24,Elastic-Net Logistic,3,1,0.5457566712316023,1
2019-10-25,Elastic-Net Logistic,3,1,0.5457566712316023,1
2019-10-28,Elastic-Net Logistic,3,0,0.5457566712316023,1
2019-10-29,Elastic-Net Logistic,3,1,0.5457566712316023,1
2019-10-30,Elastic-Net Logistic,3,0,0.5457566712316023,1
2019-10-31,Elastic-Net Logistic,3,1,0.5457566712316023,1
2019-11-01,Elastic-Net Logistic,3,1,0.5457566712316023,1
2019-11-04,Elastic-Net Logistic,3,0,0.5457566712316023,1
2019-11-05,Elastic-Net Logistic,3,1,0.5457566712316023,1
2019-11-06,Elastic-Net Logistic,3,1,0.5457566712316023,1
2019-11-07,Elastic-Net Logistic,3,1,0.5457566712316023,1
2019-11-08,Elastic-Net Logistic,3,0,0.5457566712316023,1
2019-11-11,Elastic-Net Logistic,3,1,0.5457566712316023,1
2019-11-12,Elastic-Net Logistic,3,1,0.5457566712316023,1
2019-11-13,Elastic-Net Logistic,3,1,0.5457566712316023,1
2019-11-14,Elastic-Net Logistic,3,1,0.5457566712316023,1
2019-11-15,Elastic-Net Logistic,3,1,0.5457566712316023,1
2019-11-18,Elastic-Net Logistic,3,0,0.5457566712316023,1
2019-11-19,Elastic-Net Logistic,3,0,0.5457566712316023,1
2019-11-20,Elastic-Net Logistic,3,0,0.5457566712316023,1
2019-11-21,Elastic-Net Logistic,3,1,0.5457566712316023,1
2019-11-22,Elastic-Net Logistic,3,1,0.5457566712316023,1
2019-11-25,Elastic-Net Logistic,3,1,0.5457566712316023,1
2019-11-26,Elastic-Net Logistic,3,1,0.5457566712316023,1
2019-11-27,Elastic-Net Logistic,3,0,0.5457566712316023,1
2019-11-29,Elastic-Net Logistic,3,0,0.5457566712316023,1
2019-12-02,Elastic-Net Logistic,3,0,0.5457566712316023,1
2019-12-03,Elastic-Net Logistic,3,1,0.5457566712316023,1
2019-12-04,Elastic-Net Logistic,3,1,0.5457566712316023,1
2019-12-05,Elastic-Net Logistic,3,1,0.5457566712316023,1
2019-12-06,Elastic-Net Logistic,3,0,0.5457566712316023,1
2019-12-09,Elastic-Net Logistic,3,0,0.5457566712316023,1
2019-12-10,Elastic-Net Logistic,3,1,0.5457566712316023,1
2019-12-11,Elastic-Net Logistic,3,1,0.5457566712316023,1
2019-12-12,Elastic-Net Logistic,3,1,0.5457566712316023,1
2019-12-13,Elastic-Net Logistic,3,1,0.5457566712316023,1
2019-12-16,Elastic-Net Logistic,3,1,0.5457566712316023,1
2019-12-17,Elastic-Net Logistic,3,1,0.5457566712316023,1
2019-12-18,Elastic-Net Logistic,3,1,0.5457566712316023,1
2019-12-19,Elastic-Net Logistic,3,1,0.5457566712316023,1
2019-12-20,Elastic-Net Logistic,3,1,0.5457566712316023,1
2019-12-23,Elastic-Net Logistic,3,1,0.5457566712316023,1
2019-12-24,Elastic-Net Logistic,3,1,0.5457566712316023,1
2019-12-26,Elastic-Net Logistic,3,0,0.5457566712316023,1
2019-12-27,Elastic-Net Logistic,3,0,0.5457566712316023,1
2019-12-30,Elastic-Net Logistic,3,1,0.5457566712316023,1
2019-12-31,Elastic-Net Logistic,3,1,0.5457566712316023,1
2020-01-02,Elastic-Net Logistic,3,0,0.5457566712316023,1
2020-01-03,Elastic-Net Logistic,3,1,0.5457566712316023,1
2020-01-06,Elastic-Net Logistic,3,0,0.5457566712316023,1
2020-01-07,Elastic-Net Logistic,3,1,0.5457566712316023,1
2020-01-08,Elastic-Net Logistic,3,1,0.5457566712316023,1
2020-01-09,Elastic-Net Logistic,4,0,0.5515415373681283,1
2020-01-10,Elastic-Net Logistic,4,1,0.5515415373681283,1
2020-01-13,Elastic-Net Logistic,4,0,0.5515415373681283,1
2020-01-14,Elastic-Net Logistic,4,1,0.5515415373681283,1
2020-01-15,Elastic-Net Logistic,4,1,0.5515415373681283,1
2020-01-16,Elastic-Net Logistic,4,1,0.5515415373681283,1
2020-01-17,Elastic-Net Logistic,4,0,0.5515415373681283,1
2020-01-21,Elastic-Net Logistic,4,1,0.5515415373681283,1
2020-01-22,Elastic-Net Logistic,4,1,0.5515415373681283,1
2020-01-23,Elastic-Net Logistic,4,0,0.5515415373681283,1
2020-01-24,Elastic-Net Logistic,4,0,0.5515415373681283,1
2020-01-27,Elastic-Net Logistic,4,1,0.5515415373681283,1
2020-01-28,Elastic-Net Logistic,4,0,0.5515415373681283,1
2020-01-29,Elastic-Net Logistic,4,1,0.5515415373681283,1
2020-01-30,Elastic-Net Logistic,4,0,0.5515415373681283,1
2020-01-31,Elastic-Net Logistic,4,1,0.5515415373681283,1
2020-02-03,Elastic-Net Logistic,4,1,0.5515415373681283,1
2020-02-04,Elastic-Net Logistic,4,1,0.5515415373681283,1
2020-02-05,Elastic-Net Logistic,4,1,0.5515415373681283,1
2020-02-06,Elastic-Net Logistic,4,0,0.5515415373681283,1
2020-02-07,Elastic-Net Logistic,4,1,0.5515415373681283,1
2020-02-10,Elastic-Net Logistic,4,1,0.5515415373681283,1
2020-02-11,Elastic-Net Logistic,4,1,0.5515415373681283,1
2020-02-12,Elastic-Net Logistic,4,0,0.5515415373681283,1
2020-02-13,Elastic-Net Logistic,4,1,0.5515415373681283,1
2020-02-14,Elastic-Net Logistic,4,0,0.5515415373681283,1
2020-02-18,Elastic-Net Logistic,4,1,0.5515415373681283,1
2020-02-19,Elastic-Net Logistic,4,0,0.5515415373681283,1
2020-02-20,Elastic-Net Logistic,4,0,0.5515415373681283,1
2020-02-21,Elastic-Net Logistic,4,0,0.5515415373681283,1
2020-02-24,Elastic-Net Logistic,4,0,0.5515415373681283,1
2020-02-25,Elastic-Net Logistic,4,0,0.5515415373681283,1
2020-02-26,Elastic-Net Logistic,4,0,0.5515415373681283,1
2020-02-27,Elastic-Net Logistic,4,0,0.5515415373681283,1
2020-02-28,Elastic-Net Logistic,4,1,0.5515415373681283,1
2020-03-02,Elastic-Net Logistic,4,0,0.5515415373681283,1
2020-03-03,Elastic-Net Logistic,4,1,0.5515415373681283,1
2020-03-04,Elastic-Net Logistic,4,0,0.5515415373681283,1
2020-03-05,Elastic-Net Logistic,4,0,0.5515415373681283,1
2020-03-06,Elastic-Net Logistic,4,0,0.5515415373681283,1
2020-03-09,Elastic-Net Logistic,4,1,0.5515415373681283,1
2020-03-10,Elastic-Net Logistic,4,0,0.5515415373681283,1
2020-03-11,Elastic-Net Logistic,4,0,0.5515415373681283,1
2020-03-12,Elastic-Net Logistic,4,1,0.5515415373681283,1
2020-03-13,Elastic-Net Logistic,4,0,0.5515415373681283,1
2020-03-16,Elastic-Net Logistic,4,1,0.5515415373681283,1
2020-03-17,Elastic-Net Logistic,4,0,0.5515415373681283,1
2020-03-18,Elastic-Net Logistic,4,1,0.5515415373681283,1
2020-03-19,Elastic-Net Logistic,4,0,0.5515415373681283,1
2020-03-20,Elastic-Net Logistic,4,0,0.5515415373681283,1
2020-03-23,Elastic-Net Logistic,4,1,0.5515415373681283,1
2020-03-24,Elastic-Net Logistic,4,1,0.5515415373681283,1
2020-03-25,Elastic-Net Logistic,4,1,0.5515415373681283,1
2020-03-26,Elastic-Net Logistic,4,0,0.5515415373681283,1
2020-03-27,Elastic-Net Logistic,4,1,0.5515415373681283,1
2020-03-30,Elastic-Net Logistic,4,0,0.5515415373681283,1
2020-03-31,Elastic-Net Logistic,4,0,0.5515415373681283,1
2020-04-01,Elastic-Net Logistic,4,1,0.5515415373681283,1
2020-04-02,Elastic-Net Logistic,4,0,0.5515415373681283,1
2020-04-03,Elastic-Net Logistic,4,1,0.5515415373681283,1
2020-04-06,Elastic-Net Logistic,4,1,0.5515415373681283,1
2020-04-07,Elastic-Net Logistic,4,1,0.5515415373681283,1
2020-04-08,Elastic-Net Logistic,4,1,0.5515415373681283,1
2020-04-09,Elastic-Net Logistic,4,0,0.5515415373681283,1
2020-04-13,Elastic-Net Logistic,4,1,0.5515415373681283,1
2020-04-14,Elastic-Net Logistic,4,0,0.5515415373681283,1
2020-04-15,Elastic-Net Logistic,4,1,0.5515415373681283,1
2020-04-16,Elastic-Net Logistic,4,1,0.5515415373681283,1
2020-04-17,Elastic-Net Logistic,4,0,0.5515415373681283,1
2020-04-20,Elastic-Net Logistic,4,0,0.5515415373681283,1
2020-04-21,Elastic-Net Logistic,4,1,0.5515415373681283,1
2020-04-22,Elastic-Net Logistic,4,0,0.5515415373681283,1
2020-04-23,Elastic-Net Logistic,4,1,0.5515415373681283,1
2020-04-24,Elastic-Net Logistic,4,1,0.5515415373681283,1
2020-04-27,Elastic-Net Logistic,4,0,0.5515415373681283,1
2020-04-28,Elastic-Net Logistic,4,1,0.5515415373681283,1
2020-04-29,Elastic-Net Logistic,4,0,0.5515415373681283,1
2020-04-30,Elastic-Net Logistic,4,0,0.5515415373681283,1
2020-05-01,Elastic-Net Logistic,4,1,0.5515415373681283,1
2020-05-04,Elastic-Net Logistic,4,1,0.5515415373681283,1
2020-05-05,Elastic-Net Logistic,4,0,0.5515415373681283,1
2020-05-06,Elastic-Net Logistic,4,1,0.5515415373681283,1
2020-05-07,Elastic-Net Logistic,4,1,0.5515415373681283,1
2020-05-08,Elastic-Net Logistic,4,1,0.5515415373681283,1
2020-05-11,Elastic-Net Logistic,4,0,0.5515415373681283,1
2020-05-12,Elastic-Net Logistic,4,0,0.5515415373681283,1
2020-05-13,Elastic-Net Logistic,4,1,0.5515415373681283,1
2020-05-14,Elastic-Net Logistic,4,1,0.5515415373681283,1
2020-05-15,Elastic-Net Logistic,4,1,0.5515415373681283,1
2020-05-18,Elastic-Net Logistic,4,0,0.5515415373681283,1
2020-05-19,Elastic-Net Logistic,4,1,0.5515415373681283,1
2020-05-20,Elastic-Net Logistic,4,0,0.5515415373681283,1
2020-05-21,Elastic-Net Logistic,4,1,0.5515415373681283,1
2020-05-22,Elastic-Net Logistic,4,1,0.5515415373681283,1
2020-05-26,Elastic-Net Logistic,4,1,0.5515415373681283,1
2020-05-27,Elastic-Net Logistic,4,0,0.5515415373681283,1
2020-05-28,Elastic-Net Logistic,4,1,0.5515415373681283,1
2020-05-29,Elastic-Net Logistic,4,1,0.5515415373681283,1
2020-06-01,Elastic-Net Logistic,4,1,0.5515415373681283,1
2020-06-02,Elastic-Net Logistic,4,1,0.5515415373681283,1
2020-06-03,Elastic-Net Logistic,4,0,0.5515415373681283,1
2020-06-04,Elastic-Net Logistic,4,1,0.5515415373681283,1
2020-06-05,Elastic-Net Logistic,4,1,0.5515415373681283,1
2020-06-08,Elastic-Net Logistic,4,0,0.5515415373681283,1
2020-06-09,Elastic-Net Logistic,4,0,0.5515415373681283,1
2020-06-10,Elastic-Net Logistic,4,0,0.5515415373681283,1
2020-06-11,Elastic-Net Logistic,4,1,0.5515415373681283,1
2020-06-12,Elastic-Net Logistic,4,1,0.5515415373681283,1
2020-06-15,Elastic-Net Logistic,4,1,0.5515415373681283,1
2020-06-16,Elastic-Net Logistic,4,0,0.5515415373681283,1
2020-06-17,Elastic-Net Logistic,4,1,0.5515415373681283,1
2020-06-18,Elastic-Net Logistic,4,0,0.5515415373681283,1
2020-06-19,Elastic-Net Logistic,4,1,0.5515415373681283,1
2020-06-22,Elastic-Net Logistic,4,1,0.5515415373681283,1
2020-06-23,Elastic-Net Logistic,4,0,0.5515415373681283,1
2020-06-24,Elastic-Net Logistic,4,1,0.5515415373681283,1
2020-06-25,Elastic-Net Logistic,4,0,0.5515415373681283,1
2020-06-26,Elastic-Net Logistic,4,1,0.5515415373681283,1
2020-06-29,Elastic-Net Logistic,4,1,0.5515415373681283,1
2020-06-30,Elastic-Net Logistic,4,1,0.5515415373681283,1
2020-07-01,Elastic-Net Logistic,4,1,0.5515415373681283,1
2020-07-02,Elastic-Net Logistic,4,1,0.5515415373681283,1
2020-07-06,Elastic-Net Logistic,4,0,0.5515415373681283,1
2020-07-07,Elastic-Net Logistic,4,1,0.5515415373681283,1
2020-07-08,Elastic-Net Logistic,4,0,0.5515415373681283,1
2020-07-09,Elastic-Net Logistic,4,1,0.5515415373681283,1
2020-07-10,Elastic-Net Logistic,4,0,0.5515415373681283,1
2020-07-13,Elastic-Net Logistic,4,1,0.5515415373681283,1
2020-07-14,Elastic-Net Logistic,4,1,0.5515415373681283,1
2020-07-15,Elastic-Net Logistic,4,0,0.5515415373681283,1
2020-07-16,Elastic-Net Logistic,4,1,0.5515415373681283,1
2020-07-17,Elastic-Net Logistic,4,1,0.5515415373681283,1
2020-07-20,Elastic-Net Logistic,4,1,0.5515415373681283,1
2020-07-21,Elastic-Net Logistic,4,1,0.5515415373681283,1
2020-07-22,Elastic-Net Logistic,4,0,0.5515415373681283,1
2020-07-23,Elastic-Net Logistic,4,0,0.5515415373681283,1
2020-07-24,Elastic-Net Logistic,4,1,0.5515415373681283,1
2020-07-27,Elastic-Net Logistic,4,0,0.5515415373681283,1
2020-07-28,Elastic-Net Logistic,4,1,0.5515415373681283,1
2020-07-29,Elastic-Net Logistic,4,0,0.5515415373681283,1
2020-07-30,Elastic-Net Logistic,4,1,0.5515415373681283,1
2020-07-31,Elastic-Net Logistic,4,1,0.5515415373681283,1
2020-08-03,Elastic-Net Logistic,4,1,0.5515415373681283,1
2020-08-04,Elastic-Net Logistic,4,1,0.5515415373681283,1
2020-08-05,Elastic-Net Logistic,4,1,0.5515415373681283,1
2020-08-06,Elastic-Net Logistic,4,1,0.5515415373681283,1
2020-08-07,Elastic-Net Logistic,4,1,0.5515415373681283,1
2020-08-10,Elastic-Net Logistic,4,0,0.5515415373681283,1
2020-08-11,Elastic-Net Logistic,4,1,0.5515415373681283,1
2020-08-12,Elastic-Net Logistic,4,0,0.5515415373681283,1
2020-08-13,Elastic-Net Logistic,4,1,0.5515415373681283,1
2020-08-14,Elastic-Net Logistic,4,1,0.5515415373681283,1
2020-08-17,Elastic-Net Logistic,4,1,0.5515415373681283,1
2020-08-18,Elastic-Net Logistic,4,0,0.5515415373681283,1
2020-08-19,Elastic-Net Logistic,4,1,0.5515415373681283,1
2020-08-20,Elastic-Net Logistic,4,1,0.5515415373681283,1
2020-08-21,Elastic-Net Logistic,4,1,0.5515415373681283,1
2020-08-24,Elastic-Net Logistic,4,1,0.5515415373681283,1
2020-08-25,Elastic-Net Logistic,4,1,0.5515415373681283,1
2020-08-26,Elastic-Net Logistic,4,1,0.5515415373681283,1
2020-08-27,Elastic-Net Logistic,4,1,0.5515415373681283,1
2020-08-28,Elastic-Net Logistic,4,0,0.5515415373681283,1
2020-08-31,Elastic-Net Logistic,4,1,0.5515415373681283,1
2020-09-01,Elastic-Net Logistic,4,1,0.5515415373681283,1
2020-09-02,Elastic-Net Logistic,4,0,0.5515415373681283,1
2020-09-03,Elastic-Net Logistic,4,0,0.5515415373681283,1
2020-09-04,Elastic-Net Logistic,4,0,0.5515415373681283,1
2020-09-08,Elastic-Net Logistic,4,1,0.5515415373681283,1
2020-09-09,Elastic-Net Logistic,4,0,0.5515415373681283,1
2020-09-10,Elastic-Net Logistic,4,1,0.5515415373681283,1
2020-09-11,Elastic-Net Logistic,4,1,0.5515415373681283,1
2020-09-14,Elastic-Net Logistic,4,1,0.5515415373681283,1
2020-09-15,Elastic-Net Logistic,4,0,0.5515415373681283,1
2020-09-16,Elastic-Net Logistic,4,0,0.5515415373681283,1
2020-09-17,Elastic-Net Logistic,4,0,0.5515415373681283,1
2020-09-18,Elastic-Net Logistic,4,0,0.5515415373681283,1
2020-09-21,Elastic-Net Logistic,4,1,0.5515415373681283,1
2020-09-22,Elastic-Net Logistic,4,0,0.5515415373681283,1
2020-09-23,Elastic-Net Logistic,4,1,0.5515415373681283,1
2020-09-24,Elastic-Net Logistic,4,1,0.5515415373681283,1
2020-09-25,Elastic-Net Logistic,4,1,0.5515415373681283,1
2020-09-28,Elastic-Net Logistic,4,0,0.5515415373681283,1
2020-09-29,Elastic-Net Logistic,4,1,0.5515415373681283,1
2020-09-30,Elastic-Net Logistic,4,1,0.5515415373681283,1
2020-10-01,Elastic-Net Logistic,4,0,0.5515415373681283,1
2020-10-02,Elastic-Net Logistic,4,1,0.5515415373681283,1
2020-10-05,Elastic-Net Logistic,4,0,0.5515415373681283,1
2020-10-06,Elastic-Net Logistic,4,1,0.5515415373681283,1
2020-10-07,Elastic-Net Logistic,4,1,0.5515415373681283,1
2020-10-08,Elastic-Net Logistic,4,1,0.5515415373681283,1
2020-10-09,Elastic-Net Logistic,4,1,0.5515415373681283,1
2020-10-12,Elastic-Net Logistic,4,0,0.5515415373681283,1
2020-10-13,Elastic-Net Logistic,4,0,0.5515415373681283,1
2020-10-14,Elastic-Net Logistic,4,0,0.5515415373681283,1
2020-10-15,Elastic-Net Logistic,4,0,0.5515415373681283,1
2020-10-16,Elastic-Net Logistic,4,0,0.5515415373681283,1
2020-10-19,Elastic-Net Logistic,4,1,0.5515415373681283,1
2020-10-20,Elastic-Net Logistic,4,0,0.5515415373681283,1
2020-10-21,Elastic-Net Logistic,4,1,0.5515415373681283,1
2020-10-22,Elastic-Net Logistic,4,1,0.5515415373681283,1
2020-10-23,Elastic-Net Logistic,4,0,0.5515415373681283,1
2020-10-26,Elastic-Net Logistic,4,0,0.5515415373681283,1
2020-10-27,Elastic-Net Logistic,4,0,0.5515415373681283,1
2020-10-28,Elastic-Net Logistic,4,1,0.5515415373681283,1
2020-10-29,Elastic-Net Logistic,4,0,0.5515415373681283,1
2020-10-30,Elastic-Net Logistic,4,1,0.5515415373681283,1
2020-11-02,Elastic-Net Logistic,4,1,0.5515415373681283,1
2020-11-03,Elastic-Net Logistic,4,1,0.5515415373681283,1
2020-11-04,Elastic-Net Logistic,4,1,0.5515415373681283,1
2020-11-05,Elastic-Net Logistic,4,0,0.5515415373681283,1
2020-11-06,Elastic-Net Logistic,4,1,0.5515415373681283,1
2020-11-09,Elastic-Net Logistic,4,0,0.5515415373681283,1
2020-11-10,Elastic-Net Logistic,4,1,0.5515415373681283,1
2020-11-11,Elastic-Net Logistic,4,0,0.5515415373681283,1
2020-11-12,Elastic-Net Logistic,4,1,0.5515415373681283,1
2020-11-13,Elastic-Net Logistic,4,1,0.5515415373681283,1
2020-11-16,Elastic-Net Logistic,4,0,0.5515415373681283,1
2020-11-17,Elastic-Net Logistic,4,0,0.5515415373681283,1
2020-11-18,Elastic-Net Logistic,4,1,0.5515415373681283,1
2020-11-19,Elastic-Net Logistic,4,0,0.5515415373681283,1
2020-11-20,Elastic-Net Logistic,4,1,0.5515415373681283,1
2020-11-23,Elastic-Net Logistic,4,1,0.5515415373681283,1
2020-11-24,Elastic-Net Logistic,4,0,0.5515415373681283,1
2020-11-25,Elastic-Net Logistic,4,1,0.5515415373681283,1
2020-11-27,Elastic-Net Logistic,4,0,0.5515415373681283,1
2020-11-30,Elastic-Net Logistic,4,1,0.5515415373681283,1
2020-12-01,Elastic-Net Logistic,4,1,0.5515415373681283,1
2020-12-02,Elastic-Net Logistic,4,0,0.5515415373681283,1
2020-12-03,Elastic-Net Logistic,4,1,0.5515415373681283,1
2020-12-04,Elastic-Net Logistic,4,0,0.5515415373681283,1
2020-12-07,Elastic-Net Logistic,4,1,0.5515415373681283,1
2020-12-08,Elastic-Net Logistic,4,0,0.5515415373681283,1
2020-12-09,Elastic-Net Logistic,4,0,0.5515415373681283,1
2020-12-10,Elastic-Net Logistic,4,0,0.5515415373681283,1
2020-12-11,Elastic-Net Logistic,4,0,0.5515415373681283,1
2020-12-14,Elastic-Net Logistic,4,1,0.5515415373681283,1
2020-12-15,Elastic-Net Logistic,4,1,0.5515415373681283,1
2020-12-16,Elastic-Net Logistic,4,1,0.5515415373681283,1
2020-12-17,Elastic-Net Logistic,4,0,0.5515415373681283,1
2020-12-18,Elastic-Net Logistic,4,0,0.5515415373681283,1
2020-12-21,Elastic-Net Logistic,4,0,0.5515415373681283,1
2020-12-22,Elastic-Net Logistic,4,1,0.5515415373681283,1
2020-12-23,Elastic-Net Logistic,4,1,0.5515415373681283,1
2020-12-24,Elastic-Net Logistic,4,1,0.5515415373681283,1
2020-12-28,Elastic-Net Logistic,4,0,0.5515415373681283,1
2020-12-29,Elastic-Net Logistic,4,1,0.5515415373681283,1
2020-12-30,Elastic-Net Logistic,4,1,0.5515415373681283,1
2020-12-31,Elastic-Net Logistic,4,0,0.5515415373681283,1
2021-01-04,Elastic-Net Logistic,4,1,0.5515415373681283,1
2021-01-05,Elastic-Net Logistic,4,1,0.5515415373681283,1
2021-01-06,Elastic-Net Logistic,5,1,0.5553650503104379,1
2021-01-07,Elastic-Net Logistic,5,1,0.5553650503104379,1
2021-01-08,Elastic-Net Logistic,5,0,0.5553650503104379,1
2021-01-11,Elastic-Net Logistic,5,1,0.5553650503104379,1
2021-01-12,Elastic-Net Logistic,5,1,0.5553650503104379,1
2021-01-13,Elastic-Net Logistic,5,0,0.5553650503104379,1
2021-01-14,Elastic-Net Logistic,5,0,0.5553650503104379,1
2021-01-15,Elastic-Net Logistic,5,1,0.5553650503104379,1
2021-01-19,Elastic-Net Logistic,5,1,0.5553650503104379,1
2021-01-20,Elastic-Net Logistic,5,1,0.5553650503104379,1
2021-01-21,Elastic-Net Logistic,5,0,0.5553650503104379,1
2021-01-22,Elastic-Net Logistic,5,1,0.5553650503104379,1
2021-01-25,Elastic-Net Logistic,5,0,0.5553650503104379,1
2021-01-26,Elastic-Net Logistic,5,0,0.5553650503104379,1
2021-01-27,Elastic-Net Logistic,5,1,0.5553650503104379,1
2021-01-28,Elastic-Net Logistic,5,0,0.5553650503104379,1
2021-01-29,Elastic-Net Logistic,5,1,0.5553650503104379,1
2021-02-01,Elastic-Net Logistic,5,1,0.5553650503104379,1
2021-02-02,Elastic-Net Logistic,5,1,0.5553650503104379,1
2021-02-03,Elastic-Net Logistic,5,1,0.5553650503104379,1
2021-02-04,Elastic-Net Logistic,5,1,0.5553650503104379,1
2021-02-05,Elastic-Net Logistic,5,1,0.5553650503104379,1
2021-02-08,Elastic-Net Logistic,5,0,0.5553650503104379,1
2021-02-09,Elastic-Net Logistic,5,0,0.5553650503104379,1
2021-02-10,Elastic-Net Logistic,5,1,0.5553650503104379,1
2021-02-11,Elastic-Net Logistic,5,1,0.5553650503104379,1
2021-02-12,Elastic-Net Logistic,5,0,0.5553650503104379,1
2021-02-16,Elastic-Net Logistic,5,1,0.5553650503104379,1
2021-02-17,Elastic-Net Logistic,5,0,0.5553650503104379,1
2021-02-18,Elastic-Net Logistic,5,0,0.5553650503104379,1
2021-02-19,Elastic-Net Logistic,5,0,0.5553650503104379,1
2021-02-22,Elastic-Net Logistic,5,1,0.5553650503104379,1
2021-02-23,Elastic-Net Logistic,5,1,0.5553650503104379,1
2021-02-24,Elastic-Net Logistic,5,0,0.5553650503104379,1
2021-02-25,Elastic-Net Logistic,5,0,0.5553650503104379,1
2021-02-26,Elastic-Net Logistic,5,1,0.5553650503104379,1
2021-03-01,Elastic-Net Logistic,5,0,0.5553650503104379,1
2021-03-02,Elastic-Net Logistic,5,0,0.5553650503104379,1
2021-03-03,Elastic-Net Logistic,5,0,0.5553650503104379,1
2021-03-04,Elastic-Net Logistic,5,1,0.5553650503104379,1
2021-03-05,Elastic-Net Logistic,5,0,0.5553650503104379,1
2021-03-08,Elastic-Net Logistic,5,1,0.5553650503104379,1
2021-03-09,Elastic-Net Logistic,5,1,0.5553650503104379,1
2021-03-10,Elastic-Net Logistic,5,1,0.5553650503104379,1
2021-03-11,Elastic-Net Logistic,5,1,0.5553650503104379,1
2021-03-12,Elastic-Net Logistic,5,1,0.5553650503104379,1
2021-03-15,Elastic-Net Logistic,5,0,0.5553650503104379,1
2021-03-16,Elastic-Net Logistic,5,1,0.5553650503104379,1
2021-03-17,Elastic-Net Logistic,5,0,0.5553650503104379,1
2021-03-18,Elastic-Net Logistic,5,0,0.5553650503104379,1
2021-03-19,Elastic-Net Logistic,5,1,0.5553650503104379,1
2021-03-22,Elastic-Net Logistic,5,0,0.5553650503104379,1
2021-03-23,Elastic-Net Logistic,5,0,0.5553650503104379,1
2021-03-24,Elastic-Net Logistic,5,1,0.5553650503104379,1
2021-03-25,Elastic-Net Logistic,5,1,0.5553650503104379,1
2021-03-26,Elastic-Net Logistic,5,0,0.5553650503104379,1
2021-03-29,Elastic-Net Logistic,5,0,0.5553650503104379,1
2021-03-30,Elastic-Net Logistic,5,1,0.5553650503104379,1
2021-03-31,Elastic-Net Logistic,5,1,0.5553650503104379,1
2021-04-01,Elastic-Net Logistic,5,1,0.5553650503104379,1
2021-04-05,Elastic-Net Logistic,5,0,0.5553650503104379,1
2021-04-06,Elastic-Net Logistic,5,1,0.5553650503104379,1
2021-04-07,Elastic-Net Logistic,5,1,0.5553650503104379,1
2021-04-08,Elastic-Net Logistic,5,1,0.5553650503104379,1
2021-04-09,Elastic-Net Logistic,5,1,0.5553650503104379,1
2021-04-12,Elastic-Net Logistic,5,1,0.5553650503104379,1
2021-04-13,Elastic-Net Logistic,5,0,0.5553650503104379,1
2021-04-14,Elastic-Net Logistic,5,1,0.5553650503104379,1
2021-04-15,Elastic-Net Logistic,5,1,0.5553650503104379,1
2021-04-16,Elastic-Net Logistic,5,0,0.5553650503104379,1
2021-04-19,Elastic-Net Logistic,5,0,0.5553650503104379,1
2021-04-20,Elastic-Net Logistic,5,1,0.5553650503104379,1
2021-04-21,Elastic-Net Logistic,5,0,0.5553650503104379,1
2021-04-22,Elastic-Net Logistic,5,1,0.5553650503104379,1
2021-04-23,Elastic-Net Logistic,5,1,0.5553650503104379,1
2021-04-26,Elastic-Net Logistic,5,0,0.5553650503104379,1
2021-04-27,Elastic-Net Logistic,5,0,0.5553650503104379,1
2021-04-28,Elastic-Net Logistic,5,1,0.5553650503104379,1
2021-04-29,Elastic-Net Logistic,5,0,0.5553650503104379,1
2021-04-30,Elastic-Net Logistic,5,1,0.5553650503104379,1
2021-05-03,Elastic-Net Logistic,5,0,0.5553650503104379,1
2021-05-04,Elastic-Net Logistic,5,1,0.5553650503104379,1
2021-05-05,Elastic-Net Logistic,5,1,0.5553650503104379,1
2021-05-06,Elastic-Net Logistic,5,1,0.5553650503104379,1
2021-05-07,Elastic-Net Logistic,5,0,0.5553650503104379,1
2021-05-10,Elastic-Net Logistic,5,0,0.5553650503104379,1
2021-05-11,Elastic-Net Logistic,5,0,0.5553650503104379,1
2021-05-12,Elastic-Net Logistic,5,1,0.5553650503104379,1
2021-05-13,Elastic-Net Logistic,5,1,0.5553650503104379,1
2021-05-14,Elastic-Net Logistic,5,0,0.5553650503104379,1
2021-05-17,Elastic-Net Logistic,5,0,0.5553650503104379,1
2021-05-18,Elastic-Net Logistic,5,0,0.5553650503104379,1
2021-05-19,Elastic-Net Logistic,5,1,0.5553650503104379,1
2021-05-20,Elastic-Net Logistic,5,0,0.5553650503104379,1
2021-05-21,Elastic-Net Logistic,5,1,0.5553650503104379,1
2021-05-24,Elastic-Net Logistic,5,0,0.5553650503104379,1
2021-05-25,Elastic-Net Logistic,5,1,0.5553650503104379,1
2021-05-26,Elastic-Net Logistic,5,1,0.5553650503104379,1
2021-05-27,Elastic-Net Logistic,5,1,0.5553650503104379,1
2021-05-28,Elastic-Net Logistic,5,0,0.5553650503104379,1
2021-06-01,Elastic-Net Logistic,5,1,0.5553650503104379,1
2021-06-02,Elastic-Net Logistic,5,0,0.5553650503104379,1
2021-06-03,Elastic-Net Logistic,5,1,0.5553650503104379,1
2021-06-04,Elastic-Net Logistic,5,0,0.5553650503104379,1
2021-06-07,Elastic-Net Logistic,5,1,0.5553650503104379,1
2021-06-08,Elastic-Net Logistic,5,0,0.5553650503104379,1
2021-06-09,Elastic-Net Logistic,5,1,0.5553650503104379,1
2021-06-10,Elastic-Net Logistic,5,1,0.5553650503104379,1
2021-06-11,Elastic-Net Logistic,5,1,0.5553650503104379,1
2021-06-14,Elastic-Net Logistic,5,0,0.5553650503104379,1
2021-06-15,Elastic-Net Logistic,5,0,0.5553650503104379,1
2021-06-16,Elastic-Net Logistic,5,0,0.5553650503104379,1
2021-06-17,Elastic-Net Logistic,5,0,0.5553650503104379,1
2021-06-18,Elastic-Net Logistic,5,1,0.5553650503104379,1
2021-06-21,Elastic-Net Logistic,5,1,0.5553650503104379,1
2021-06-22,Elastic-Net Logistic,5,0,0.5553650503104379,1
2021-06-23,Elastic-Net Logistic,5,1,0.5553650503104379,1
2021-06-24,Elastic-Net Logistic,5,1,0.5553650503104379,1
2021-06-25,Elastic-Net Logistic,5,1,0.5553650503104379,1
2021-06-28,Elastic-Net Logistic,5,1,0.5553650503104379,1
2021-06-29,Elastic-Net Logistic,5,1,0.5553650503104379,1
2021-06-30,Elastic-Net Logistic,5,1,0.5553650503104379,1
2021-07-01,Elastic-Net Logistic,5,1,0.5553650503104379,1
2021-07-02,Elastic-Net Logistic,5,0,0.5553650503104379,1
2021-07-06,Elastic-Net Logistic,5,1,0.5553650503104379,1
2021-07-07,Elastic-Net Logistic,5,0,0.5553650503104379,1
2021-07-08,Elastic-Net Logistic,5,1,0.5553650503104379,1
2021-07-09,Elastic-Net Logistic,5,1,0.5553650503104379,1
2021-07-12,Elastic-Net Logistic,5,0,0.5553650503104379,1
2021-07-13,Elastic-Net Logistic,5,1,0.5553650503104379,1
2021-07-14,Elastic-Net Logistic,5,0,0.5553650503104379,1
2021-07-15,Elastic-Net Logistic,5,0,0.5553650503104379,1
2021-07-16,Elastic-Net Logistic,5,0,0.5553650503104379,1
2021-07-19,Elastic-Net Logistic,5,1,0.5553650503104379,1
2021-07-20,Elastic-Net Logistic,5,1,0.5553650503104379,1
2021-07-21,Elastic-Net Logistic,5,1,0.5553650503104379,1
2021-07-22,Elastic-Net Logistic,5,1,0.5553650503104379,1
2021-07-23,Elastic-Net Logistic,5,1,0.5553650503104379,1
2021-07-26,Elastic-Net Logistic,5,0,0.5553650503104379,1
2021-07-27,Elastic-Net Logistic,5,0,0.5553650503104379,1
2021-07-28,Elastic-Net Logistic,5,1,0.5553650503104379,1
2021-07-29,Elastic-Net Logistic,5,0,0.5553650503104379,1
2021-07-30,Elastic-Net Logistic,5,0,0.5553650503104379,1
2021-08-02,Elastic-Net Logistic,5,1,0.5553650503104379,1
2021-08-03,Elastic-Net Logistic,5,0,0.5553650503104379,1
2021-08-04,Elastic-Net Logistic,5,1,0.5553650503104379,1
2021-08-05,Elastic-Net Logistic,5,1,0.5553650503104379,1
2021-08-06,Elastic-Net Logistic,5,0,0.5553650503104379,1
2021-08-09,Elastic-Net Logistic,5,1,0.5553650503104379,1
2021-08-10,Elastic-Net Logistic,5,1,0.5553650503104379,1
2021-08-11,Elastic-Net Logistic,5,1,0.5553650503104379,1
2021-08-12,Elastic-Net Logistic,5,1,0.5553650503104379,1
2021-08-13,Elastic-Net Logistic,5,1,0.5553650503104379,1
2021-08-16,Elastic-Net Logistic,5,0,0.5553650503104379,1
2021-08-17,Elastic-Net Logistic,5,0,0.5553650503104379,1
2021-08-18,Elastic-Net Logistic,5,1,0.5553650503104379,1
2021-08-19,Elastic-Net Logistic,5,1,0.5553650503104379,1
2021-08-20,Elastic-Net Logistic,5,1,0.5553650503104379,1
2021-08-23,Elastic-Net Logistic,5,1,0.5553650503104379,1
2021-08-24,Elastic-Net Logistic,5,1,0.5553650503104379,1
2021-08-25,Elastic-Net Logistic,5,0,0.5553650503104379,1
2021-08-26,Elastic-Net Logistic,5,1,0.5553650503104379,1
2021-08-27,Elastic-Net Logistic,5,1,0.5553650503104379,1
2021-08-30,Elastic-Net Logistic,5,0,0.5553650503104379,1
2021-08-31,Elastic-Net Logistic,5,1,0.5553650503104379,1
2021-09-01,Elastic-Net Logistic,5,1,0.5553650503104379,1
2021-09-02,Elastic-Net Logistic,5,0,0.5553650503104379,1
2021-09-03,Elastic-Net Logistic,5,0,0.5553650503104379,1
2021-09-07,Elastic-Net Logistic,5,0,0.5553650503104379,1
2021-09-08,Elastic-Net Logistic,5,0,0.5553650503104379,1
2021-09-09,Elastic-Net Logistic,5,0,0.5553650503104379,1
2021-09-10,Elastic-Net Logistic,5,1,0.5553650503104379,1
2021-09-13,Elastic-Net Logistic,5,0,0.5553650503104379,1
2021-09-14,Elastic-Net Logistic,5,1,0.5553650503104379,1
2021-09-15,Elastic-Net Logistic,5,0,0.5553650503104379,1
2021-09-16,Elastic-Net Logistic,5,0,0.5553650503104379,1
2021-09-17,Elastic-Net Logistic,5,0,0.5553650503104379,1
2021-09-20,Elastic-Net Logistic,5,0,0.5553650503104379,1
2021-09-21,Elastic-Net Logistic,5,1,0.5553650503104379,1
2021-09-22,Elastic-Net Logistic,5,1,0.5553650503104379,1
2021-09-23,Elastic-Net Logistic,5,1,0.5553650503104379,1
2021-09-24,Elastic-Net Logistic,5,0,0.5553650503104379,1
2021-09-27,Elastic-Net Logistic,5,0,0.5553650503104379,1
2021-09-28,Elastic-Net Logistic,5,1,0.5553650503104379,1
2021-09-29,Elastic-Net Logistic,5,0,0.5553650503104379,1
2021-09-30,Elastic-Net Logistic,5,1,0.5553650503104379,1
2021-10-01,Elastic-Net Logistic,5,0,0.5553650503104379,1
2021-10-04,Elastic-Net Logistic,5,1,0.5553650503104379,1
2021-10-05,Elastic-Net Logistic,5,1,0.5553650503104379,1
2021-10-06,Elastic-Net Logistic,5,1,0.5553650503104379,1
2021-10-07,Elastic-Net Logistic,5,0,0.5553650503104379,1
2021-10-08,Elastic-Net Logistic,5,0,0.5553650503104379,1
2021-10-11,Elastic-Net Logistic,5,0,0.5553650503104379,1
2021-10-12,Elastic-Net Logistic,5,1,0.5553650503104379,1
2021-10-13,Elastic-Net Logistic,5,1,0.5553650503104379,1
2021-10-14,Elastic-Net Logistic,5,1,0.5553650503104379,1
2021-10-15,Elastic-Net Logistic,5,1,0.5553650503104379,1
2021-10-18,Elastic-Net Logistic,5,1,0.5553650503104379,1
2021-10-19,Elastic-Net Logistic,5,1,0.5553650503104379,1
2021-10-20,Elastic-Net Logistic,5,1,0.5553650503104379,1
2021-10-21,Elastic-Net Logistic,5,0,0.5553650503104379,1
2021-10-22,Elastic-Net Logistic,5,1,0.5553650503104379,1
2021-10-25,Elastic-Net Logistic,5,1,0.5553650503104379,1
2021-10-26,Elastic-Net Logistic,5,0,0.5553650503104379,1
2021-10-27,Elastic-Net Logistic,5,1,0.5553650503104379,1
2021-10-28,Elastic-Net Logistic,5,1,0.5553650503104379,1
2021-10-29,Elastic-Net Logistic,5,1,0.5553650503104379,1
2021-11-01,Elastic-Net Logistic,5,1,0.5553650503104379,1
2021-11-02,Elastic-Net Logistic,5,1,0.5553650503104379,1
2021-11-03,Elastic-Net Logistic,5,1,0.5553650503104379,1
2021-11-04,Elastic-Net Logistic,5,1,0.5553650503104379,1
2021-11-05,Elastic-Net Logistic,5,1,0.5553650503104379,1
2021-11-08,Elastic-Net Logistic,5,0,0.5553650503104379,1
2021-11-09,Elastic-Net Logistic,5,0,0.5553650503104379,1
2021-11-10,Elastic-Net Logistic,5,1,0.5553650503104379,1
2021-11-11,Elastic-Net Logistic,5,1,0.5553650503104379,1
2021-11-12,Elastic-Net Logistic,5,1,0.5553650503104379,1
2021-11-15,Elastic-Net Logistic,5,1,0.5553650503104379,1
2021-11-16,Elastic-Net Logistic,5,0,0.5553650503104379,1
2021-11-17,Elastic-Net Logistic,5,1,0.5553650503104379,1
2021-11-18,Elastic-Net Logistic,5,0,0.5553650503104379,1
2021-11-19,Elastic-Net Logistic,5,0,0.5553650503104379,1
2021-11-22,Elastic-Net Logistic,5,1,0.5553650503104379,1
2021-11-23,Elastic-Net Logistic,5,1,0.5553650503104379,1
2021-11-24,Elastic-Net Logistic,5,0,0.5553650503104379,1
2021-11-26,Elastic-Net Logistic,5,1,0.5553650503104379,1
2021-11-29,Elastic-Net Logistic,5,0,0.5553650503104379,1
2021-11-30,Elastic-Net Logistic,5,0,0.5553650503104379,1
2021-12-01,Elastic-Net Logistic,5,1,0.5553650503104379,1
2021-12-02,Elastic-Net Logistic,5,0,0.5553650503104379,1
2021-12-03,Elastic-Net Logistic,5,1,0.5553650503104379,1
2021-12-06,Elastic-Net Logistic,5,1,0.5553650503104379,1
2021-12-07,Elastic-Net Logistic,5,1,0.5553650503104379,1
2021-12-08,Elastic-Net Logistic,5,0,0.5553650503104379,1
2021-12-09,Elastic-Net Logistic,5,1,0.5553650503104379,1
2021-12-10,Elastic-Net Logistic,5,0,0.5553650503104379,1
2021-12-13,Elastic-Net Logistic,5,0,0.5553650503104379,1
2021-12-14,Elastic-Net Logistic,5,1,0.5553650503104379,1
2021-12-15,Elastic-Net Logistic,5,0,0.5553650503104379,1
2021-12-16,Elastic-Net Logistic,5,0,0.5553650503104379,1
2021-12-17,Elastic-Net Logistic,5,0,0.5553650503104379,1
2021-12-20,Elastic-Net Logistic,5,1,0.5553650503104379,1
2021-12-21,Elastic-Net Logistic,5,1,0.5553650503104379,1
2021-12-22,Elastic-Net Logistic,5,1,0.5553650503104379,1
2021-12-23,Elastic-Net Logistic,5,1,0.5553650503104379,1
2021-12-27,Elastic-Net Logistic,5,0,0.5553650503104379,1
2021-12-28,Elastic-Net Logistic,5,1,0.5553650503104379,1
2021-12-29,Elastic-Net Logistic,5,0,0.5553650503104379,1
2021-12-30,Elastic-Net Logistic,5,0,0.5553650503104379,1
2021-12-31,Elastic-Net Logistic,5,1,0.5553650503104379,1
2017-01-17,Calibrated RBF SVM,1,1,0.5448545787865532,1
2017-01-18,Calibrated RBF SVM,1,0,0.5219022636995695,1
2017-01-19,Calibrated RBF SVM,1,1,0.5180433475353964,1
2017-01-20,Calibrated RBF SVM,1,0,0.5173220312648047,1
2017-01-23,Calibrated RBF SVM,1,1,0.5321815174535748,1
2017-01-24,Calibrated RBF SVM,1,1,0.542969479182121,1
2017-01-25,Calibrated RBF SVM,1,0,0.511179672781187,1
2017-01-26,Calibrated RBF SVM,1,0,0.5081277423867155,1
2017-01-27,Calibrated RBF SVM,1,0,0.5109493522647194,1
2017-01-30,Calibrated RBF SVM,1,0,0.5208503353095657,1
2017-01-31,Calibrated RBF SVM,1,1,0.5404550256283247,1
2017-02-01,Calibrated RBF SVM,1,1,0.5343485525745241,1
2017-02-02,Calibrated RBF SVM,1,1,0.53513530297309,1
2017-02-03,Calibrated RBF SVM,1,0,0.512210513695509,1
2017-02-06,Calibrated RBF SVM,1,1,0.5154859037708337,1
2017-02-07,Calibrated RBF SVM,1,1,0.53322736490755,1
2017-02-08,Calibrated RBF SVM,1,1,0.4884322488905814,0
2017-02-09,Calibrated RBF SVM,1,1,0.4949702387846077,0
2017-02-10,Calibrated RBF SVM,1,1,0.5105884478496576,1
2017-02-13,Calibrated RBF SVM,1,1,0.496415607568147,0
2017-02-14,Calibrated RBF SVM,1,1,0.50146763554886,1
2017-02-15,Calibrated RBF SVM,1,0,0.5208110232585869,1
2017-02-16,Calibrated RBF SVM,1,1,0.5356368363209264,1
2017-02-17,Calibrated RBF SVM,1,1,0.5082873298000717,1
2017-02-21,Calibrated RBF SVM,1,0,0.5140149888999206,1
2017-02-22,Calibrated RBF SVM,1,1,0.524116150025784,1
2017-02-23,Calibrated RBF SVM,1,1,0.5311066801863181,1
2017-02-24,Calibrated RBF SVM,1,1,0.5091353151044697,1
2017-02-27,Calibrated RBF SVM,1,0,0.5111198717481112,1
2017-02-28,Calibrated RBF SVM,1,1,0.5352582240655016,1
2017-03-01,Calibrated RBF SVM,1,0,0.5360980003832853,1
2017-03-02,Calibrated RBF SVM,1,1,0.5228630963805779,1
2017-03-03,Calibrated RBF SVM,1,0,0.5539204411716211,1
2017-03-06,Calibrated RBF SVM,1,0,0.5303750406438312,1
2017-03-07,Calibrated RBF SVM,1,0,0.556669161754929,1
2017-03-08,Calibrated RBF SVM,1,1,0.5581528125591536,1
2017-03-09,Calibrated RBF SVM,1,1,0.5486218008925516,1
2017-03-10,Calibrated RBF SVM,1,1,0.5401177034762806,1
2017-03-13,Calibrated RBF SVM,1,0,0.5207316648206984,1
2017-03-14,Calibrated RBF SVM,1,1,0.5528150371535239,1
2017-03-15,Calibrated RBF SVM,1,0,0.5474256441413637,1
2017-03-16,Calibrated RBF SVM,1,0,0.5361249886727112,1
2017-03-17,Calibrated RBF SVM,1,0,0.5704135071737232,1
2017-03-20,Calibrated RBF SVM,1,0,0.5330647811936217,1
2017-03-21,Calibrated RBF SVM,1,1,0.5597546183648122,1
2017-03-22,Calibrated RBF SVM,1,0,0.5315940694855353,1
2017-03-23,Calibrated RBF SVM,1,0,0.5326817647079286,1
2017-03-24,Calibrated RBF SVM,1,0,0.5462749991907763,1
2017-03-27,Calibrated RBF SVM,1,1,0.5381615742202431,1
2017-03-28,Calibrated RBF SVM,1,1,0.5434917085682721,1
2017-03-29,Calibrated RBF SVM,1,1,0.5268927137833778,1
2017-03-30,Calibrated RBF SVM,1,0,0.4867300429529409,0
2017-03-31,Calibrated RBF SVM,1,0,0.5330578510265941,1
2017-04-03,Calibrated RBF SVM,1,1,0.5401323237291527,1
2017-04-04,Calibrated RBF SVM,1,0,0.5043011485744741,1
2017-04-05,Calibrated RBF SVM,1,1,0.5476535622012223,1
2017-04-06,Calibrated RBF SVM,1,0,0.5003661290780054,1
2017-04-07,Calibrated RBF SVM,1,1,0.5285391199995041,1
2017-04-10,Calibrated RBF SVM,1,0,0.5450201627185968,1
2017-04-11,Calibrated RBF SVM,1,0,0.5380959210098271,1
2017-04-12,Calibrated RBF SVM,1,0,0.5448944941897526,1
2017-04-13,Calibrated RBF SVM,1,1,0.5313711954184681,1
2017-04-17,Calibrated RBF SVM,1,0,0.5305872361618474,1
2017-04-18,Calibrated RBF SVM,1,0,0.5603138983396464,1
2017-04-19,Calibrated RBF SVM,1,1,0.526595516218348,1
2017-04-20,Calibrated RBF SVM,1,0,0.5355771073497386,1
2017-04-21,Calibrated RBF SVM,1,1,0.5242238269105878,1
2017-04-24,Calibrated RBF SVM,1,1,0.4945625237098262,0
2017-04-25,Calibrated RBF SVM,1,0,0.519949606844862,1
2017-04-26,Calibrated RBF SVM,1,1,0.5563589418553111,1
2017-04-27,Calibrated RBF SVM,1,0,0.503234980272283,1
2017-04-28,Calibrated RBF SVM,1,1,0.4881453997202745,0
2017-05-01,Calibrated RBF SVM,1,1,0.5059500972351795,1
2017-05-02,Calibrated RBF SVM,1,0,0.4659145910971763,0
2017-05-03,Calibrated RBF SVM,1,1,0.49334918243279846,0
2017-05-04,Calibrated RBF SVM,1,1,0.44817942664401667,0
2017-05-05,Calibrated RBF SVM,1,0,0.44690257963547175,0
2017-05-08,Calibrated RBF SVM,1,0,0.45941707312991825,0
2017-05-09,Calibrated RBF SVM,1,1,0.4948377034177011,0
2017-05-10,Calibrated RBF SVM,1,0,0.4652563154944187,0
2017-05-11,Calibrated RBF SVM,1,0,0.47623140136610137,0
2017-05-12,Calibrated RBF SVM,1,1,0.4860993366842201,0
2017-05-15,Calibrated RBF SVM,1,0,0.4614720894540012,0
2017-05-16,Calibrated RBF SVM,1,0,0.484933102252302,0
2017-05-17,Calibrated RBF SVM,1,1,0.5461747993480518,1
2017-05-18,Calibrated RBF SVM,1,1,0.5350349657266017,1
2017-05-19,Calibrated RBF SVM,1,1,0.5448244707425661,1
2017-05-22,Calibrated RBF SVM,1,1,0.516640703768262,1
2017-05-23,Calibrated RBF SVM,1,1,0.5373587281374547,1
2017-05-24,Calibrated RBF SVM,1,1,0.538037149121147,1
2017-05-25,Calibrated RBF SVM,1,0,0.5401931171945629,1
2017-05-26,Calibrated RBF SVM,1,0,0.5347546868217147,1
2017-05-30,Calibrated RBF SVM,1,0,0.5338143329271432,1
2017-05-31,Calibrated RBF SVM,1,1,0.5380014028684575,1
2017-06-01,Calibrated RBF SVM,1,1,0.5444806623580579,1
2017-06-02,Calibrated RBF SVM,1,0,0.5510415802195087,1
2017-06-05,Calibrated RBF SVM,1,0,0.5360101307531394,1
2017-06-06,Calibrated RBF SVM,1,1,0.5464583852215755,1
2017-06-07,Calibrated RBF SVM,1,1,0.5500484282172325,1
2017-06-08,Calibrated RBF SVM,1,0,0.5430133618761651,1
2017-06-09,Calibrated RBF SVM,1,0,0.5371097755346974,1
2017-06-12,Calibrated RBF SVM,1,1,0.5523756763119013,1
2017-06-13,Calibrated RBF SVM,1,0,0.5521242390832525,1
2017-06-14,Calibrated RBF SVM,1,0,0.5519696166675527,1
2017-06-15,Calibrated RBF SVM,1,1,0.5532771309393263,1
2017-06-16,Calibrated RBF SVM,1,1,0.49223395643368834,0
2017-06-19,Calibrated RBF SVM,1,0,0.4896274635935674,0
2017-06-20,Calibrated RBF SVM,1,0,0.5251279791482295,1
2017-06-21,Calibrated RBF SVM,1,0,0.5193673633260206,1
2017-06-22,Calibrated RBF SVM,1,1,0.5211319457715645,1
2017-06-23,Calibrated RBF SVM,1,1,0.5183292969623168,1
2017-06-26,Calibrated RBF SVM,1,0,0.5441205922344697,1
2017-06-27,Calibrated RBF SVM,1,1,0.5644282797714432,1
2017-06-28,Calibrated RBF SVM,1,0,0.5294057110210411,1
2017-06-29,Calibrated RBF SVM,1,1,0.5374531971164195,1
2017-06-30,Calibrated RBF SVM,1,1,0.5158306080948356,1
2017-07-03,Calibrated RBF SVM,1,1,0.5224503767144032,1
2017-07-05,Calibrated RBF SVM,1,0,0.5201709365905329,1
2017-07-06,Calibrated RBF SVM,1,1,0.5055735241171647,1
2017-07-07,Calibrated RBF SVM,1,1,0.5282632619243249,1
2017-07-10,Calibrated RBF SVM,1,0,0.5168394283759659,1
2017-07-11,Calibrated RBF SVM,1,1,0.543848117524023,1
2017-07-12,Calibrated RBF SVM,1,1,0.5147956112259592,1
2017-07-13,Calibrated RBF SVM,1,1,0.5105590744275318,1
2017-07-14,Calibrated RBF SVM,1,0,0.5571145829247622,1
2017-07-17,Calibrated RBF SVM,1,1,0.5114076628447662,1
2017-07-18,Calibrated RBF SVM,1,1,0.5105314406430579,1
2017-07-19,Calibrated RBF SVM,1,1,0.5159432873232074,1
2017-07-20,Calibrated RBF SVM,1,0,0.5111527050606033,1
2017-07-21,Calibrated RBF SVM,1,0,0.5319291787933006,1
2017-07-24,Calibrated RBF SVM,1,1,0.5034077791566453,1
2017-07-25,Calibrated RBF SVM,1,1,0.517615426694726,1
2017-07-26,Calibrated RBF SVM,1,0,0.5197936394796469,1
2017-07-27,Calibrated RBF SVM,1,0,0.5103054959583488,1
2017-07-28,Calibrated RBF SVM,1,0,0.5126253671070012,1
2017-07-31,Calibrated RBF SVM,1,1,0.531142465719176,1
2017-08-01,Calibrated RBF SVM,1,1,0.5132214797063276,1
2017-08-02,Calibrated RBF SVM,1,0,0.5142783603491897,1
2017-08-03,Calibrated RBF SVM,1,1,0.4914737474199847,0
2017-08-04,Calibrated RBF SVM,1,1,0.5011681664376395,1
2017-08-07,Calibrated RBF SVM,1,0,0.47450881897864444,0
2017-08-08,Calibrated RBF SVM,1,0,0.5853725267106824,1
2017-08-09,Calibrated RBF SVM,1,0,0.5167981822053006,1
2017-08-10,Calibrated RBF SVM,1,1,0.5435515533712373,1
2017-08-11,Calibrated RBF SVM,1,1,0.5254652806236667,1
2017-08-14,Calibrated RBF SVM,1,0,0.5367950149542285,1
2017-08-15,Calibrated RBF SVM,1,1,0.5228375981483167,1
2017-08-16,Calibrated RBF SVM,1,0,0.5380384666848012,1
2017-08-17,Calibrated RBF SVM,1,0,0.5521259302117202,1
2017-08-18,Calibrated RBF SVM,1,1,0.5327835547882369,1
2017-08-21,Calibrated RBF SVM,1,1,0.5010145385466885,1
2017-08-22,Calibrated RBF SVM,1,0,0.5242756923145799,1
2017-08-23,Calibrated RBF SVM,1,0,0.5016156929924592,1
2017-08-24,Calibrated RBF SVM,1,1,0.5038049385645421,1
2017-08-25,Calibrated RBF SVM,1,1,0.535448287357141,1
2017-08-28,Calibrated RBF SVM,1,1,0.5051150042048326,1
2017-08-29,Calibrated RBF SVM,1,1,0.5501105685187694,1
2017-08-30,Calibrated RBF SVM,1,1,0.5457351158408654,1
2017-08-31,Calibrated RBF SVM,1,1,0.5267399773216818,1
2017-09-01,Calibrated RBF SVM,1,0,0.5149512642481755,1
2017-09-05,Calibrated RBF SVM,1,1,0.5514379450920283,1
2017-09-06,Calibrated RBF SVM,1,0,0.5083365160498934,1
2017-09-07,Calibrated RBF SVM,1,0,0.4908487389363243,0
2017-09-08,Calibrated RBF SVM,1,1,0.5313379465843271,1
2017-09-11,Calibrated RBF SVM,1,1,0.5294140178195117,1
2017-09-12,Calibrated RBF SVM,1,1,0.5300984652268833,1
2017-09-13,Calibrated RBF SVM,1,0,0.5272539804351625,1
2017-09-14,Calibrated RBF SVM,1,1,0.5242365482384913,1
2017-09-15,Calibrated RBF SVM,1,1,0.5247262886829138,1
2017-09-18,Calibrated RBF SVM,1,1,0.49883248995552504,0
2017-09-19,Calibrated RBF SVM,1,1,0.48676300137865197,0
2017-09-20,Calibrated RBF SVM,1,0,0.502760413097078,1
2017-09-21,Calibrated RBF SVM,1,1,0.48584203589977487,0
2017-09-22,Calibrated RBF SVM,1,0,0.4905108636478837,0
2017-09-25,Calibrated RBF SVM,1,1,0.5038261033633153,1
2017-09-26,Calibrated RBF SVM,1,1,0.5214737815735557,1
2017-09-27,Calibrated RBF SVM,1,1,0.5311620411414405,1
2017-09-28,Calibrated RBF SVM,1,1,0.47354206797173964,0
2017-09-29,Calibrated RBF SVM,1,1,0.48821292200081823,0
2017-10-02,Calibrated RBF SVM,1,1,0.4705204914488223,0
2017-10-03,Calibrated RBF SVM,1,1,0.5002215581567094,1
2017-10-04,Calibrated RBF SVM,1,1,0.4974358676560637,0
2017-10-05,Calibrated RBF SVM,1,0,0.48464468189065885,0
2017-10-06,Calibrated RBF SVM,1,0,0.499651888709386,0
2017-10-09,Calibrated RBF SVM,1,1,0.47531591168202847,0
2017-10-10,Calibrated RBF SVM,1,1,0.5068461542484414,1
2017-10-11,Calibrated RBF SVM,1,0,0.49072126546216666,0
2017-10-12,Calibrated RBF SVM,1,1,0.5233579545720334,1
2017-10-13,Calibrated RBF SVM,1,1,0.49283215029077176,0
2017-10-16,Calibrated RBF SVM,1,1,0.4978517873915494,0
2017-10-17,Calibrated RBF SVM,1,1,0.5047210392833886,1
2017-10-18,Calibrated RBF SVM,1,1,0.5112125904131234,1
2017-10-19,Calibrated RBF SVM,1,1,0.5216493895831021,1
2017-10-20,Calibrated RBF SVM,1,0,0.5044984319330045,1
2017-10-23,Calibrated RBF SVM,1,1,0.5333230311024242,1
2017-10-24,Calibrated RBF SVM,1,0,0.5399749255988331,1
2017-10-25,Calibrated RBF SVM,1,1,0.5493150334324044,1
2017-10-26,Calibrated RBF SVM,1,1,0.5234759599333998,1
2017-10-27,Calibrated RBF SVM,1,0,0.5007720011126611,1
2017-10-30,Calibrated RBF SVM,1,1,0.5244776328781972,1
2017-10-31,Calibrated RBF SVM,1,1,0.5228446274545097,1
2017-11-01,Calibrated RBF SVM,1,1,0.5107397750051712,1
2017-11-02,Calibrated RBF SVM,1,1,0.502147367335854,1
2017-11-03,Calibrated RBF SVM,1,1,0.478982171166521,0
2017-11-06,Calibrated RBF SVM,1,0,0.48677757398592886,0
2017-11-07,Calibrated RBF SVM,1,1,0.5248587872575022,1
2017-11-08,Calibrated RBF SVM,1,0,0.48810824744572345,0
2017-11-09,Calibrated RBF SVM,1,0,0.5140833381613987,1
2017-11-10,Calibrated RBF SVM,1,1,0.48462323203952984,0
2017-11-13,Calibrated RBF SVM,1,0,0.4985863849136914,0
2017-11-14,Calibrated RBF SVM,1,0,0.5192982907775209,1
2017-11-15,Calibrated RBF SVM,1,1,0.5336355552400355,1
2017-11-16,Calibrated RBF SVM,1,0,0.5102425467676555,1
2017-11-17,Calibrated RBF SVM,1,1,0.5014681557326844,1
2017-11-20,Calibrated RBF SVM,1,1,0.523909137118232,1
2017-11-21,Calibrated RBF SVM,1,0,0.5276467653414104,1
2017-11-22,Calibrated RBF SVM,1,1,0.49521393608223896,0
2017-11-24,Calibrated RBF SVM,1,0,0.4842722947374504,0
2017-11-27,Calibrated RBF SVM,1,1,0.5106009513245132,1
2017-11-28,Calibrated RBF SVM,1,0,0.5269342129168618,1
2017-11-29,Calibrated RBF SVM,1,1,0.5474319244534326,1
2017-11-30,Calibrated RBF SVM,1,0,0.529929785215654,1
2017-12-01,Calibrated RBF SVM,1,0,0.5026234847253597,1
2017-12-04,Calibrated RBF SVM,1,0,0.5378821863608797,1
2017-12-05,Calibrated RBF SVM,1,1,0.5556843452391571,1
2017-12-06,Calibrated RBF SVM,1,1,0.539363763662955,1
2017-12-07,Calibrated RBF SVM,1,1,0.5208693555589777,1
2017-12-08,Calibrated RBF SVM,1,1,0.5203417243281221,1
2017-12-11,Calibrated RBF SVM,1,1,0.5186224436885155,1
2017-12-12,Calibrated RBF SVM,1,0,0.5245730396198499,1
2017-12-13,Calibrated RBF SVM,1,0,0.5291137625656276,1
2017-12-14,Calibrated RBF SVM,1,1,0.5205909558285002,1
2017-12-15,Calibrated RBF SVM,1,1,0.5134723816145904,1
2017-12-18,Calibrated RBF SVM,1,0,0.527746750365499,1
2017-12-19,Calibrated RBF SVM,1,0,0.5558210816336248,1
2017-12-20,Calibrated RBF SVM,1,1,0.5459066765394015,1
2017-12-21,Calibrated RBF SVM,1,0,0.5203522321520014,1
2017-12-22,Calibrated RBF SVM,1,0,0.5209521917143017,1
2017-12-26,Calibrated RBF SVM,1,1,0.5359339898332893,1
2017-12-27,Calibrated RBF SVM,1,1,0.5252828359246874,1
2017-12-28,Calibrated RBF SVM,1,0,0.49091469768209955,0
2017-12-29,Calibrated RBF SVM,1,1,0.5300228575980288,1
2018-01-02,Calibrated RBF SVM,1,1,0.5215660124400786,1
2018-01-03,Calibrated RBF SVM,1,1,0.5048279657515008,1
2018-01-04,Calibrated RBF SVM,1,1,0.5441939084420434,1
2018-01-05,Calibrated RBF SVM,1,1,0.5140178591122803,1
2018-01-08,Calibrated RBF SVM,1,1,0.506405449521825,1
2018-01-09,Calibrated RBF SVM,1,0,0.5358989076208077,1
2018-01-10,Calibrated RBF SVM,1,1,0.5276101545554982,1
2018-01-11,Calibrated RBF SVM,1,1,0.5147284975621845,1
2018-01-12,Calibrated RBF SVM,2,0,0.539466750167151,1
2018-01-16,Calibrated RBF SVM,2,1,0.554644380070542,1
2018-01-17,Calibrated RBF SVM,2,0,0.5254817244472348,1
2018-01-18,Calibrated RBF SVM,2,1,0.5314674095915987,1
2018-01-19,Calibrated RBF SVM,2,1,0.53320761156199,1
2018-01-22,Calibrated RBF SVM,2,1,0.5432712490685613,1
2018-01-23,Calibrated RBF SVM,2,0,0.5356428662187774,1
2018-01-24,Calibrated RBF SVM,2,1,0.5436748080154102,1
2018-01-25,Calibrated RBF SVM,2,1,0.5403695913309968,1
2018-01-26,Calibrated RBF SVM,2,0,0.5307315623887199,1
2018-01-29,Calibrated RBF SVM,2,0,0.5524145981500889,1
2018-01-30,Calibrated RBF SVM,2,1,0.5516155507323536,1
2018-01-31,Calibrated RBF SVM,2,0,0.5370783685697343,1
2018-02-01,Calibrated RBF SVM,2,0,0.538442933285034,1
2018-02-02,Calibrated RBF SVM,2,0,0.5484634910744633,1
2018-02-05,Calibrated RBF SVM,2,1,0.538928016707224,1
2018-02-06,Calibrated RBF SVM,2,0,0.5388259418064942,1
2018-02-07,Calibrated RBF SVM,2,0,0.5387432261222506,1
2018-02-08,Calibrated RBF SVM,2,1,0.5391632973275692,1
2018-02-09,Calibrated RBF SVM,2,1,0.5393795423855597,1
2018-02-12,Calibrated RBF SVM,2,1,0.5403828519662692,1
2018-02-13,Calibrated RBF SVM,2,1,0.5382569469258756,1
2018-02-14,Calibrated RBF SVM,2,1,0.5375888150569762,1
2018-02-15,Calibrated RBF SVM,2,1,0.5431176105991603,1
2018-02-16,Calibrated RBF SVM,2,0,0.541387657919417,1
2018-02-20,Calibrated RBF SVM,2,0,0.5281039153832512,1
2018-02-21,Calibrated RBF SVM,2,1,0.5384082494635388,1
2018-02-22,Calibrated RBF SVM,2,1,0.5329786431167435,1
2018-02-23,Calibrated RBF SVM,2,1,0.5229613896024597,1
2018-02-26,Calibrated RBF SVM,2,0,0.5515632964004944,1
2018-02-27,Calibrated RBF SVM,2,0,0.5302257141959871,1
2018-02-28,Calibrated RBF SVM,2,0,0.5243754502929779,1
2018-03-01,Calibrated RBF SVM,2,1,0.5391182725478504,1
2018-03-02,Calibrated RBF SVM,2,1,0.5269807690854569,1
2018-03-05,Calibrated RBF SVM,2,1,0.5142285959384454,1
2018-03-06,Calibrated RBF SVM,2,0,0.5320975309379672,1
2018-03-07,Calibrated RBF SVM,2,1,0.5349354007415879,1
2018-03-08,Calibrated RBF SVM,2,1,0.5369673606016914,1
2018-03-09,Calibrated RBF SVM,2,0,0.552906757674181,1
2018-03-12,Calibrated RBF SVM,2,0,0.5394078537834293,1
2018-03-13,Calibrated RBF SVM,2,0,0.5221424109983702,1
2018-03-14,Calibrated RBF SVM,2,0,0.5226103946925368,1
2018-03-15,Calibrated RBF SVM,2,1,0.5415563527255458,1
2018-03-16,Calibrated RBF SVM,2,0,0.5599250618025805,1
2018-03-19,Calibrated RBF SVM,2,1,0.5561656435246434,1
2018-03-20,Calibrated RBF SVM,2,0,0.5514545165476686,1
2018-03-21,Calibrated RBF SVM,2,0,0.5524454172976849,1
2018-03-22,Calibrated RBF SVM,2,0,0.5501960388868368,1
2018-03-23,Calibrated RBF SVM,2,1,0.5514420413374863,1
2018-03-26,Calibrated RBF SVM,2,0,0.5426482796121156,1
2018-03-27,Calibrated RBF SVM,2,0,0.5445655254641887,1
2018-03-28,Calibrated RBF SVM,2,1,0.5437773438742138,1
2018-03-29,Calibrated RBF SVM,2,0,0.5491794179756294,1
2018-04-02,Calibrated RBF SVM,2,1,0.5517491325113374,1
2018-04-03,Calibrated RBF SVM,2,1,0.5505635863101702,1
2018-04-04,Calibrated RBF SVM,2,1,0.5403262280009105,1
2018-04-05,Calibrated RBF SVM,2,0,0.5778441885532287,1
2018-04-06,Calibrated RBF SVM,2,1,0.546746953408687,1
2018-04-09,Calibrated RBF SVM,2,1,0.54682510438075,1
2018-04-10,Calibrated RBF SVM,2,0,0.5598353662563779,1
2018-04-11,Calibrated RBF SVM,2,1,0.5537133720043889,1
2018-04-12,Calibrated RBF SVM,2,0,0.5426264656620267,1
2018-04-13,Calibrated RBF SVM,2,1,0.5435690251882654,1
2018-04-16,Calibrated RBF SVM,2,1,0.5541694522952746,1
2018-04-17,Calibrated RBF SVM,2,1,0.5380879963696258,1
2018-04-18,Calibrated RBF SVM,2,0,0.5565059693719406,1
2018-04-19,Calibrated RBF SVM,2,0,0.55424898515216,1
2018-04-20,Calibrated RBF SVM,2,0,0.5649791931021434,1
2018-04-23,Calibrated RBF SVM,2,0,0.5635576185412982,1
2018-04-24,Calibrated RBF SVM,2,1,0.5457626051934745,1
2018-04-25,Calibrated RBF SVM,2,1,0.5613428807683465,1
2018-04-26,Calibrated RBF SVM,2,1,0.5572055123738343,1
2018-04-27,Calibrated RBF SVM,2,0,0.5548537822681295,1
2018-04-30,Calibrated RBF SVM,2,1,0.5514792805373285,1
2018-05-01,Calibrated RBF SVM,2,0,0.5798478033389267,1
2018-05-02,Calibrated RBF SVM,2,0,0.5732046150322777,1
2018-05-03,Calibrated RBF SVM,2,1,0.5649551278361162,1
2018-05-04,Calibrated RBF SVM,2,1,0.5549616908308653,1
2018-05-07,Calibrated RBF SVM,2,0,0.5527083839990516,1
2018-05-08,Calibrated RBF SVM,2,1,0.5619241945061813,1
2018-05-09,Calibrated RBF SVM,2,1,0.5548469516404597,1
2018-05-10,Calibrated RBF SVM,2,1,0.5564591785721716,1
2018-05-11,Calibrated RBF SVM,2,1,0.5557383286159037,1
2018-05-14,Calibrated RBF SVM,2,0,0.5233377309136605,1
2018-05-15,Calibrated RBF SVM,2,1,0.5462239485369099,1
2018-05-16,Calibrated RBF SVM,2,0,0.5370144241916711,1
2018-05-17,Calibrated RBF SVM,2,0,0.5473224105972098,1
2018-05-18,Calibrated RBF SVM,2,1,0.5402345728573649,1
2018-05-21,Calibrated RBF SVM,2,0,0.5336133568213075,1
2018-05-22,Calibrated RBF SVM,2,1,0.5396856175820562,1
2018-05-23,Calibrated RBF SVM,2,0,0.5447837389153808,1
2018-05-24,Calibrated RBF SVM,2,0,0.5309985760451355,1
2018-05-25,Calibrated RBF SVM,2,0,0.5346432055185024,1
2018-05-29,Calibrated RBF SVM,2,1,0.5524337876593642,1
2018-05-30,Calibrated RBF SVM,2,0,0.5486274162649232,1
2018-05-31,Calibrated RBF SVM,2,1,0.5489101730307542,1
2018-06-01,Calibrated RBF SVM,2,1,0.5462223319591669,1
2018-06-04,Calibrated RBF SVM,2,1,0.5294546834812266,1
2018-06-05,Calibrated RBF SVM,2,1,0.5423192740008872,1
2018-06-06,Calibrated RBF SVM,2,0,0.5492679570746611,1
2018-06-07,Calibrated RBF SVM,2,1,0.5601905024752983,1
2018-06-08,Calibrated RBF SVM,2,1,0.5495893059059259,1
2018-06-11,Calibrated RBF SVM,2,1,0.5377547623299664,1
2018-06-12,Calibrated RBF SVM,2,0,0.5284939230590706,1
2018-06-13,Calibrated RBF SVM,2,1,0.53964175428856,1
2018-06-14,Calibrated RBF SVM,2,0,0.5312902922464676,1
2018-06-15,Calibrated RBF SVM,2,0,0.5332517314347889,1
2018-06-18,Calibrated RBF SVM,2,0,0.5204279569366631,1
2018-06-19,Calibrated RBF SVM,2,1,0.533881222511771,1
2018-06-20,Calibrated RBF SVM,2,0,0.5233568850425255,1
2018-06-21,Calibrated RBF SVM,2,1,0.5265316863289063,1
2018-06-22,Calibrated RBF SVM,2,0,0.5266702938918711,1
2018-06-25,Calibrated RBF SVM,2,1,0.559727602382925,1
2018-06-26,Calibrated RBF SVM,2,0,0.5456125021981527,1
2018-06-27,Calibrated RBF SVM,2,1,0.5447206538465813,1
2018-06-28,Calibrated RBF SVM,2,1,0.5395851358130402,1
2018-06-29,Calibrated RBF SVM,2,1,0.5395082762391255,1
2018-07-02,Calibrated RBF SVM,2,0,0.5237503286907703,1
2018-07-03,Calibrated RBF SVM,2,1,0.5314968232956736,1
2018-07-05,Calibrated RBF SVM,2,1,0.5420152988370966,1
2018-07-06,Calibrated RBF SVM,2,1,0.5251100042817899,1
2018-07-09,Calibrated RBF SVM,2,1,0.5212084017681334,1
2018-07-10,Calibrated RBF SVM,2,0,0.5165988154675958,1
2018-07-11,Calibrated RBF SVM,2,1,0.5426728690087758,1
2018-07-12,Calibrated RBF SVM,2,1,0.5360530481828013,1
2018-07-13,Calibrated RBF SVM,2,0,0.5329597364422326,1
2018-07-16,Calibrated RBF SVM,2,1,0.5342941174203518,1
2018-07-17,Calibrated RBF SVM,2,1,0.541531571321962,1
2018-07-18,Calibrated RBF SVM,2,0,0.5358992763982401,1
2018-07-19,Calibrated RBF SVM,2,0,0.534808739400647,1
2018-07-20,Calibrated RBF SVM,2,1,0.5422165421180628,1
2018-07-23,Calibrated RBF SVM,2,1,0.5149129579428657,1
2018-07-24,Calibrated RBF SVM,2,1,0.5367259312366861,1
2018-07-25,Calibrated RBF SVM,2,0,0.5479045155401372,1
2018-07-26,Calibrated RBF SVM,2,0,0.5550174097243745,1
2018-07-27,Calibrated RBF SVM,2,0,0.5363386233715968,1
2018-07-30,Calibrated RBF SVM,2,1,0.5491411974168194,1
2018-07-31,Calibrated RBF SVM,2,0,0.5486688529697922,1
2018-08-01,Calibrated RBF SVM,2,1,0.5441925107442711,1
2018-08-02,Calibrated RBF SVM,2,1,0.5417599679246335,1
2018-08-03,Calibrated RBF SVM,2,1,0.5270643647578764,1
2018-08-06,Calibrated RBF SVM,2,1,0.5215627307071177,1
2018-08-07,Calibrated RBF SVM,2,0,0.5320470008320384,1
2018-08-08,Calibrated RBF SVM,2,0,0.5301273061492798,1
2018-08-09,Calibrated RBF SVM,2,0,0.5299601097314575,1
2018-08-10,Calibrated RBF SVM,2,0,0.5380055618481382,1
2018-08-13,Calibrated RBF SVM,2,1,0.547715069118509,1
2018-08-14,Calibrated RBF SVM,2,0,0.5400276783130488,1
2018-08-15,Calibrated RBF SVM,2,1,0.5410770002542628,1
2018-08-16,Calibrated RBF SVM,2,1,0.5288925452792966,1
2018-08-17,Calibrated RBF SVM,2,1,0.539142503292218,1
2018-08-20,Calibrated RBF SVM,2,1,0.5300712819860653,1
2018-08-21,Calibrated RBF SVM,2,0,0.543010231601185,1
2018-08-22,Calibrated RBF SVM,2,0,0.545403280460238,1
2018-08-23,Calibrated RBF SVM,2,1,0.5437885259120213,1
2018-08-24,Calibrated RBF SVM,2,1,0.5369172036517998,1
2018-08-27,Calibrated RBF SVM,2,1,0.5343719029455046,1
2018-08-28,Calibrated RBF SVM,2,1,0.5394873240831055,1
2018-08-29,Calibrated RBF SVM,2,0,0.5434853604047404,1
2018-08-30,Calibrated RBF SVM,2,1,0.5406379626440841,1
2018-08-31,Calibrated RBF SVM,2,0,0.5351074439792568,1
2018-09-04,Calibrated RBF SVM,2,0,0.5374780748673199,1
2018-09-05,Calibrated RBF SVM,2,0,0.5315813134077342,1
2018-09-06,Calibrated RBF SVM,2,0,0.5238036429086373,1
2018-09-07,Calibrated RBF SVM,2,1,0.536754698553508,1
2018-09-10,Calibrated RBF SVM,2,1,0.5372200847624945,1
2018-09-11,Calibrated RBF SVM,2,1,0.5392669082248819,1
2018-09-12,Calibrated RBF SVM,2,1,0.5397774499077106,1
2018-09-13,Calibrated RBF SVM,2,1,0.5229942886542212,1
2018-09-14,Calibrated RBF SVM,2,0,0.5210586524246139,1
2018-09-17,Calibrated RBF SVM,2,1,0.5285290356473448,1
2018-09-18,Calibrated RBF SVM,2,1,0.5409118021198397,1
2018-09-19,Calibrated RBF SVM,2,1,0.5304016090564428,1
2018-09-20,Calibrated RBF SVM,2,0,0.5358428576245848,1
2018-09-21,Calibrated RBF SVM,2,0,0.5417032102596456,1
2018-09-24,Calibrated RBF SVM,2,0,0.5276945287235164,1
2018-09-25,Calibrated RBF SVM,2,0,0.5371325644552455,1
2018-09-26,Calibrated RBF SVM,2,1,0.5392505077337626,1
2018-09-27,Calibrated RBF SVM,2,1,0.5221054536864542,1
2018-09-28,Calibrated RBF SVM,2,1,0.5132478719199104,1
2018-10-01,Calibrated RBF SVM,2,0,0.5269034803903342,1
2018-10-02,Calibrated RBF SVM,2,1,0.5323833628438233,1
2018-10-03,Calibrated RBF SVM,2,0,0.5286785999634508,1
2018-10-04,Calibrated RBF SVM,2,0,0.5219508258370043,1
2018-10-05,Calibrated RBF SVM,2,0,0.5133475056223096,1
2018-10-08,Calibrated RBF SVM,2,0,0.5192872335202284,1
2018-10-09,Calibrated RBF SVM,2,0,0.5311754247180901,1
2018-10-10,Calibrated RBF SVM,2,0,0.5403729517384411,1
2018-10-11,Calibrated RBF SVM,2,1,0.5364349230938283,1
2018-10-12,Calibrated RBF SVM,2,0,0.5380720999292018,1
2018-10-15,Calibrated RBF SVM,2,1,0.5316007549111479,1
2018-10-16,Calibrated RBF SVM,2,1,0.5398509896856469,1
2018-10-17,Calibrated RBF SVM,2,0,0.5430134117600064,1
2018-10-18,Calibrated RBF SVM,2,0,0.565695602642847,1
2018-10-19,Calibrated RBF SVM,2,0,0.5510087026683302,1
2018-10-22,Calibrated RBF SVM,2,0,0.5463743695197237,1
2018-10-23,Calibrated RBF SVM,2,0,0.5499934653964279,1
2018-10-24,Calibrated RBF SVM,2,1,0.5497466092892734,1
2018-10-25,Calibrated RBF SVM,2,0,0.5446888551723267,1
2018-10-26,Calibrated RBF SVM,2,0,0.5432638481781976,1
2018-10-29,Calibrated RBF SVM,2,1,0.5404552351261318,1
2018-10-30,Calibrated RBF SVM,2,1,0.5405122859114336,1
2018-10-31,Calibrated RBF SVM,2,1,0.5492467169888925,1
2018-11-01,Calibrated RBF SVM,2,0,0.5478011929058848,1
2018-11-02,Calibrated RBF SVM,2,1,0.5467917474406722,1
2018-11-05,Calibrated RBF SVM,2,1,0.5454232312134819,1
2018-11-06,Calibrated RBF SVM,2,1,0.5261934172230224,1
2018-11-07,Calibrated RBF SVM,2,0,0.5286816649434013,1
2018-11-08,Calibrated RBF SVM,2,0,0.5462293633663929,1
2018-11-09,Calibrated RBF SVM,2,0,0.5419476153827998,1
2018-11-12,Calibrated RBF SVM,2,0,0.542159149548938,1
2018-11-13,Calibrated RBF SVM,2,0,0.5469097011820758,1
2018-11-14,Calibrated RBF SVM,2,1,0.5440612963159546,1
2018-11-15,Calibrated RBF SVM,2,1,0.543542284754974,1
2018-11-16,Calibrated RBF SVM,2,0,0.5460807284427575,1
2018-11-19,Calibrated RBF SVM,2,0,0.5340195889932412,1
2018-11-20,Calibrated RBF SVM,2,1,0.5541228272861366,1
2018-11-21,Calibrated RBF SVM,2,0,0.5487037016967095,1
2018-11-23,Calibrated RBF SVM,2,1,0.5409762018538017,1
2018-11-26,Calibrated RBF SVM,2,1,0.5622722874835652,1
2018-11-27,Calibrated RBF SVM,2,1,0.5472462280955642,1
2018-11-28,Calibrated RBF SVM,2,0,0.5482236988974915,1
2018-11-29,Calibrated RBF SVM,2,1,0.5561144955631533,1
2018-11-30,Calibrated RBF SVM,2,1,0.5604114273146649,1
2018-12-03,Calibrated RBF SVM,2,0,0.5439104194423686,1
2018-12-04,Calibrated RBF SVM,2,0,0.5293231777515683,1
2018-12-06,Calibrated RBF SVM,2,0,0.53847278239243,1
2018-12-07,Calibrated RBF SVM,2,1,0.5390198706525736,1
2018-12-10,Calibrated RBF SVM,2,1,0.5437411688313348,1
2018-12-11,Calibrated RBF SVM,2,1,0.5440859442515812,1
2018-12-12,Calibrated RBF SVM,2,0,0.5397584591123499,1
2018-12-13,Calibrated RBF SVM,2,0,0.5527599542097532,1
2018-12-14,Calibrated RBF SVM,2,0,0.5557943541621491,1
2018-12-17,Calibrated RBF SVM,2,0,0.550106977073833,1
2018-12-18,Calibrated RBF SVM,2,0,0.5459058867311019,1
2018-12-19,Calibrated RBF SVM,2,0,0.5394404815105958,1
2018-12-20,Calibrated RBF SVM,2,0,0.5412635844768571,1
2018-12-21,Calibrated RBF SVM,2,0,0.5408214507374008,1
2018-12-24,Calibrated RBF SVM,2,1,0.5408696056136226,1
2018-12-26,Calibrated RBF SVM,2,1,0.54039424340295,1
2018-12-27,Calibrated RBF SVM,2,0,0.5408407080932224,1
2018-12-28,Calibrated RBF SVM,2,1,0.5388605584859475,1
2018-12-31,Calibrated RBF SVM,2,1,0.5338913331439072,1
2019-01-02,Calibrated RBF SVM,2,0,0.5392868190894409,1
2019-01-03,Calibrated RBF SVM,2,1,0.5426032893238597,1
2019-01-04,Calibrated RBF SVM,2,1,0.537114822289022,1
2019-01-07,Calibrated RBF SVM,2,1,0.5328112837306259,1
2019-01-08,Calibrated RBF SVM,2,1,0.5442847279233773,1
2019-01-09,Calibrated RBF SVM,2,1,0.5293331214808326,1
2019-01-10,Calibrated RBF SVM,2,1,0.5426592901041118,1
2019-01-11,Calibrated RBF SVM,3,0,0.5422022871966109,1
2019-01-14,Calibrated RBF SVM,3,1,0.5410519895741511,1
2019-01-15,Calibrated RBF SVM,3,1,0.5293775696227231,1
2019-01-16,Calibrated RBF SVM,3,1,0.5292062728523313,1
2019-01-17,Calibrated RBF SVM,3,1,0.5285008598290303,1
2019-01-18,Calibrated RBF SVM,3,0,0.5466887754334867,1
2019-01-22,Calibrated RBF SVM,3,1,0.5587875935870339,1
2019-01-23,Calibrated RBF SVM,3,1,0.5569316274976615,1
2019-01-24,Calibrated RBF SVM,3,1,0.5456955988742055,1
2019-01-25,Calibrated RBF SVM,3,0,0.5248381588462837,1
2019-01-28,Calibrated RBF SVM,3,0,0.5695675226518921,1
2019-01-29,Calibrated RBF SVM,3,1,0.5525929424574714,1
2019-01-30,Calibrated RBF SVM,3,1,0.5525321684752599,1
2019-01-31,Calibrated RBF SVM,3,1,0.552555102411375,1
2019-02-01,Calibrated RBF SVM,3,1,0.5417229119766377,1
2019-02-04,Calibrated RBF SVM,3,1,0.5282400673404665,1
2019-02-05,Calibrated RBF SVM,3,0,0.505026342224636,1
2019-02-06,Calibrated RBF SVM,3,0,0.515699097139665,1
2019-02-07,Calibrated RBF SVM,3,1,0.566974344075729,1
2019-02-08,Calibrated RBF SVM,3,1,0.5429862986193318,1
2019-02-11,Calibrated RBF SVM,3,1,0.5519953351615275,1
2019-02-12,Calibrated RBF SVM,3,1,0.5349586559593101,1
2019-02-13,Calibrated RBF SVM,3,0,0.5091857146459611,1
2019-02-14,Calibrated RBF SVM,3,1,0.5569670780853122,1
2019-02-15,Calibrated RBF SVM,3,1,0.5119894586975383,1
2019-02-19,Calibrated RBF SVM,3,1,0.5151359397757381,1
2019-02-20,Calibrated RBF SVM,3,0,0.5029511069367657,1
2019-02-21,Calibrated RBF SVM,3,1,0.5130980929933298,1
2019-02-22,Calibrated RBF SVM,3,1,0.5178307086342341,1
2019-02-25,Calibrated RBF SVM,3,0,0.5442961479263723,1
2019-02-26,Calibrated RBF SVM,3,0,0.5104537815437328,1
2019-02-27,Calibrated RBF SVM,3,0,0.5039011630982758,1
2019-02-28,Calibrated RBF SVM,3,1,0.5529098386055691,1
2019-03-01,Calibrated RBF SVM,3,0,0.5285011294558178,1
2019-03-04,Calibrated RBF SVM,3,0,0.5456738923122347,1
2019-03-05,Calibrated RBF SVM,3,0,0.5247743884472399,1
2019-03-06,Calibrated RBF SVM,3,0,0.5265892723445533,1
2019-03-07,Calibrated RBF SVM,3,0,0.5433164473049016,1
2019-03-08,Calibrated RBF SVM,3,1,0.5242870274968591,1
2019-03-11,Calibrated RBF SVM,3,1,0.4986058465145568,0
2019-03-12,Calibrated RBF SVM,3,1,0.5382364223593467,1
2019-03-13,Calibrated RBF SVM,3,0,0.5231753896148525,1
2019-03-14,Calibrated RBF SVM,3,1,0.5198753928437755,1
2019-03-15,Calibrated RBF SVM,3,1,0.48265276142697316,0
2019-03-18,Calibrated RBF SVM,3,1,0.5356627066354019,1
2019-03-19,Calibrated RBF SVM,3,0,0.5362676669545398,1
2019-03-20,Calibrated RBF SVM,3,1,0.5138204880292913,1
2019-03-21,Calibrated RBF SVM,3,0,0.4648962426600982,0
2019-03-22,Calibrated RBF SVM,3,0,0.5537267034184599,1
2019-03-25,Calibrated RBF SVM,3,1,0.5149363193566382,1
2019-03-26,Calibrated RBF SVM,3,0,0.5677966936004913,1
2019-03-27,Calibrated RBF SVM,3,1,0.5489845644128458,1
2019-03-28,Calibrated RBF SVM,3,1,0.515380322838106,1
2019-03-29,Calibrated RBF SVM,3,1,0.5526347851817466,1
2019-04-01,Calibrated RBF SVM,3,1,0.5236408665546696,1
2019-04-02,Calibrated RBF SVM,3,1,0.5441653167347938,1
2019-04-03,Calibrated RBF SVM,3,1,0.48841567146666737,0
2019-04-04,Calibrated RBF SVM,3,1,0.48409153154769263,0
2019-04-05,Calibrated RBF SVM,3,1,0.5131531561054112,1
2019-04-08,Calibrated RBF SVM,3,0,0.5224201681347681,1
2019-04-09,Calibrated RBF SVM,3,1,0.515117658491878,1
2019-04-10,Calibrated RBF SVM,3,0,0.48517802080063044,0
2019-04-11,Calibrated RBF SVM,3,1,0.4855391241948494,0
2019-04-12,Calibrated RBF SVM,3,0,0.5002249389550082,1
2019-04-15,Calibrated RBF SVM,3,1,0.4992183173188418,0
2019-04-16,Calibrated RBF SVM,3,0,0.5097512178390396,1
2019-04-17,Calibrated RBF SVM,3,1,0.5094879909397257,1
2019-04-18,Calibrated RBF SVM,3,1,0.48678093500992375,0
2019-04-22,Calibrated RBF SVM,3,1,0.5073018468867545,1
2019-04-23,Calibrated RBF SVM,3,0,0.4985834235798598,0
2019-04-24,Calibrated RBF SVM,3,0,0.5280968261357274,1
2019-04-25,Calibrated RBF SVM,3,1,0.5176602709416184,1
2019-04-26,Calibrated RBF SVM,3,1,0.48977958787386205,0
2019-04-29,Calibrated RBF SVM,3,1,0.5136371988968603,1
2019-04-30,Calibrated RBF SVM,3,0,0.535677270599871,1
2019-05-01,Calibrated RBF SVM,3,0,0.5380653830532137,1
2019-05-02,Calibrated RBF SVM,3,1,0.5399366894400844,1
2019-05-03,Calibrated RBF SVM,3,0,0.5247763234680294,1
2019-05-06,Calibrated RBF SVM,3,0,0.5125597208028044,1
2019-05-07,Calibrated RBF SVM,3,0,0.578644216684955,1
2019-05-08,Calibrated RBF SVM,3,0,0.5486942285420652,1
2019-05-09,Calibrated RBF SVM,3,1,0.5508652229822787,1
2019-05-10,Calibrated RBF SVM,3,0,0.5319398631230988,1
2019-05-13,Calibrated RBF SVM,3,1,0.54266528227321,1
2019-05-14,Calibrated RBF SVM,3,1,0.5221870018118121,1
2019-05-15,Calibrated RBF SVM,3,1,0.5066004243094487,1
2019-05-16,Calibrated RBF SVM,3,0,0.5139919998586325,1
2019-05-17,Calibrated RBF SVM,3,0,0.547839804210593,1
2019-05-20,Calibrated RBF SVM,3,1,0.5678764712074239,1
2019-05-21,Calibrated RBF SVM,3,0,0.535798196908025,1
2019-05-22,Calibrated RBF SVM,3,0,0.5334078958531767,1
2019-05-23,Calibrated RBF SVM,3,1,0.5967544756997601,1
2019-05-24,Calibrated RBF SVM,3,0,0.5847204264029174,1
2019-05-28,Calibrated RBF SVM,3,0,0.5733207932369481,1
2019-05-29,Calibrated RBF SVM,3,1,0.6006251636401326,1
2019-05-30,Calibrated RBF SVM,3,0,0.5721755953440957,1
2019-05-31,Calibrated RBF SVM,3,0,0.5863094745016911,1
2019-06-03,Calibrated RBF SVM,3,1,0.5932034500162735,1
2019-06-04,Calibrated RBF SVM,3,1,0.5569928685775966,1
2019-06-05,Calibrated RBF SVM,3,1,0.5997267081959029,1
2019-06-06,Calibrated RBF SVM,3,1,0.5801881121372917,1
2019-06-07,Calibrated RBF SVM,3,1,0.5482986536199039,1
2019-06-10,Calibrated RBF SVM,3,0,0.5780879810376218,1
2019-06-11,Calibrated RBF SVM,3,0,0.5532144205358037,1
2019-06-12,Calibrated RBF SVM,3,1,0.5682293187764209,1
2019-06-13,Calibrated RBF SVM,3,0,0.5699763330449051,1
2019-06-14,Calibrated RBF SVM,3,1,0.5690132939893662,1
2019-06-17,Calibrated RBF SVM,3,1,0.5481428272766743,1
2019-06-18,Calibrated RBF SVM,3,1,0.5834173535417713,1
2019-06-19,Calibrated RBF SVM,3,1,0.5660961724041038,1
2019-06-20,Calibrated RBF SVM,3,0,0.5230107744386846,1
2019-06-21,Calibrated RBF SVM,3,0,0.5625401567721945,1
2019-06-24,Calibrated RBF SVM,3,0,0.5009692698226674,1
2019-06-25,Calibrated RBF SVM,3,0,0.568208218404895,1
2019-06-26,Calibrated RBF SVM,3,1,0.5552207937625169,1
2019-06-27,Calibrated RBF SVM,3,1,0.5542923153361952,1
2019-06-28,Calibrated RBF SVM,3,1,0.5747840130611493,1
2019-07-01,Calibrated RBF SVM,3,1,0.5488769012637601,1
2019-07-02,Calibrated RBF SVM,3,1,0.5343631412685392,1
2019-07-03,Calibrated RBF SVM,3,0,0.5410697692761891,1
2019-07-05,Calibrated RBF SVM,3,0,0.4854175974588863,0
2019-07-08,Calibrated RBF SVM,3,1,0.5354091307789234,1
2019-07-09,Calibrated RBF SVM,3,1,0.5241528204780078,1
2019-07-10,Calibrated RBF SVM,3,1,0.547247510220324,1
2019-07-11,Calibrated RBF SVM,3,1,0.5347195772566667,1
2019-07-12,Calibrated RBF SVM,3,1,0.5041490139334516,1
2019-07-15,Calibrated RBF SVM,3,0,0.4827198753520083,0
2019-07-16,Calibrated RBF SVM,3,0,0.5230707868315001,1
2019-07-17,Calibrated RBF SVM,3,1,0.5312163582719421,1
2019-07-18,Calibrated RBF SVM,3,0,0.5213849273813631,1
2019-07-19,Calibrated RBF SVM,3,1,0.5380617731047777,1
2019-07-22,Calibrated RBF SVM,3,1,0.5673872823928253,1
2019-07-23,Calibrated RBF SVM,3,1,0.5386024737489755,1
2019-07-24,Calibrated RBF SVM,3,0,0.5626887510653147,1
2019-07-25,Calibrated RBF SVM,3,1,0.5623312261117743,1
2019-07-26,Calibrated RBF SVM,3,0,0.5333951139461949,1
2019-07-29,Calibrated RBF SVM,3,0,0.5326723071927556,1
2019-07-30,Calibrated RBF SVM,3,0,0.5625502671405515,1
2019-07-31,Calibrated RBF SVM,3,0,0.5686848408455297,1
2019-08-01,Calibrated RBF SVM,3,0,0.5448507272049651,1
2019-08-02,Calibrated RBF SVM,3,0,0.5678819599760834,1
2019-08-05,Calibrated RBF SVM,3,1,0.5197392517914248,1
2019-08-06,Calibrated RBF SVM,3,1,0.5232725986156962,1
2019-08-07,Calibrated RBF SVM,3,1,0.5378903763932578,1
2019-08-08,Calibrated RBF SVM,3,0,0.5375729133759611,1
2019-08-09,Calibrated RBF SVM,3,0,0.5705003859814685,1
2019-08-12,Calibrated RBF SVM,3,1,0.5463744481507854,1
2019-08-13,Calibrated RBF SVM,3,0,0.5206328006040549,1
2019-08-14,Calibrated RBF SVM,3,1,0.5398538925465632,1
2019-08-15,Calibrated RBF SVM,3,1,0.5367372690754836,1
2019-08-16,Calibrated RBF SVM,3,1,0.5440968014077062,1
2019-08-19,Calibrated RBF SVM,3,0,0.5356094986846315,1
2019-08-20,Calibrated RBF SVM,3,1,0.5385830840876863,1
2019-08-21,Calibrated RBF SVM,3,0,0.5784135423007072,1
2019-08-22,Calibrated RBF SVM,3,0,0.5495802810511686,1
2019-08-23,Calibrated RBF SVM,3,1,0.5405584635314282,1
2019-08-26,Calibrated RBF SVM,3,0,0.5377008399816503,1
2019-08-27,Calibrated RBF SVM,3,1,0.5335819781865695,1
2019-08-28,Calibrated RBF SVM,3,1,0.5261518512188591,1
2019-08-29,Calibrated RBF SVM,3,0,0.5212748667865376,1
2019-08-30,Calibrated RBF SVM,3,0,0.545288189856631,1
2019-09-03,Calibrated RBF SVM,3,1,0.5468874804486067,1
2019-09-04,Calibrated RBF SVM,3,1,0.5695471998577102,1
2019-09-05,Calibrated RBF SVM,3,1,0.5554036830781115,1
2019-09-06,Calibrated RBF SVM,3,1,0.549130278834992,1
2019-09-09,Calibrated RBF SVM,3,0,0.5178687589469159,1
2019-09-10,Calibrated RBF SVM,3,1,0.5703160566882919,1
2019-09-11,Calibrated RBF SVM,3,1,0.5619450191456961,1
2019-09-12,Calibrated RBF SVM,3,0,0.5591460798561442,1
2019-09-13,Calibrated RBF SVM,3,0,0.537231945408637,1
2019-09-16,Calibrated RBF SVM,3,1,0.5575799190339312,1
2019-09-17,Calibrated RBF SVM,3,1,0.5486937761263483,1
2019-09-18,Calibrated RBF SVM,3,0,0.545020023944264,1
2019-09-19,Calibrated RBF SVM,3,0,0.5342774629085619,1
2019-09-20,Calibrated RBF SVM,3,0,0.5544587595796856,1
2019-09-23,Calibrated RBF SVM,3,0,0.5486580899449011,1
2019-09-24,Calibrated RBF SVM,3,1,0.5354314300695447,1
2019-09-25,Calibrated RBF SVM,3,0,0.5287199556662648,1
2019-09-26,Calibrated RBF SVM,3,0,0.5331418278694847,1
2019-09-27,Calibrated RBF SVM,3,1,0.5256424142382642,1
2019-09-30,Calibrated RBF SVM,3,0,0.5410127976256934,1
2019-10-01,Calibrated RBF SVM,3,0,0.5008266502318658,1
2019-10-02,Calibrated RBF SVM,3,1,0.5734399750496216,1
2019-10-03,Calibrated RBF SVM,3,1,0.5510067979218909,1
2019-10-04,Calibrated RBF SVM,3,0,0.505175262169714,1
2019-10-07,Calibrated RBF SVM,3,0,0.4969068036613118,0
2019-10-08,Calibrated RBF SVM,3,1,0.5493806807078947,1
2019-10-09,Calibrated RBF SVM,3,1,0.5772265933663804,1
2019-10-10,Calibrated RBF SVM,3,1,0.5305441044905486,1
2019-10-11,Calibrated RBF SVM,3,0,0.504320622490854,1
2019-10-14,Calibrated RBF SVM,3,1,0.50376609803573,1
2019-10-15,Calibrated RBF SVM,3,0,0.5165828152242958,1
2019-10-16,Calibrated RBF SVM,3,1,0.5071942017912918,1
2019-10-17,Calibrated RBF SVM,3,0,0.514652674225225,1
2019-10-18,Calibrated RBF SVM,3,1,0.5414085530015833,1
2019-10-21,Calibrated RBF SVM,3,0,0.539856911348508,1
2019-10-22,Calibrated RBF SVM,3,1,0.5293593877187861,1
2019-10-23,Calibrated RBF SVM,3,1,0.534335745353332,1
2019-10-24,Calibrated RBF SVM,3,1,0.4999558995402104,0
2019-10-25,Calibrated RBF SVM,3,1,0.5379173698065524,1
2019-10-28,Calibrated RBF SVM,3,0,0.534512666376087,1
2019-10-29,Calibrated RBF SVM,3,1,0.5383802544327,1
2019-10-30,Calibrated RBF SVM,3,0,0.5219301948036082,1
2019-10-31,Calibrated RBF SVM,3,1,0.5296162572255085,1
2019-11-01,Calibrated RBF SVM,3,1,0.4968515653571344,0
2019-11-04,Calibrated RBF SVM,3,0,0.5235370275792581,1
2019-11-05,Calibrated RBF SVM,3,1,0.5272313964290691,1
2019-11-06,Calibrated RBF SVM,3,1,0.5338685565876363,1
2019-11-07,Calibrated RBF SVM,3,1,0.5408307789382908,1
2019-11-08,Calibrated RBF SVM,3,0,0.5220228507880695,1
2019-11-11,Calibrated RBF SVM,3,1,0.5383161382641322,1
2019-11-12,Calibrated RBF SVM,3,1,0.5436425159120607,1
2019-11-13,Calibrated RBF SVM,3,1,0.5325038911400792,1
2019-11-14,Calibrated RBF SVM,3,1,0.5272276801786333,1
2019-11-15,Calibrated RBF SVM,3,1,0.5090306764278506,1
2019-11-18,Calibrated RBF SVM,3,0,0.5118221340805683,1
2019-11-19,Calibrated RBF SVM,3,0,0.5583717585787223,1
2019-11-20,Calibrated RBF SVM,3,0,0.5579351334206265,1
2019-11-21,Calibrated RBF SVM,3,1,0.5278618046967628,1
2019-11-22,Calibrated RBF SVM,3,1,0.5281114086299334,1
2019-11-25,Calibrated RBF SVM,3,1,0.5029185377190762,1
2019-11-26,Calibrated RBF SVM,3,1,0.5167308978784614,1
2019-11-27,Calibrated RBF SVM,3,0,0.5135140714510937,1
2019-11-29,Calibrated RBF SVM,3,0,0.5071179455426181,1
2019-12-02,Calibrated RBF SVM,3,0,0.5414220309021772,1
2019-12-03,Calibrated RBF SVM,3,1,0.5378302116150767,1
2019-12-04,Calibrated RBF SVM,3,1,0.5377196937447795,1
2019-12-05,Calibrated RBF SVM,3,1,0.5212131983190044,1
2019-12-06,Calibrated RBF SVM,3,0,0.5053825408668405,1
2019-12-09,Calibrated RBF SVM,3,0,0.5122245065450698,1
2019-12-10,Calibrated RBF SVM,3,1,0.5550195982533962,1
2019-12-11,Calibrated RBF SVM,3,1,0.5155119509685205,1
2019-12-12,Calibrated RBF SVM,3,1,0.5024764111918533,1
2019-12-13,Calibrated RBF SVM,3,1,0.5395488160621985,1
2019-12-16,Calibrated RBF SVM,3,1,0.5114291982472913,1
2019-12-17,Calibrated RBF SVM,3,1,0.5441254697038799,1
2019-12-18,Calibrated RBF SVM,3,1,0.5140015146446192,1
2019-12-19,Calibrated RBF SVM,3,1,0.5173603345899273,1
2019-12-20,Calibrated RBF SVM,3,1,0.5111522459883758,1
2019-12-23,Calibrated RBF SVM,3,1,0.5677251013598504,1
2019-12-24,Calibrated RBF SVM,3,1,0.5400422764939835,1
2019-12-26,Calibrated RBF SVM,3,0,0.4675244858386156,0
2019-12-27,Calibrated RBF SVM,3,0,0.5034666178166262,1
2019-12-30,Calibrated RBF SVM,3,1,0.5506198032832578,1
2019-12-31,Calibrated RBF SVM,3,1,0.5240055749583125,1
2020-01-02,Calibrated RBF SVM,3,0,0.5050358100013757,1
2020-01-03,Calibrated RBF SVM,3,1,0.5547902536203487,1
2020-01-06,Calibrated RBF SVM,3,0,0.5511013612867033,1
2020-01-07,Calibrated RBF SVM,3,1,0.5345556756209516,1
2020-01-08,Calibrated RBF SVM,3,1,0.5397769441497382,1
2020-01-09,Calibrated RBF SVM,4,0,0.5426684451776672,1
2020-01-10,Calibrated RBF SVM,4,1,0.5405490438670493,1
2020-01-13,Calibrated RBF SVM,4,0,0.5433916888460748,1
2020-01-14,Calibrated RBF SVM,4,1,0.5523568329068325,1
2020-01-15,Calibrated RBF SVM,4,1,0.5494129745746085,1
2020-01-16,Calibrated RBF SVM,4,1,0.5321036981892487,1
2020-01-17,Calibrated RBF SVM,4,0,0.5495591377623243,1
2020-01-21,Calibrated RBF SVM,4,1,0.5644603249744721,1
2020-01-22,Calibrated RBF SVM,4,1,0.5521804996873501,1
2020-01-23,Calibrated RBF SVM,4,0,0.5456843642555772,1
2020-01-24,Calibrated RBF SVM,4,0,0.562115627428461,1
2020-01-27,Calibrated RBF SVM,4,1,0.562965713048115,1
2020-01-28,Calibrated RBF SVM,4,0,0.5604235385714755,1
2020-01-29,Calibrated RBF SVM,4,1,0.5431997685798705,1
2020-01-30,Calibrated RBF SVM,4,0,0.5403722135060555,1
2020-01-31,Calibrated RBF SVM,4,1,0.5591027978174664,1
2020-02-03,Calibrated RBF SVM,4,1,0.5472107159697805,1
2020-02-04,Calibrated RBF SVM,4,1,0.5477240816014108,1
2020-02-05,Calibrated RBF SVM,4,1,0.5608568019819136,1
2020-02-06,Calibrated RBF SVM,4,0,0.5593837871059789,1
2020-02-07,Calibrated RBF SVM,4,1,0.5548640954096586,1
2020-02-10,Calibrated RBF SVM,4,1,0.5621299510983971,1
2020-02-11,Calibrated RBF SVM,4,1,0.5592017032201233,1
2020-02-12,Calibrated RBF SVM,4,0,0.5536884545203262,1
2020-02-13,Calibrated RBF SVM,4,1,0.5518970361784125,1
2020-02-14,Calibrated RBF SVM,4,0,0.5499584380098335,1
2020-02-18,Calibrated RBF SVM,4,1,0.5495909437025378,1
2020-02-19,Calibrated RBF SVM,4,0,0.5378786622197466,1
2020-02-20,Calibrated RBF SVM,4,0,0.5307376311741298,1
2020-02-21,Calibrated RBF SVM,4,0,0.5628869480974137,1
2020-02-24,Calibrated RBF SVM,4,0,0.5515765554391504,1
2020-02-25,Calibrated RBF SVM,4,0,0.551657404030673,1
2020-02-26,Calibrated RBF SVM,4,0,0.5540484644641316,1
2020-02-27,Calibrated RBF SVM,4,0,0.552328446570066,1
2020-02-28,Calibrated RBF SVM,4,1,0.5523915124698163,1
2020-03-02,Calibrated RBF SVM,4,0,0.5536635390370152,1
2020-03-03,Calibrated RBF SVM,4,1,0.5527725567006279,1
2020-03-04,Calibrated RBF SVM,4,0,0.5520152112643245,1
2020-03-05,Calibrated RBF SVM,4,0,0.5535584608722631,1
2020-03-06,Calibrated RBF SVM,4,0,0.5532303813569376,1
2020-03-09,Calibrated RBF SVM,4,1,0.5524951665011811,1
2020-03-10,Calibrated RBF SVM,4,0,0.5525124853754766,1
2020-03-11,Calibrated RBF SVM,4,0,0.5524975827346894,1
2020-03-12,Calibrated RBF SVM,4,1,0.5524954079952382,1
2020-03-13,Calibrated RBF SVM,4,0,0.5524954080533044,1
2020-03-16,Calibrated RBF SVM,4,1,0.5524954080418918,1
2020-03-17,Calibrated RBF SVM,4,0,0.5524954080419034,1
2020-03-18,Calibrated RBF SVM,4,1,0.5524954080418918,1
2020-03-19,Calibrated RBF SVM,4,0,0.552495408041893,1
2020-03-20,Calibrated RBF SVM,4,0,0.5524954080419233,1
2020-03-23,Calibrated RBF SVM,4,1,0.5524954080419454,1
2020-03-24,Calibrated RBF SVM,4,1,0.5524954080451928,1
2020-03-25,Calibrated RBF SVM,4,1,0.5524954080418805,1
2020-03-26,Calibrated RBF SVM,4,0,0.5524954080388269,1
2020-03-27,Calibrated RBF SVM,4,1,0.5524954080419362,1
2020-03-30,Calibrated RBF SVM,4,0,0.5524954075632291,1
2020-03-31,Calibrated RBF SVM,4,0,0.552495393358632,1
2020-04-01,Calibrated RBF SVM,4,1,0.5524954080543453,1
2020-04-02,Calibrated RBF SVM,4,0,0.5524955824409471,1
2020-04-03,Calibrated RBF SVM,4,1,0.5524954595921269,1
2020-04-06,Calibrated RBF SVM,4,1,0.552495408081339,1
2020-04-07,Calibrated RBF SVM,4,1,0.5524954284395464,1
2020-04-08,Calibrated RBF SVM,4,1,0.5524953344506237,1
2020-04-09,Calibrated RBF SVM,4,0,0.5524953589132795,1
2020-04-13,Calibrated RBF SVM,4,1,0.5524957029585417,1
2020-04-14,Calibrated RBF SVM,4,0,0.5524954001888851,1
2020-04-15,Calibrated RBF SVM,4,1,0.5524951570710465,1
2020-04-16,Calibrated RBF SVM,4,1,0.5524849661947945,1
2020-04-17,Calibrated RBF SVM,4,0,0.5524818661481515,1
2020-04-20,Calibrated RBF SVM,4,0,0.5524725117268735,1
2020-04-21,Calibrated RBF SVM,4,1,0.5524742727130132,1
2020-04-22,Calibrated RBF SVM,4,0,0.5524960916824567,1
2020-04-23,Calibrated RBF SVM,4,1,0.5522611880540644,1
2020-04-24,Calibrated RBF SVM,4,1,0.5525538557007127,1
2020-04-27,Calibrated RBF SVM,4,0,0.5515191749576565,1
2020-04-28,Calibrated RBF SVM,4,1,0.5523420528333297,1
2020-04-29,Calibrated RBF SVM,4,0,0.5521039956185992,1
2020-04-30,Calibrated RBF SVM,4,0,0.5513414779659869,1
2020-05-01,Calibrated RBF SVM,4,1,0.55274061859302,1
2020-05-04,Calibrated RBF SVM,4,1,0.5519990528410127,1
2020-05-05,Calibrated RBF SVM,4,0,0.5519703789926238,1
2020-05-06,Calibrated RBF SVM,4,1,0.5518230356487586,1
2020-05-07,Calibrated RBF SVM,4,1,0.552058850827271,1
2020-05-08,Calibrated RBF SVM,4,1,0.5520265320997866,1
2020-05-11,Calibrated RBF SVM,4,0,0.5502430723959931,1
2020-05-12,Calibrated RBF SVM,4,0,0.5533609631696308,1
2020-05-13,Calibrated RBF SVM,4,1,0.5541208966293399,1
2020-05-14,Calibrated RBF SVM,4,1,0.5527668288625974,1
2020-05-15,Calibrated RBF SVM,4,1,0.5533764463749827,1
2020-05-18,Calibrated RBF SVM,4,0,0.5511262826980284,1
2020-05-19,Calibrated RBF SVM,4,1,0.5513387158749858,1
2020-05-20,Calibrated RBF SVM,4,0,0.5520491343679836,1
2020-05-21,Calibrated RBF SVM,4,1,0.5523116465128488,1
2020-05-22,Calibrated RBF SVM,4,1,0.5532774524783345,1
2020-05-26,Calibrated RBF SVM,4,1,0.5536592969051338,1
2020-05-27,Calibrated RBF SVM,4,0,0.5501142375934359,1
2020-05-28,Calibrated RBF SVM,4,1,0.5497401101798841,1
2020-05-29,Calibrated RBF SVM,4,1,0.5499453067739669,1
2020-06-01,Calibrated RBF SVM,4,1,0.5490270396145739,1
2020-06-02,Calibrated RBF SVM,4,1,0.5505899880158672,1
2020-06-03,Calibrated RBF SVM,4,0,0.5479113180211493,1
2020-06-04,Calibrated RBF SVM,4,1,0.5458365858763748,1
2020-06-05,Calibrated RBF SVM,4,1,0.5512850771009953,1
2020-06-08,Calibrated RBF SVM,4,0,0.5534344030871862,1
2020-06-09,Calibrated RBF SVM,4,0,0.5493110186712106,1
2020-06-10,Calibrated RBF SVM,4,0,0.5493603907725876,1
2020-06-11,Calibrated RBF SVM,4,1,0.5524978355433414,1
2020-06-12,Calibrated RBF SVM,4,1,0.552526290367278,1
2020-06-15,Calibrated RBF SVM,4,1,0.5525997304405754,1
2020-06-16,Calibrated RBF SVM,4,0,0.5525166947301753,1
2020-06-17,Calibrated RBF SVM,4,1,0.5544890122816811,1
2020-06-18,Calibrated RBF SVM,4,0,0.5529023661518003,1
2020-06-19,Calibrated RBF SVM,4,1,0.5534903194440961,1
2020-06-22,Calibrated RBF SVM,4,1,0.5536322898958311,1
2020-06-23,Calibrated RBF SVM,4,0,0.556176656752278,1
2020-06-24,Calibrated RBF SVM,4,1,0.5535903066754791,1
2020-06-25,Calibrated RBF SVM,4,0,0.5523732088706589,1
2020-06-26,Calibrated RBF SVM,4,1,0.5548054521258959,1
2020-06-29,Calibrated RBF SVM,4,1,0.5522901866017421,1
2020-06-30,Calibrated RBF SVM,4,1,0.5568990380387572,1
2020-07-01,Calibrated RBF SVM,4,1,0.5480294861662406,1
2020-07-02,Calibrated RBF SVM,4,1,0.5502364154165964,1
2020-07-06,Calibrated RBF SVM,4,0,0.5561398363650842,1
2020-07-07,Calibrated RBF SVM,4,1,0.5570693238172897,1
2020-07-08,Calibrated RBF SVM,4,0,0.5430560239669348,1
2020-07-09,Calibrated RBF SVM,4,1,0.553919952155677,1
2020-07-10,Calibrated RBF SVM,4,0,0.5433323404549055,1
2020-07-13,Calibrated RBF SVM,4,1,0.5529798581452012,1
2020-07-14,Calibrated RBF SVM,4,1,0.547008398945835,1
2020-07-15,Calibrated RBF SVM,4,0,0.556466899105453,1
2020-07-16,Calibrated RBF SVM,4,1,0.5389755917602482,1
2020-07-17,Calibrated RBF SVM,4,1,0.5467935915155003,1
2020-07-20,Calibrated RBF SVM,4,1,0.5448195948456211,1
2020-07-21,Calibrated RBF SVM,4,1,0.5504439544307631,1
2020-07-22,Calibrated RBF SVM,4,0,0.5428024935003871,1
2020-07-23,Calibrated RBF SVM,4,0,0.5397608248101132,1
2020-07-24,Calibrated RBF SVM,4,1,0.543447269391698,1
2020-07-27,Calibrated RBF SVM,4,0,0.550931097889534,1
2020-07-28,Calibrated RBF SVM,4,1,0.5551420311151837,1
2020-07-29,Calibrated RBF SVM,4,0,0.5472522367408579,1
2020-07-30,Calibrated RBF SVM,4,1,0.553736938869443,1
2020-07-31,Calibrated RBF SVM,4,1,0.5539871370789732,1
2020-08-03,Calibrated RBF SVM,4,1,0.5627986446748595,1
2020-08-04,Calibrated RBF SVM,4,1,0.5385948787324946,1
2020-08-05,Calibrated RBF SVM,4,1,0.5461498385864677,1
2020-08-06,Calibrated RBF SVM,4,1,0.541571764368611,1
2020-08-07,Calibrated RBF SVM,4,1,0.5489603516655097,1
2020-08-10,Calibrated RBF SVM,4,0,0.5434345449657281,1
2020-08-11,Calibrated RBF SVM,4,1,0.5554689289309964,1
2020-08-12,Calibrated RBF SVM,4,0,0.5394476746561061,1
2020-08-13,Calibrated RBF SVM,4,1,0.5509258650574377,1
2020-08-14,Calibrated RBF SVM,4,1,0.5350247469992624,1
2020-08-17,Calibrated RBF SVM,4,1,0.5568859458389023,1
2020-08-18,Calibrated RBF SVM,4,0,0.5416182914073532,1
2020-08-19,Calibrated RBF SVM,4,1,0.5496607390036214,1
2020-08-20,Calibrated RBF SVM,4,1,0.5383864663844641,1
2020-08-21,Calibrated RBF SVM,4,1,0.5383998687676741,1
2020-08-24,Calibrated RBF SVM,4,1,0.551604299454227,1
2020-08-25,Calibrated RBF SVM,4,1,0.5460627084638333,1
2020-08-26,Calibrated RBF SVM,4,1,0.545687481576303,1
2020-08-27,Calibrated RBF SVM,4,1,0.548785803481291,1
2020-08-28,Calibrated RBF SVM,4,0,0.5434732885153091,1
2020-08-31,Calibrated RBF SVM,4,1,0.5499007514598196,1
2020-09-01,Calibrated RBF SVM,4,1,0.5425796849728671,1
2020-09-02,Calibrated RBF SVM,4,0,0.5462509355368708,1
2020-09-03,Calibrated RBF SVM,4,0,0.5528505923759883,1
2020-09-04,Calibrated RBF SVM,4,0,0.5540403658748771,1
2020-09-08,Calibrated RBF SVM,4,1,0.5520242835795347,1
2020-09-09,Calibrated RBF SVM,4,0,0.5516481924968625,1
2020-09-10,Calibrated RBF SVM,4,1,0.5512661257985957,1
2020-09-11,Calibrated RBF SVM,4,1,0.5495760112960374,1
2020-09-14,Calibrated RBF SVM,4,1,0.5555354811194602,1
2020-09-15,Calibrated RBF SVM,4,0,0.5543023182216332,1
2020-09-16,Calibrated RBF SVM,4,0,0.549747745636806,1
2020-09-17,Calibrated RBF SVM,4,0,0.546104980058438,1
2020-09-18,Calibrated RBF SVM,4,0,0.5603387244739433,1
2020-09-21,Calibrated RBF SVM,4,1,0.5564685659515421,1
2020-09-22,Calibrated RBF SVM,4,0,0.5571256996493826,1
2020-09-23,Calibrated RBF SVM,4,1,0.5590010343351421,1
2020-09-24,Calibrated RBF SVM,4,1,0.5560724176993049,1
2020-09-25,Calibrated RBF SVM,4,1,0.5507788956456312,1
2020-09-28,Calibrated RBF SVM,4,0,0.5586690295414772,1
2020-09-29,Calibrated RBF SVM,4,1,0.5515403930424417,1
2020-09-30,Calibrated RBF SVM,4,1,0.5504672666757079,1
2020-10-01,Calibrated RBF SVM,4,0,0.5456290281510544,1
2020-10-02,Calibrated RBF SVM,4,1,0.5445816310646198,1
2020-10-05,Calibrated RBF SVM,4,0,0.5454824547927813,1
2020-10-06,Calibrated RBF SVM,4,1,0.5355486372803954,1
2020-10-07,Calibrated RBF SVM,4,1,0.549890527706684,1
2020-10-08,Calibrated RBF SVM,4,1,0.5512412132527786,1
2020-10-09,Calibrated RBF SVM,4,1,0.5485198967761495,1
2020-10-12,Calibrated RBF SVM,4,0,0.551913273704176,1
2020-10-13,Calibrated RBF SVM,4,0,0.5556952807566651,1
2020-10-14,Calibrated RBF SVM,4,0,0.5381590396620758,1
2020-10-15,Calibrated RBF SVM,4,0,0.5406130709530164,1
2020-10-16,Calibrated RBF SVM,4,0,0.549178316946314,1
2020-10-19,Calibrated RBF SVM,4,1,0.5509504101328436,1
2020-10-20,Calibrated RBF SVM,4,0,0.5592595774532754,1
2020-10-21,Calibrated RBF SVM,4,1,0.5474762278857629,1
2020-10-22,Calibrated RBF SVM,4,1,0.5482953108018813,1
2020-10-23,Calibrated RBF SVM,4,0,0.5577327789243705,1
2020-10-26,Calibrated RBF SVM,4,0,0.5559298935951945,1
2020-10-27,Calibrated RBF SVM,4,0,0.5664022766247127,1
2020-10-28,Calibrated RBF SVM,4,1,0.5502338359128774,1
2020-10-29,Calibrated RBF SVM,4,0,0.5487751557212736,1
2020-10-30,Calibrated RBF SVM,4,1,0.5582851671419083,1
2020-11-02,Calibrated RBF SVM,4,1,0.5515817005293484,1
2020-11-03,Calibrated RBF SVM,4,1,0.5513941686459821,1
2020-11-04,Calibrated RBF SVM,4,1,0.5529145371012755,1
2020-11-05,Calibrated RBF SVM,4,0,0.5563147464570769,1
2020-11-06,Calibrated RBF SVM,4,1,0.5632404874264982,1
2020-11-09,Calibrated RBF SVM,4,0,0.5517429909559604,1
2020-11-10,Calibrated RBF SVM,4,1,0.5605225559204993,1
2020-11-11,Calibrated RBF SVM,4,0,0.5521024856288884,1
2020-11-12,Calibrated RBF SVM,4,1,0.5453741718822607,1
2020-11-13,Calibrated RBF SVM,4,1,0.5435279565669581,1
2020-11-16,Calibrated RBF SVM,4,0,0.5604950694717264,1
2020-11-17,Calibrated RBF SVM,4,0,0.546392263258929,1
2020-11-18,Calibrated RBF SVM,4,1,0.5418134735581089,1
2020-11-19,Calibrated RBF SVM,4,0,0.5408644520258171,1
2020-11-20,Calibrated RBF SVM,4,1,0.5647731586006275,1
2020-11-23,Calibrated RBF SVM,4,1,0.544814707423767,1
2020-11-24,Calibrated RBF SVM,4,0,0.5540119266479361,1
2020-11-25,Calibrated RBF SVM,4,1,0.5425455395349247,1
2020-11-27,Calibrated RBF SVM,4,0,0.558314424518262,1
2020-11-30,Calibrated RBF SVM,4,1,0.5366699939499869,1
2020-12-01,Calibrated RBF SVM,4,1,0.5446384233197975,1
2020-12-02,Calibrated RBF SVM,4,0,0.563450504267374,1
2020-12-03,Calibrated RBF SVM,4,1,0.5539110031790849,1
2020-12-04,Calibrated RBF SVM,4,0,0.547707789179867,1
2020-12-07,Calibrated RBF SVM,4,1,0.5424759246083503,1
2020-12-08,Calibrated RBF SVM,4,0,0.5593919426167945,1
2020-12-09,Calibrated RBF SVM,4,0,0.5293727082495073,1
2020-12-10,Calibrated RBF SVM,4,0,0.5291771825436605,1
2020-12-11,Calibrated RBF SVM,4,0,0.5293811828187918,1
2020-12-14,Calibrated RBF SVM,4,1,0.5555707532340137,1
2020-12-15,Calibrated RBF SVM,4,1,0.5492687331730012,1
2020-12-16,Calibrated RBF SVM,4,1,0.5268818761405788,1
2020-12-17,Calibrated RBF SVM,4,0,0.5267615832696585,1
2020-12-18,Calibrated RBF SVM,4,0,0.5398100702935106,1
2020-12-21,Calibrated RBF SVM,4,0,0.5533635099457315,1
2020-12-22,Calibrated RBF SVM,4,1,0.5702477383552146,1
2020-12-23,Calibrated RBF SVM,4,1,0.5537249850300074,1
2020-12-24,Calibrated RBF SVM,4,1,0.5418519878033812,1
2020-12-28,Calibrated RBF SVM,4,0,0.5381321202875037,1
2020-12-29,Calibrated RBF SVM,4,1,0.5384475266415109,1
2020-12-30,Calibrated RBF SVM,4,1,0.5447002840237151,1
2020-12-31,Calibrated RBF SVM,4,0,0.5188569220371776,1
2021-01-04,Calibrated RBF SVM,4,1,0.5552452390640158,1
2021-01-05,Calibrated RBF SVM,4,1,0.5423990505599064,1
2021-01-06,Calibrated RBF SVM,5,1,0.5335670637012457,1
2021-01-07,Calibrated RBF SVM,5,1,0.540162154711159,1
2021-01-08,Calibrated RBF SVM,5,0,0.5726725493842278,1
2021-01-11,Calibrated RBF SVM,5,1,0.5420963563999144,1
2021-01-12,Calibrated RBF SVM,5,1,0.5287514543440969,1
2021-01-13,Calibrated RBF SVM,5,0,0.5282686011998727,1
2021-01-14,Calibrated RBF SVM,5,0,0.5479553342832015,1
2021-01-15,Calibrated RBF SVM,5,1,0.5311568975974962,1
2021-01-19,Calibrated RBF SVM,5,1,0.5539445080261008,1
2021-01-20,Calibrated RBF SVM,5,1,0.5215113152516261,1
2021-01-21,Calibrated RBF SVM,5,0,0.5424843815821452,1
2021-01-22,Calibrated RBF SVM,5,1,0.5336809558871941,1
2021-01-25,Calibrated RBF SVM,5,0,0.5352026949180472,1
2021-01-26,Calibrated RBF SVM,5,0,0.56188755851863,1
2021-01-27,Calibrated RBF SVM,5,1,0.5650815101257733,1
2021-01-28,Calibrated RBF SVM,5,0,0.5400339169440448,1
2021-01-29,Calibrated RBF SVM,5,1,0.5513641887646005,1
2021-02-01,Calibrated RBF SVM,5,1,0.5637632513023991,1
2021-02-02,Calibrated RBF SVM,5,1,0.5582587199197772,1
2021-02-03,Calibrated RBF SVM,5,1,0.5537611224341298,1
2021-02-04,Calibrated RBF SVM,5,1,0.5643922340494382,1
2021-02-05,Calibrated RBF SVM,5,1,0.5741195138807728,1
2021-02-08,Calibrated RBF SVM,5,0,0.5836961480447179,1
2021-02-09,Calibrated RBF SVM,5,0,0.552659308034996,1
2021-02-10,Calibrated RBF SVM,5,1,0.5461593776960256,1
2021-02-11,Calibrated RBF SVM,5,1,0.5337228423608655,1
2021-02-12,Calibrated RBF SVM,5,0,0.5528015924057462,1
2021-02-16,Calibrated RBF SVM,5,1,0.5472635980704489,1
2021-02-17,Calibrated RBF SVM,5,0,0.5382330212093688,1
2021-02-18,Calibrated RBF SVM,5,0,0.5423845193910134,1
2021-02-19,Calibrated RBF SVM,5,0,0.5474563772307887,1
2021-02-22,Calibrated RBF SVM,5,1,0.5733694777196282,1
2021-02-23,Calibrated RBF SVM,5,1,0.5309388891613439,1
2021-02-24,Calibrated RBF SVM,5,0,0.5284053563584967,1
2021-02-25,Calibrated RBF SVM,5,0,0.5519979162592467,1
2021-02-26,Calibrated RBF SVM,5,1,0.5696476243521428,1
2021-03-01,Calibrated RBF SVM,5,0,0.55350977313491,1
2021-03-02,Calibrated RBF SVM,5,0,0.5472118169941056,1
2021-03-03,Calibrated RBF SVM,5,0,0.5531743057811632,1
2021-03-04,Calibrated RBF SVM,5,1,0.5683823879796434,1
2021-03-05,Calibrated RBF SVM,5,0,0.5625745288048947,1
2021-03-08,Calibrated RBF SVM,5,1,0.5594403452480917,1
2021-03-09,Calibrated RBF SVM,5,1,0.553440123147538,1
2021-03-10,Calibrated RBF SVM,5,1,0.5643891987658876,1
2021-03-11,Calibrated RBF SVM,5,1,0.5548626077469905,1
2021-03-12,Calibrated RBF SVM,5,1,0.5618148705116041,1
2021-03-15,Calibrated RBF SVM,5,0,0.5715252356816226,1
2021-03-16,Calibrated RBF SVM,5,1,0.5415583670938645,1
2021-03-17,Calibrated RBF SVM,5,0,0.5202008382811091,1
2021-03-18,Calibrated RBF SVM,5,0,0.5365180708429974,1
2021-03-19,Calibrated RBF SVM,5,1,0.5280919169892436,1
2021-03-22,Calibrated RBF SVM,5,0,0.5457716656476354,1
2021-03-23,Calibrated RBF SVM,5,0,0.5508320661334031,1
2021-03-24,Calibrated RBF SVM,5,1,0.5555602261818472,1
2021-03-25,Calibrated RBF SVM,5,1,0.5137775098657307,1
2021-03-26,Calibrated RBF SVM,5,0,0.5328807907764178,1
2021-03-29,Calibrated RBF SVM,5,0,0.5510487539884796,1
2021-03-30,Calibrated RBF SVM,5,1,0.5239643424175341,1
2021-03-31,Calibrated RBF SVM,5,1,0.5099791459224654,1
2021-04-01,Calibrated RBF SVM,5,1,0.5553285062657898,1
2021-04-05,Calibrated RBF SVM,5,0,0.5543713510749302,1
2021-04-06,Calibrated RBF SVM,5,1,0.5470724392476773,1
2021-04-07,Calibrated RBF SVM,5,1,0.523670559581352,1
2021-04-08,Calibrated RBF SVM,5,1,0.5312983547727277,1
2021-04-09,Calibrated RBF SVM,5,1,0.540197419428988,1
2021-04-12,Calibrated RBF SVM,5,1,0.5404491686303117,1
2021-04-13,Calibrated RBF SVM,5,0,0.5240923884744753,1
2021-04-14,Calibrated RBF SVM,5,1,0.5338282896029674,1
2021-04-15,Calibrated RBF SVM,5,1,0.5194563434808065,1
2021-04-16,Calibrated RBF SVM,5,0,0.5348643398830455,1
2021-04-19,Calibrated RBF SVM,5,0,0.5384743554793067,1
2021-04-20,Calibrated RBF SVM,5,1,0.5467045396434213,1
2021-04-21,Calibrated RBF SVM,5,0,0.5212944157079038,1
2021-04-22,Calibrated RBF SVM,5,1,0.5454181269917107,1
2021-04-23,Calibrated RBF SVM,5,1,0.5461003234222908,1
2021-04-26,Calibrated RBF SVM,5,0,0.5403783819695335,1
2021-04-27,Calibrated RBF SVM,5,0,0.5363364683216608,1
2021-04-28,Calibrated RBF SVM,5,1,0.5455530750092885,1
2021-04-29,Calibrated RBF SVM,5,0,0.5499779820728757,1
2021-04-30,Calibrated RBF SVM,5,1,0.5628657877268332,1
2021-05-03,Calibrated RBF SVM,5,0,0.5617104333317747,1
2021-05-04,Calibrated RBF SVM,5,1,0.551438151414502,1
2021-05-05,Calibrated RBF SVM,5,1,0.5436610095615294,1
2021-05-06,Calibrated RBF SVM,5,1,0.5431722581243683,1
2021-05-07,Calibrated RBF SVM,5,0,0.5386312781755813,1
2021-05-10,Calibrated RBF SVM,5,0,0.5540691067947168,1
2021-05-11,Calibrated RBF SVM,5,0,0.5597432039656717,1
2021-05-12,Calibrated RBF SVM,5,1,0.5537119590003188,1
2021-05-13,Calibrated RBF SVM,5,1,0.5372623221399567,1
2021-05-14,Calibrated RBF SVM,5,0,0.5474867697399098,1
2021-05-17,Calibrated RBF SVM,5,0,0.5379992091557481,1
2021-05-18,Calibrated RBF SVM,5,0,0.5333177051283895,1
2021-05-19,Calibrated RBF SVM,5,1,0.5552402097011994,1
2021-05-20,Calibrated RBF SVM,5,0,0.5256930646442562,1
2021-05-21,Calibrated RBF SVM,5,1,0.5545131046312185,1
2021-05-24,Calibrated RBF SVM,5,0,0.5450269326493509,1
2021-05-25,Calibrated RBF SVM,5,1,0.539164919665991,1
2021-05-26,Calibrated RBF SVM,5,1,0.5359392937524673,1
2021-05-27,Calibrated RBF SVM,5,1,0.5383587854298938,1
2021-05-28,Calibrated RBF SVM,5,0,0.5299563912533233,1
2021-06-01,Calibrated RBF SVM,5,1,0.5499590957351107,1
2021-06-02,Calibrated RBF SVM,5,0,0.5166715058773986,1
2021-06-03,Calibrated RBF SVM,5,1,0.5324319827187439,1
2021-06-04,Calibrated RBF SVM,5,0,0.5172331993926126,1
2021-06-07,Calibrated RBF SVM,5,1,0.5422812752232108,1
2021-06-08,Calibrated RBF SVM,5,0,0.5348758188885523,1
2021-06-09,Calibrated RBF SVM,5,1,0.5288561083801644,1
2021-06-10,Calibrated RBF SVM,5,1,0.5371707340436886,1
2021-06-11,Calibrated RBF SVM,5,1,0.5156128793398943,1
2021-06-14,Calibrated RBF SVM,5,0,0.5115178033619577,1
2021-06-15,Calibrated RBF SVM,5,0,0.529033265220611,1
2021-06-16,Calibrated RBF SVM,5,0,0.5492682195103357,1
2021-06-17,Calibrated RBF SVM,5,0,0.5335241111285761,1
2021-06-18,Calibrated RBF SVM,5,1,0.5709811880685828,1
2021-06-21,Calibrated RBF SVM,5,1,0.5591422303783621,1
2021-06-22,Calibrated RBF SVM,5,0,0.5572301950927714,1
2021-06-23,Calibrated RBF SVM,5,1,0.5264777440434143,1
2021-06-24,Calibrated RBF SVM,5,1,0.5293668002151883,1
2021-06-25,Calibrated RBF SVM,5,1,0.5297858580025179,1
2021-06-28,Calibrated RBF SVM,5,1,0.5416684532819351,1
2021-06-29,Calibrated RBF SVM,5,1,0.5248184271613815,1
2021-06-30,Calibrated RBF SVM,5,1,0.538961927535445,1
2021-07-01,Calibrated RBF SVM,5,1,0.5265646982136168,1
2021-07-02,Calibrated RBF SVM,5,0,0.5446717736769638,1
2021-07-06,Calibrated RBF SVM,5,1,0.5620213536516637,1
2021-07-07,Calibrated RBF SVM,5,0,0.5286695840876192,1
2021-07-08,Calibrated RBF SVM,5,1,0.5529656188851311,1
2021-07-09,Calibrated RBF SVM,5,1,0.5174383796748844,1
2021-07-12,Calibrated RBF SVM,5,0,0.5446536207369007,1
2021-07-13,Calibrated RBF SVM,5,1,0.5486961620869982,1
2021-07-14,Calibrated RBF SVM,5,0,0.5316738520965673,1
2021-07-15,Calibrated RBF SVM,5,0,0.5299353988240177,1
2021-07-16,Calibrated RBF SVM,5,0,0.544733951210553,1
2021-07-19,Calibrated RBF SVM,5,1,0.5673145678296779,1
2021-07-20,Calibrated RBF SVM,5,1,0.5462038342097618,1
2021-07-21,Calibrated RBF SVM,5,1,0.5450561589775696,1
2021-07-22,Calibrated RBF SVM,5,1,0.5372600020932653,1
2021-07-23,Calibrated RBF SVM,5,1,0.52713986976927,1
2021-07-26,Calibrated RBF SVM,5,0,0.5254623718315322,1
2021-07-27,Calibrated RBF SVM,5,0,0.543272384475587,1
2021-07-28,Calibrated RBF SVM,5,1,0.5176500617561802,1
2021-07-29,Calibrated RBF SVM,5,0,0.5274147462878522,1
2021-07-30,Calibrated RBF SVM,5,0,0.5620217272512967,1
2021-08-02,Calibrated RBF SVM,5,1,0.5504554976739059,1
2021-08-03,Calibrated RBF SVM,5,0,0.5283990010119494,1
2021-08-04,Calibrated RBF SVM,5,1,0.5436570665290698,1
2021-08-05,Calibrated RBF SVM,5,1,0.5358642048372699,1
2021-08-06,Calibrated RBF SVM,5,0,0.5134235857671889,1
2021-08-09,Calibrated RBF SVM,5,1,0.5202397324636707,1
2021-08-10,Calibrated RBF SVM,5,1,0.5361397980493745,1
2021-08-11,Calibrated RBF SVM,5,1,0.5075413958644068,1
2021-08-12,Calibrated RBF SVM,5,1,0.512296390600342,1
2021-08-13,Calibrated RBF SVM,5,1,0.5216610178937228,1
2021-08-16,Calibrated RBF SVM,5,0,0.546500042256806,1
2021-08-17,Calibrated RBF SVM,5,0,0.5518901492352895,1
2021-08-18,Calibrated RBF SVM,5,1,0.5718180399535131,1
2021-08-19,Calibrated RBF SVM,5,1,0.549618409985716,1
2021-08-20,Calibrated RBF SVM,5,1,0.5428909791050108,1
2021-08-23,Calibrated RBF SVM,5,1,0.5654193548130445,1
2021-08-24,Calibrated RBF SVM,5,1,0.5351520545760833,1
2021-08-25,Calibrated RBF SVM,5,0,0.5153463859407253,1
2021-08-26,Calibrated RBF SVM,5,1,0.5260342202999234,1
2021-08-27,Calibrated RBF SVM,5,1,0.5269250230486101,1
2021-08-30,Calibrated RBF SVM,5,0,0.5547895353774702,1
2021-08-31,Calibrated RBF SVM,5,1,0.5399202575974645,1
2021-09-01,Calibrated RBF SVM,5,1,0.5392178166618962,1
2021-09-02,Calibrated RBF SVM,5,0,0.5183972047397307,1
2021-09-03,Calibrated RBF SVM,5,0,0.5307928311364204,1
2021-09-07,Calibrated RBF SVM,5,0,0.5481061067995597,1
2021-09-08,Calibrated RBF SVM,5,0,0.5322130883706341,1
2021-09-09,Calibrated RBF SVM,5,0,0.5540319582732285,1
2021-09-10,Calibrated RBF SVM,5,1,0.5397704724672927,1
2021-09-13,Calibrated RBF SVM,5,0,0.5287611544798435,1
2021-09-14,Calibrated RBF SVM,5,1,0.5411181158325938,1
2021-09-15,Calibrated RBF SVM,5,0,0.5535269058584724,1
2021-09-16,Calibrated RBF SVM,5,0,0.5574618013277393,1
2021-09-17,Calibrated RBF SVM,5,0,0.5250138225164999,1
2021-09-20,Calibrated RBF SVM,5,0,0.5642751248600623,1
2021-09-21,Calibrated RBF SVM,5,1,0.5462675010325703,1
2021-09-22,Calibrated RBF SVM,5,1,0.547421885386907,1
2021-09-23,Calibrated RBF SVM,5,1,0.5359738500160228,1
2021-09-24,Calibrated RBF SVM,5,0,0.5331502254604185,1
2021-09-27,Calibrated RBF SVM,5,0,0.5418723629591573,1
2021-09-28,Calibrated RBF SVM,5,1,0.5697689070105244,1
2021-09-29,Calibrated RBF SVM,5,0,0.5485893028496245,1
2021-09-30,Calibrated RBF SVM,5,1,0.5718442654860303,1
2021-10-01,Calibrated RBF SVM,5,0,0.5548320317862552,1
2021-10-04,Calibrated RBF SVM,5,1,0.5685237567590576,1
2021-10-05,Calibrated RBF SVM,5,1,0.5645768516982731,1
2021-10-06,Calibrated RBF SVM,5,1,0.5454935839442795,1
2021-10-07,Calibrated RBF SVM,5,0,0.5676002825042907,1
2021-10-08,Calibrated RBF SVM,5,0,0.5443017090831402,1
2021-10-11,Calibrated RBF SVM,5,0,0.5523433526715361,1
2021-10-12,Calibrated RBF SVM,5,1,0.5483254403815964,1
2021-10-13,Calibrated RBF SVM,5,1,0.5658311985879766,1
2021-10-14,Calibrated RBF SVM,5,1,0.5485304007405071,1
2021-10-15,Calibrated RBF SVM,5,1,0.5585083941583086,1
2021-10-18,Calibrated RBF SVM,5,1,0.5471157267174237,1
2021-10-19,Calibrated RBF SVM,5,1,0.5548613177875841,1
2021-10-20,Calibrated RBF SVM,5,1,0.5560553448238578,1
2021-10-21,Calibrated RBF SVM,5,0,0.5564096027448826,1
2021-10-22,Calibrated RBF SVM,5,1,0.551496512071092,1
2021-10-25,Calibrated RBF SVM,5,1,0.5500087050773461,1
2021-10-26,Calibrated RBF SVM,5,0,0.5508499569264083,1
2021-10-27,Calibrated RBF SVM,5,1,0.5602456102878915,1
2021-10-28,Calibrated RBF SVM,5,1,0.5550574398829825,1
2021-10-29,Calibrated RBF SVM,5,1,0.5429441133339336,1
2021-11-01,Calibrated RBF SVM,5,1,0.5646941929614738,1
2021-11-02,Calibrated RBF SVM,5,1,0.5376921339328586,1
2021-11-03,Calibrated RBF SVM,5,1,0.5568528297740136,1
2021-11-04,Calibrated RBF SVM,5,1,0.556623510612706,1
2021-11-05,Calibrated RBF SVM,5,1,0.5692646338856729,1
2021-11-08,Calibrated RBF SVM,5,0,0.5458036096530884,1
2021-11-09,Calibrated RBF SVM,5,0,0.5669972916990312,1
2021-11-10,Calibrated RBF SVM,5,1,0.5869740147909582,1
2021-11-11,Calibrated RBF SVM,5,1,0.5533700289189447,1
2021-11-12,Calibrated RBF SVM,5,1,0.5451094066836879,1
2021-11-15,Calibrated RBF SVM,5,1,0.5561871995556182,1
2021-11-16,Calibrated RBF SVM,5,0,0.5612307333807859,1
2021-11-17,Calibrated RBF SVM,5,1,0.545430396566387,1
2021-11-18,Calibrated RBF SVM,5,0,0.5445468686376221,1
2021-11-19,Calibrated RBF SVM,5,0,0.5686361938871021,1
2021-11-22,Calibrated RBF SVM,5,1,0.5639174028428916,1
2021-11-23,Calibrated RBF SVM,5,1,0.5541532606149254,1
2021-11-24,Calibrated RBF SVM,5,0,0.5587586978780638,1
2021-11-26,Calibrated RBF SVM,5,1,0.5642527976516879,1
2021-11-29,Calibrated RBF SVM,5,0,0.538035165951262,1
2021-11-30,Calibrated RBF SVM,5,0,0.5446461729456288,1
2021-12-01,Calibrated RBF SVM,5,1,0.5464021679133365,1
2021-12-02,Calibrated RBF SVM,5,0,0.5470030080327625,1
2021-12-03,Calibrated RBF SVM,5,1,0.5625067686428835,1
2021-12-06,Calibrated RBF SVM,5,1,0.5340449140979663,1
2021-12-07,Calibrated RBF SVM,5,1,0.5524401500332345,1
2021-12-08,Calibrated RBF SVM,5,0,0.5739886931181047,1
2021-12-09,Calibrated RBF SVM,5,1,0.5450768008963175,1
2021-12-10,Calibrated RBF SVM,5,0,0.5409350033010188,1
2021-12-13,Calibrated RBF SVM,5,0,0.5465564110377675,1
2021-12-14,Calibrated RBF SVM,5,1,0.5357356135232867,1
2021-12-15,Calibrated RBF SVM,5,0,0.5004457743418769,1
2021-12-16,Calibrated RBF SVM,5,0,0.5299286662770509,1
2021-12-17,Calibrated RBF SVM,5,0,0.5462422685988148,1
2021-12-20,Calibrated RBF SVM,5,1,0.5493088102355123,1
2021-12-21,Calibrated RBF SVM,5,1,0.5645305590369911,1
2021-12-22,Calibrated RBF SVM,5,1,0.5292896579748246,1
2021-12-23,Calibrated RBF SVM,5,1,0.5356757999729417,1
2021-12-27,Calibrated RBF SVM,5,0,0.5548071916112759,1
2021-12-28,Calibrated RBF SVM,5,1,0.5556782302540445,1
2021-12-29,Calibrated RBF SVM,5,0,0.5572075632315168,1
2021-12-30,Calibrated RBF SVM,5,0,0.5417504815962934,1
2021-12-31,Calibrated RBF SVM,5,1,0.5686028289671813,1
2017-01-17,Random Forest,1,1,0.47878005331653667,0
2017-01-18,Random Forest,1,0,0.3770236682229961,0
2017-01-19,Random Forest,1,1,0.4566412538694235,0
2017-01-20,Random Forest,1,0,0.541158377933609,1
2017-01-23,Random Forest,1,1,0.49307398401437724,0
2017-01-24,Random Forest,1,1,0.4521665521801006,0
2017-01-25,Random Forest,1,0,0.4281505136307771,0
2017-01-26,Random Forest,1,0,0.4027035224409984,0
2017-01-27,Random Forest,1,0,0.462163150348578,0
2017-01-30,Random Forest,1,0,0.5349256028796393,1
2017-01-31,Random Forest,1,1,0.5059408561621381,1
2017-02-01,Random Forest,1,1,0.5554021314309457,1
2017-02-02,Random Forest,1,1,0.5610734591403667,1
2017-02-03,Random Forest,1,0,0.3767950905121244,0
2017-02-06,Random Forest,1,1,0.44733589109020716,0
2017-02-07,Random Forest,1,1,0.3961533281811276,0
2017-02-08,Random Forest,1,1,0.39055294637084936,0
2017-02-09,Random Forest,1,1,0.37166430903066267,0
2017-02-10,Random Forest,1,1,0.4640250345818932,0
2017-02-13,Random Forest,1,1,0.3835386738861043,0
2017-02-14,Random Forest,1,1,0.49029603222222234,0
2017-02-15,Random Forest,1,0,0.490909221586328,0
2017-02-16,Random Forest,1,1,0.5622638541820789,1
2017-02-17,Random Forest,1,1,0.4126714401020721,0
2017-02-21,Random Forest,1,0,0.46423910228342724,0
2017-02-22,Random Forest,1,1,0.45629428897998126,0
2017-02-23,Random Forest,1,1,0.4686008847056716,0
2017-02-24,Random Forest,1,1,0.44501527538392643,0
2017-02-27,Random Forest,1,0,0.37135259880389154,0
2017-02-28,Random Forest,1,1,0.5226026700678125,1
2017-03-01,Random Forest,1,0,0.5151716486140887,1
2017-03-02,Random Forest,1,1,0.44314798693992064,0
2017-03-03,Random Forest,1,0,0.5009392184440987,1
2017-03-06,Random Forest,1,0,0.5082118598124998,1
2017-03-07,Random Forest,1,0,0.5536585888100108,1
2017-03-08,Random Forest,1,1,0.584317885087655,1
2017-03-09,Random Forest,1,1,0.5909443929437174,1
2017-03-10,Random Forest,1,1,0.5502079294814733,1
2017-03-13,Random Forest,1,0,0.4730083799073003,0
2017-03-14,Random Forest,1,1,0.5172775803132927,1
2017-03-15,Random Forest,1,0,0.48095481506880344,0
2017-03-16,Random Forest,1,0,0.4901634206270502,0
2017-03-17,Random Forest,1,0,0.4420049312450809,0
2017-03-20,Random Forest,1,0,0.5215762965626034,1
2017-03-21,Random Forest,1,1,0.5718815256395834,1
2017-03-22,Random Forest,1,0,0.5462244861366827,1
2017-03-23,Random Forest,1,0,0.5950044076031908,1
2017-03-24,Random Forest,1,0,0.6007350698289914,1
2017-03-27,Random Forest,1,1,0.5251480313986225,1
2017-03-28,Random Forest,1,1,0.5239956951293975,1
2017-03-29,Random Forest,1,1,0.4761487772521998,0
2017-03-30,Random Forest,1,0,0.42982274681279686,0
2017-03-31,Random Forest,1,0,0.4931812232094156,0
2017-04-03,Random Forest,1,1,0.5731705750961091,1
2017-04-04,Random Forest,1,0,0.49875012759471427,0
2017-04-05,Random Forest,1,1,0.5204089494372844,1
2017-04-06,Random Forest,1,0,0.41426179482901404,0
2017-04-07,Random Forest,1,1,0.5367988130242372,1
2017-04-10,Random Forest,1,0,0.4727005481849233,0
2017-04-11,Random Forest,1,0,0.5202657301529987,1
2017-04-12,Random Forest,1,0,0.5291857351636798,1
2017-04-13,Random Forest,1,1,0.5169684472395136,1
2017-04-17,Random Forest,1,0,0.48987179272939524,0
2017-04-18,Random Forest,1,0,0.6415641483780583,1
2017-04-19,Random Forest,1,1,0.534593571144444,1
2017-04-20,Random Forest,1,0,0.4757523083530923,0
2017-04-21,Random Forest,1,1,0.5827240051105215,1
2017-04-24,Random Forest,1,1,0.4920218751770307,0
2017-04-25,Random Forest,1,0,0.3858569715548322,0
2017-04-26,Random Forest,1,1,0.47288684378490914,0
2017-04-27,Random Forest,1,0,0.4174655756438448,0
2017-04-28,Random Forest,1,1,0.4413158761602397,0
2017-05-01,Random Forest,1,1,0.4834382758034971,0
2017-05-02,Random Forest,1,0,0.38452106697583643,0
2017-05-03,Random Forest,1,1,0.4696651201129481,0
2017-05-04,Random Forest,1,1,0.4369746440321423,0
2017-05-05,Random Forest,1,0,0.3976663183176756,0
2017-05-08,Random Forest,1,0,0.33066416961803163,0
2017-05-09,Random Forest,1,1,0.339814896733232,0
2017-05-10,Random Forest,1,0,0.3850766280675557,0
2017-05-11,Random Forest,1,0,0.45852725361286706,0
2017-05-12,Random Forest,1,1,0.43485817565811924,0
2017-05-15,Random Forest,1,0,0.35634033365269085,0
2017-05-16,Random Forest,1,0,0.417045507183664,0
2017-05-17,Random Forest,1,1,0.45964878347121724,0
2017-05-18,Random Forest,1,1,0.542913007272028,1
2017-05-19,Random Forest,1,1,0.42155968139107997,0
2017-05-22,Random Forest,1,1,0.43301712138495974,0
2017-05-23,Random Forest,1,1,0.39430755012541574,0
2017-05-24,Random Forest,1,1,0.3985217980681646,0
2017-05-25,Random Forest,1,0,0.4779030029594002,0
2017-05-26,Random Forest,1,0,0.3917862901832624,0
2017-05-30,Random Forest,1,0,0.3756849087337185,0
2017-05-31,Random Forest,1,1,0.5032746157580128,1
2017-06-01,Random Forest,1,1,0.47594641263025095,0
2017-06-02,Random Forest,1,0,0.5717413672734033,1
2017-06-05,Random Forest,1,0,0.390398204337432,0
2017-06-06,Random Forest,1,1,0.3888986671371622,0
2017-06-07,Random Forest,1,1,0.44053591837513556,0
2017-06-08,Random Forest,1,0,0.46028230846222606,0
2017-06-09,Random Forest,1,0,0.535584450308971,1
2017-06-12,Random Forest,1,1,0.4994351304181871,0
2017-06-13,Random Forest,1,0,0.40749697601709584,0
2017-06-14,Random Forest,1,0,0.47764311551635724,0
2017-06-15,Random Forest,1,1,0.44585759159483057,0
2017-06-16,Random Forest,1,1,0.554082233745704,1
2017-06-19,Random Forest,1,0,0.3714177205985432,0
2017-06-20,Random Forest,1,0,0.4323288971607057,0
2017-06-21,Random Forest,1,0,0.453208650831699,0
2017-06-22,Random Forest,1,1,0.4844057349026413,0
2017-06-23,Random Forest,1,1,0.5564771610715399,1
2017-06-26,Random Forest,1,0,0.47758774842669427,0
2017-06-27,Random Forest,1,1,0.5071697387408743,1
2017-06-28,Random Forest,1,0,0.3975530097622236,0
2017-06-29,Random Forest,1,1,0.5825387545621454,1
2017-06-30,Random Forest,1,1,0.4575127277110758,0
2017-07-03,Random Forest,1,1,0.4142906514895857,0
2017-07-05,Random Forest,1,0,0.48697214073192624,0
2017-07-06,Random Forest,1,1,0.5104051493275154,1
2017-07-07,Random Forest,1,1,0.49251905844625304,0
2017-07-10,Random Forest,1,0,0.44423497208052204,0
2017-07-11,Random Forest,1,1,0.5687864396789136,1
2017-07-12,Random Forest,1,1,0.35082716162864797,0
2017-07-13,Random Forest,1,1,0.4160650268331024,0
2017-07-14,Random Forest,1,0,0.5345092715508977,1
2017-07-17,Random Forest,1,1,0.340184978229137,0
2017-07-18,Random Forest,1,1,0.4160055148891592,0
2017-07-19,Random Forest,1,1,0.42136947650932544,0
2017-07-20,Random Forest,1,0,0.4295894183992349,0
2017-07-21,Random Forest,1,0,0.46179137763253497,0
2017-07-24,Random Forest,1,1,0.34782232348869907,0
2017-07-25,Random Forest,1,1,0.40120998243512673,0
2017-07-26,Random Forest,1,0,0.32656041529194224,0
2017-07-27,Random Forest,1,0,0.48330253025374337,0
2017-07-28,Random Forest,1,0,0.47134652896044343,0
2017-07-31,Random Forest,1,1,0.522168454283001,1
2017-08-01,Random Forest,1,1,0.3965662900628735,0
2017-08-02,Random Forest,1,0,0.4222827444700456,0
2017-08-03,Random Forest,1,1,0.35348983670947837,0
2017-08-04,Random Forest,1,1,0.47336213133209426,0
2017-08-07,Random Forest,1,0,0.3840177703008359,0
2017-08-08,Random Forest,1,0,0.518586897160034,1
2017-08-09,Random Forest,1,0,0.44731973749323617,0
2017-08-10,Random Forest,1,1,0.4910727358980441,0
2017-08-11,Random Forest,1,1,0.5482376790888197,1
2017-08-14,Random Forest,1,0,0.4356669894590709,0
2017-08-15,Random Forest,1,1,0.4194062545634096,0
2017-08-16,Random Forest,1,0,0.44643737235340725,0
2017-08-17,Random Forest,1,0,0.5149115543874434,1
2017-08-18,Random Forest,1,1,0.6022853947506995,1
2017-08-21,Random Forest,1,1,0.49800747064269024,0
2017-08-22,Random Forest,1,0,0.46028328099014376,0
2017-08-23,Random Forest,1,0,0.474525219143888,0
2017-08-24,Random Forest,1,1,0.4964266713521336,0
2017-08-25,Random Forest,1,1,0.5403566335469578,1
2017-08-28,Random Forest,1,1,0.4228896057145054,0
2017-08-29,Random Forest,1,1,0.4768007731408698,0
2017-08-30,Random Forest,1,1,0.4423840853112597,0
2017-08-31,Random Forest,1,1,0.451456052064266,0
2017-09-01,Random Forest,1,0,0.4112867537306499,0
2017-09-05,Random Forest,1,1,0.626000267367328,1
2017-09-06,Random Forest,1,0,0.3313129233278479,0
2017-09-07,Random Forest,1,0,0.3523050186263413,0
2017-09-08,Random Forest,1,1,0.5333037266719003,1
2017-09-11,Random Forest,1,1,0.4310373515345623,0
2017-09-12,Random Forest,1,1,0.45361427424053335,0
2017-09-13,Random Forest,1,0,0.4814187558668946,0
2017-09-14,Random Forest,1,1,0.5168045940778497,1
2017-09-15,Random Forest,1,1,0.52184562446834,1
2017-09-18,Random Forest,1,1,0.3822937053024609,0
2017-09-19,Random Forest,1,1,0.34308509949782817,0
2017-09-20,Random Forest,1,0,0.4510379215179016,0
2017-09-21,Random Forest,1,1,0.40574653740504246,0
2017-09-22,Random Forest,1,0,0.48614630926636504,0
2017-09-25,Random Forest,1,1,0.4888718269405206,0
2017-09-26,Random Forest,1,1,0.48175329249293364,0
2017-09-27,Random Forest,1,1,0.5417498869783323,1
2017-09-28,Random Forest,1,1,0.35935479439785206,0
2017-09-29,Random Forest,1,1,0.46755808452751446,0
2017-10-02,Random Forest,1,1,0.44733944288239297,0
2017-10-03,Random Forest,1,1,0.48108556109713874,0
2017-10-04,Random Forest,1,1,0.4813362740926,0
2017-10-05,Random Forest,1,0,0.46763228171875815,0
2017-10-06,Random Forest,1,0,0.5494037227902226,1
2017-10-09,Random Forest,1,1,0.45276840239785704,0
2017-10-10,Random Forest,1,1,0.4082606665081072,0
2017-10-11,Random Forest,1,0,0.3546145940480456,0
2017-10-12,Random Forest,1,1,0.442148271153301,0
2017-10-13,Random Forest,1,1,0.43213559021748016,0
2017-10-16,Random Forest,1,1,0.3197833416905438,0
2017-10-17,Random Forest,1,1,0.383784374301674,0
2017-10-18,Random Forest,1,1,0.4251762527473511,0
2017-10-19,Random Forest,1,1,0.46650770968727673,0
2017-10-20,Random Forest,1,0,0.4928257277447329,0
2017-10-23,Random Forest,1,1,0.5068001717498356,1
2017-10-24,Random Forest,1,0,0.45160906522421634,0
2017-10-25,Random Forest,1,1,0.6531596825616978,1
2017-10-26,Random Forest,1,1,0.4594298968840152,0
2017-10-27,Random Forest,1,0,0.4766376243769519,0
2017-10-30,Random Forest,1,1,0.42721646109703026,0
2017-10-31,Random Forest,1,1,0.3972184570049035,0
2017-11-01,Random Forest,1,1,0.3991762199742045,0
2017-11-02,Random Forest,1,1,0.5206760229257364,1
2017-11-03,Random Forest,1,1,0.42911266083985394,0
2017-11-06,Random Forest,1,0,0.3909740958396987,0
2017-11-07,Random Forest,1,1,0.4221705777382602,0
2017-11-08,Random Forest,1,0,0.40092881528341673,0
2017-11-09,Random Forest,1,0,0.5507028852765743,1
2017-11-10,Random Forest,1,1,0.42979203412117206,0
2017-11-13,Random Forest,1,0,0.40491471499060644,0
2017-11-14,Random Forest,1,0,0.4744268120381428,0
2017-11-15,Random Forest,1,1,0.4892016358674905,0
2017-11-16,Random Forest,1,0,0.3560636175057714,0
2017-11-17,Random Forest,1,1,0.46943545998480196,0
2017-11-20,Random Forest,1,1,0.3886760032143036,0
2017-11-21,Random Forest,1,0,0.4719529245182345,0
2017-11-22,Random Forest,1,1,0.3844552418423068,0
2017-11-24,Random Forest,1,0,0.39225287140725007,0
2017-11-27,Random Forest,1,1,0.4683801364004748,0
2017-11-28,Random Forest,1,0,0.46210732700891405,0
2017-11-29,Random Forest,1,1,0.6070484797179447,1
2017-11-30,Random Forest,1,0,0.4612519112942077,0
2017-12-01,Random Forest,1,0,0.5857211952451384,1
2017-12-04,Random Forest,1,0,0.45255232108683063,0
2017-12-05,Random Forest,1,1,0.5750763445466238,1
2017-12-06,Random Forest,1,1,0.4661936988302751,0
2017-12-07,Random Forest,1,1,0.5325156084489319,1
2017-12-08,Random Forest,1,1,0.514039926238288,1
2017-12-11,Random Forest,1,1,0.4998256125400849,0
2017-12-12,Random Forest,1,0,0.4125775111600169,0
2017-12-13,Random Forest,1,0,0.45106630578767787,0
2017-12-14,Random Forest,1,1,0.4107302485260093,0
2017-12-15,Random Forest,1,1,0.422525037740735,0
2017-12-18,Random Forest,1,0,0.41822998595505617,0
2017-12-19,Random Forest,1,0,0.4106378649507224,0
2017-12-20,Random Forest,1,1,0.4498985046686411,0
2017-12-21,Random Forest,1,0,0.4359250370533955,0
2017-12-22,Random Forest,1,0,0.4925082936685791,0
2017-12-26,Random Forest,1,1,0.4494569401680074,0
2017-12-27,Random Forest,1,1,0.49399122143732976,0
2017-12-28,Random Forest,1,0,0.40218389719786196,0
2017-12-29,Random Forest,1,1,0.5356657102081578,1
2018-01-02,Random Forest,1,1,0.38608835620096643,0
2018-01-03,Random Forest,1,1,0.41546842656987026,0
2018-01-04,Random Forest,1,1,0.4977547455983307,0
2018-01-05,Random Forest,1,1,0.4644978380057983,0
2018-01-08,Random Forest,1,1,0.4680778642588826,0
2018-01-09,Random Forest,1,0,0.4648747803026871,0
2018-01-10,Random Forest,1,1,0.5010298827297115,1
2018-01-11,Random Forest,1,1,0.4221631659033794,0
2018-01-12,Random Forest,2,0,0.5672603334780512,1
2018-01-16,Random Forest,2,1,0.5252595698672359,1
2018-01-17,Random Forest,2,0,0.43935278188453963,0
2018-01-18,Random Forest,2,1,0.5777438901756743,1
2018-01-19,Random Forest,2,1,0.4454739217827136,0
2018-01-22,Random Forest,2,1,0.5159543795975419,1
2018-01-23,Random Forest,2,0,0.5361702007130005,1
2018-01-24,Random Forest,2,1,0.5738970384475917,1
2018-01-25,Random Forest,2,1,0.5083006073565226,1
2018-01-26,Random Forest,2,0,0.4615381136607226,0
2018-01-29,Random Forest,2,0,0.5084635366043125,1
2018-01-30,Random Forest,2,1,0.47971318508471944,0
2018-01-31,Random Forest,2,0,0.5018379904906533,1
2018-02-01,Random Forest,2,0,0.4666156699120361,0
2018-02-02,Random Forest,2,0,0.5451664916759216,1
2018-02-05,Random Forest,2,1,0.5043455566628242,1
2018-02-06,Random Forest,2,0,0.492227169562443,0
2018-02-07,Random Forest,2,0,0.5012001251820684,1
2018-02-08,Random Forest,2,1,0.5205051545041021,1
2018-02-09,Random Forest,2,1,0.5953534511432609,1
2018-02-12,Random Forest,2,1,0.5649963423929673,1
2018-02-13,Random Forest,2,1,0.5195220303730412,1
2018-02-14,Random Forest,2,1,0.48955579820299167,0
2018-02-15,Random Forest,2,1,0.5382786737378864,1
2018-02-16,Random Forest,2,0,0.5317882104018926,1
2018-02-20,Random Forest,2,0,0.5760296610960093,1
2018-02-21,Random Forest,2,1,0.5573439962857321,1
2018-02-22,Random Forest,2,1,0.5741745268711037,1
2018-02-23,Random Forest,2,1,0.4790198615796195,0
2018-02-26,Random Forest,2,0,0.5355614832150669,1
2018-02-27,Random Forest,2,0,0.464814516079247,0
2018-02-28,Random Forest,2,0,0.4988970867864774,0
2018-03-01,Random Forest,2,1,0.5807915169672259,1
2018-03-02,Random Forest,2,1,0.4994973946421629,0
2018-03-05,Random Forest,2,1,0.3944086377511513,0
2018-03-06,Random Forest,2,0,0.5104975125729821,1
2018-03-07,Random Forest,2,1,0.5354456754134762,1
2018-03-08,Random Forest,2,1,0.49594984633950956,0
2018-03-09,Random Forest,2,0,0.6195018630175931,1
2018-03-12,Random Forest,2,0,0.5518053149225431,1
2018-03-13,Random Forest,2,0,0.5601121287046413,1
2018-03-14,Random Forest,2,0,0.5495657378999785,1
2018-03-15,Random Forest,2,1,0.4795129921224667,0
2018-03-16,Random Forest,2,0,0.5253945094213578,1
2018-03-19,Random Forest,2,1,0.5911287096796717,1
2018-03-20,Random Forest,2,0,0.4438828964935963,0
2018-03-21,Random Forest,2,0,0.5381767971317754,1
2018-03-22,Random Forest,2,0,0.5954148570835551,1
2018-03-23,Random Forest,2,1,0.6698585414356286,1
2018-03-26,Random Forest,2,0,0.6820084657164236,1
2018-03-27,Random Forest,2,0,0.6232513528110369,1
2018-03-28,Random Forest,2,1,0.6581990172178936,1
2018-03-29,Random Forest,2,0,0.5440818861139577,1
2018-04-02,Random Forest,2,1,0.7453230716177771,1
2018-04-03,Random Forest,2,1,0.5649893762725419,1
2018-04-04,Random Forest,2,1,0.579667788890598,1
2018-04-05,Random Forest,2,0,0.5621925915744742,1
2018-04-06,Random Forest,2,1,0.659057051840293,1
2018-04-09,Random Forest,2,1,0.6051080429003558,1
2018-04-10,Random Forest,2,0,0.594203496462337,1
2018-04-11,Random Forest,2,1,0.4807911313274987,0
2018-04-12,Random Forest,2,0,0.4165110000631214,0
2018-04-13,Random Forest,2,1,0.6142264593277723,1
2018-04-16,Random Forest,2,1,0.4576878697643988,0
2018-04-17,Random Forest,2,1,0.4354035128062818,0
2018-04-18,Random Forest,2,0,0.4159867067881682,0
2018-04-19,Random Forest,2,0,0.5903136573478559,1
2018-04-20,Random Forest,2,0,0.6401124646094382,1
2018-04-23,Random Forest,2,0,0.4743644300981147,0
2018-04-24,Random Forest,2,1,0.5757020355810727,1
2018-04-25,Random Forest,2,1,0.6279961971926915,1
2018-04-26,Random Forest,2,1,0.395848242009958,0
2018-04-27,Random Forest,2,0,0.506314431189905,1
2018-04-30,Random Forest,2,1,0.5071362784388527,1
2018-05-01,Random Forest,2,0,0.6275341567822942,1
2018-05-02,Random Forest,2,0,0.6541451033207519,1
2018-05-03,Random Forest,2,1,0.6570952092366965,1
2018-05-04,Random Forest,2,1,0.5395854830897605,1
2018-05-07,Random Forest,2,0,0.4741364583808868,0
2018-05-08,Random Forest,2,1,0.5633911024635488,1
2018-05-09,Random Forest,2,1,0.44987352756039595,0
2018-05-10,Random Forest,2,1,0.5237863284032463,1
2018-05-11,Random Forest,2,1,0.6641248661305383,1
2018-05-14,Random Forest,2,0,0.4532710604023396,0
2018-05-15,Random Forest,2,1,0.6549613697297918,1
2018-05-16,Random Forest,2,0,0.3947660031046376,0
2018-05-17,Random Forest,2,0,0.5075938749666944,1
2018-05-18,Random Forest,2,1,0.5489884046223675,1
2018-05-21,Random Forest,2,0,0.48521347679525173,0
2018-05-22,Random Forest,2,1,0.4864471529390963,0
2018-05-23,Random Forest,2,0,0.5060300647659799,1
2018-05-24,Random Forest,2,0,0.5753988319857212,1
2018-05-25,Random Forest,2,0,0.46951758848921227,0
2018-05-29,Random Forest,2,1,0.5960856126259899,1
2018-05-30,Random Forest,2,0,0.32776453540391987,0
2018-05-31,Random Forest,2,1,0.598667146456449,1
2018-06-01,Random Forest,2,1,0.3790375546473823,0
2018-06-04,Random Forest,2,1,0.4681906078802401,0
2018-06-05,Random Forest,2,1,0.511079603650565,1
2018-06-06,Random Forest,2,0,0.5733179257451718,1
2018-06-07,Random Forest,2,1,0.614046359650517,1
2018-06-08,Random Forest,2,1,0.6029353466365031,1
2018-06-11,Random Forest,2,1,0.41365833246462536,0
2018-06-12,Random Forest,2,0,0.49554596406490403,0
2018-06-13,Random Forest,2,1,0.6384624269436363,1
2018-06-14,Random Forest,2,0,0.5197877103038591,1
2018-06-15,Random Forest,2,0,0.5113440453252251,1
2018-06-18,Random Forest,2,0,0.4142117904187131,0
2018-06-19,Random Forest,2,1,0.5549997967357279,1
2018-06-20,Random Forest,2,0,0.4552098065835893,0
2018-06-21,Random Forest,2,1,0.4861657087488634,0
2018-06-22,Random Forest,2,0,0.4737489242615404,0
2018-06-25,Random Forest,2,1,0.5712916934006232,1
2018-06-26,Random Forest,2,0,0.4605354540974363,0
2018-06-27,Random Forest,2,1,0.5524377163689463,1
2018-06-28,Random Forest,2,1,0.515613605346503,1
2018-06-29,Random Forest,2,1,0.5681811195416938,1
2018-07-02,Random Forest,2,0,0.6179483734702099,1
2018-07-03,Random Forest,2,1,0.6010935660900847,1
2018-07-05,Random Forest,2,1,0.59553941526709,1
2018-07-06,Random Forest,2,1,0.547110185248031,1
2018-07-09,Random Forest,2,1,0.41051783232039063,0
2018-07-10,Random Forest,2,0,0.5331903335606584,1
2018-07-11,Random Forest,2,1,0.6256067101102603,1
2018-07-12,Random Forest,2,1,0.5647416769278538,1
2018-07-13,Random Forest,2,0,0.5290651125514609,1
2018-07-16,Random Forest,2,1,0.5497587134063083,1
2018-07-17,Random Forest,2,1,0.5023993380210798,1
2018-07-18,Random Forest,2,0,0.4895054338143315,0
2018-07-19,Random Forest,2,0,0.5711306891131117,1
2018-07-20,Random Forest,2,1,0.6426877637589544,1
2018-07-23,Random Forest,2,1,0.4934707945448778,0
2018-07-24,Random Forest,2,1,0.5327562400916925,1
2018-07-25,Random Forest,2,0,0.45150737868600355,0
2018-07-26,Random Forest,2,0,0.5037226421218284,1
2018-07-27,Random Forest,2,0,0.6467860678180805,1
2018-07-30,Random Forest,2,1,0.6720434257309912,1
2018-07-31,Random Forest,2,0,0.5216153270334233,1
2018-08-01,Random Forest,2,1,0.5552094877587802,1
2018-08-02,Random Forest,2,1,0.5486292607285309,1
2018-08-03,Random Forest,2,1,0.4867185392582161,0
2018-08-06,Random Forest,2,1,0.4394032589615908,0
2018-08-07,Random Forest,2,0,0.39000828230145734,0
2018-08-08,Random Forest,2,0,0.4117600101943759,0
2018-08-09,Random Forest,2,0,0.41573557620858137,0
2018-08-10,Random Forest,2,0,0.6342055842400673,1
2018-08-13,Random Forest,2,1,0.6151118771327322,1
2018-08-14,Random Forest,2,0,0.43761138317686554,0
2018-08-15,Random Forest,2,1,0.6395597627052964,1
2018-08-16,Random Forest,2,1,0.38302658812581986,0
2018-08-17,Random Forest,2,1,0.5465277518127605,1
2018-08-20,Random Forest,2,1,0.4693522148570156,0
2018-08-21,Random Forest,2,0,0.588677234803514,1
2018-08-22,Random Forest,2,0,0.5112091997530605,1
2018-08-23,Random Forest,2,1,0.6064457665313652,1
2018-08-24,Random Forest,2,1,0.47450517756005534,0
2018-08-27,Random Forest,2,1,0.521284325935199,1
2018-08-28,Random Forest,2,1,0.4391516035707768,0
2018-08-29,Random Forest,2,0,0.569794009618492,1
2018-08-30,Random Forest,2,1,0.6430228102793563,1
2018-08-31,Random Forest,2,0,0.5700410754280246,1
2018-09-04,Random Forest,2,0,0.6389353919597263,1
2018-09-05,Random Forest,2,0,0.6874886129313925,1
2018-09-06,Random Forest,2,0,0.614551035147069,1
2018-09-07,Random Forest,2,1,0.5738099786486404,1
2018-09-10,Random Forest,2,1,0.46895231395764986,0
2018-09-11,Random Forest,2,1,0.4682480484013008,0
2018-09-12,Random Forest,2,1,0.5829647130407661,1
2018-09-13,Random Forest,2,1,0.42814142319527104,0
2018-09-14,Random Forest,2,0,0.6020608412116887,1
2018-09-17,Random Forest,2,1,0.6582963007419084,1
2018-09-18,Random Forest,2,1,0.4559298457592599,0
2018-09-19,Random Forest,2,1,0.43499288935311975,0
2018-09-20,Random Forest,2,0,0.450209215253626,0
2018-09-21,Random Forest,2,0,0.5247532242095122,1
2018-09-24,Random Forest,2,0,0.5472325321875887,1
2018-09-25,Random Forest,2,0,0.5959808636247671,1
2018-09-26,Random Forest,2,1,0.6314713457447223,1
2018-09-27,Random Forest,2,1,0.5828870801198285,1
2018-09-28,Random Forest,2,1,0.49063131548618283,0
2018-10-01,Random Forest,2,0,0.4474993660474691,0
2018-10-02,Random Forest,2,1,0.5293761199964623,1
2018-10-03,Random Forest,2,0,0.5812025397626238,1
2018-10-04,Random Forest,2,0,0.6165929794042208,1
2018-10-05,Random Forest,2,0,0.5950357398995215,1
2018-10-08,Random Forest,2,0,0.5390877902528858,1
2018-10-09,Random Forest,2,0,0.5691708479106861,1
2018-10-10,Random Forest,2,0,0.5432789228828413,1
2018-10-11,Random Forest,2,1,0.5995221746777223,1
2018-10-12,Random Forest,2,0,0.6296019727644271,1
2018-10-15,Random Forest,2,1,0.5610883066984313,1
2018-10-16,Random Forest,2,1,0.6687710891437716,1
2018-10-17,Random Forest,2,0,0.663704187668776,1
2018-10-18,Random Forest,2,0,0.739866773257069,1
2018-10-19,Random Forest,2,0,0.6850336070411012,1
2018-10-22,Random Forest,2,0,0.6165448038324399,1
2018-10-23,Random Forest,2,0,0.6255083587553572,1
2018-10-24,Random Forest,2,1,0.6348989324490032,1
2018-10-25,Random Forest,2,0,0.5909547130921531,1
2018-10-26,Random Forest,2,0,0.605768131307315,1
2018-10-29,Random Forest,2,1,0.679598589517144,1
2018-10-30,Random Forest,2,1,0.6014123038960321,1
2018-10-31,Random Forest,2,1,0.5906636977756604,1
2018-11-01,Random Forest,2,0,0.4786413255545998,0
2018-11-02,Random Forest,2,1,0.6277642961132858,1
2018-11-05,Random Forest,2,1,0.527341946579394,1
2018-11-06,Random Forest,2,1,0.447705526507905,0
2018-11-07,Random Forest,2,0,0.5326621694303227,1
2018-11-08,Random Forest,2,0,0.5689648455908286,1
2018-11-09,Random Forest,2,0,0.6293208285192605,1
2018-11-12,Random Forest,2,0,0.6043809045675953,1
2018-11-13,Random Forest,2,0,0.5335427742596603,1
2018-11-14,Random Forest,2,1,0.5731555816698954,1
2018-11-15,Random Forest,2,1,0.5894742979888372,1
2018-11-16,Random Forest,2,0,0.6030665743181609,1
2018-11-19,Random Forest,2,0,0.5105145360226769,1
2018-11-20,Random Forest,2,1,0.62230012874291,1
2018-11-21,Random Forest,2,0,0.4736498753976404,0
2018-11-23,Random Forest,2,1,0.49544261303855985,0
2018-11-26,Random Forest,2,1,0.587188329626223,1
2018-11-27,Random Forest,2,1,0.5905792519069594,1
2018-11-28,Random Forest,2,0,0.588646453814896,1
2018-11-29,Random Forest,2,1,0.6770642135039915,1
2018-11-30,Random Forest,2,1,0.674727138598439,1
2018-12-03,Random Forest,2,0,0.6470658925930687,1
2018-12-04,Random Forest,2,0,0.5844460605426446,1
2018-12-06,Random Forest,2,0,0.6030032747718289,1
2018-12-07,Random Forest,2,1,0.6397298889136106,1
2018-12-10,Random Forest,2,1,0.6315737347315661,1
2018-12-11,Random Forest,2,1,0.5313989980052062,1
2018-12-12,Random Forest,2,0,0.517488239813825,1
2018-12-13,Random Forest,2,0,0.5986158055656583,1
2018-12-14,Random Forest,2,0,0.7091076188242357,1
2018-12-17,Random Forest,2,0,0.7424534133744091,1
2018-12-18,Random Forest,2,0,0.7112210413086831,1
2018-12-19,Random Forest,2,0,0.588568342127022,1
2018-12-20,Random Forest,2,0,0.6420271221250461,1
2018-12-21,Random Forest,2,0,0.6324930593883311,1
2018-12-24,Random Forest,2,1,0.5094372456780815,1
2018-12-26,Random Forest,2,1,0.6831398976788339,1
2018-12-27,Random Forest,2,0,0.6514712731453007,1
2018-12-28,Random Forest,2,1,0.6050252895648605,1
2018-12-31,Random Forest,2,1,0.5986202456089988,1
2019-01-02,Random Forest,2,0,0.5014087322287354,1
2019-01-03,Random Forest,2,1,0.6791156419514808,1
2019-01-04,Random Forest,2,1,0.5707291542350974,1
2019-01-07,Random Forest,2,1,0.424355291450113,0
2019-01-08,Random Forest,2,1,0.5772787325894533,1
2019-01-09,Random Forest,2,1,0.5322002681062452,1
2019-01-10,Random Forest,2,1,0.5086383623731743,1
2019-01-11,Random Forest,3,0,0.5047302353403855,1
2019-01-14,Random Forest,3,1,0.42261904045941345,0
2019-01-15,Random Forest,3,1,0.4812410861227594,0
2019-01-16,Random Forest,3,1,0.48859436222493896,0
2019-01-17,Random Forest,3,1,0.49791089528260785,0
2019-01-18,Random Forest,3,0,0.625831766949062,1
2019-01-22,Random Forest,3,1,0.5930885804877652,1
2019-01-23,Random Forest,3,1,0.5807570019554259,1
2019-01-24,Random Forest,3,1,0.4709318165430722,0
2019-01-25,Random Forest,3,0,0.6230458826242271,1
2019-01-28,Random Forest,3,0,0.6138716939702411,1
2019-01-29,Random Forest,3,1,0.4735609140950429,0
2019-01-30,Random Forest,3,1,0.5917716647481126,1
2019-01-31,Random Forest,3,1,0.6228887118134834,1
2019-02-01,Random Forest,3,1,0.5769127745952608,1
2019-02-04,Random Forest,3,1,0.4832601312695365,0
2019-02-05,Random Forest,3,0,0.5455605992456604,1
2019-02-06,Random Forest,3,0,0.38814399753575474,0
2019-02-07,Random Forest,3,1,0.685087760957568,1
2019-02-08,Random Forest,3,1,0.46602628915277977,0
2019-02-11,Random Forest,3,1,0.4733797105089592,0
2019-02-12,Random Forest,3,1,0.47605003084354275,0
2019-02-13,Random Forest,3,0,0.38028865584380783,0
2019-02-14,Random Forest,3,1,0.4825103637002413,0
2019-02-15,Random Forest,3,1,0.4635037847038082,0
2019-02-19,Random Forest,3,1,0.3381478100814151,0
2019-02-20,Random Forest,3,0,0.521667215151495,1
2019-02-21,Random Forest,3,1,0.35289699143801434,0
2019-02-22,Random Forest,3,1,0.41335625898651146,0
2019-02-25,Random Forest,3,0,0.4964123514630865,0
2019-02-26,Random Forest,3,0,0.27764931802354087,0
2019-02-27,Random Forest,3,0,0.32494452656337014,0
2019-02-28,Random Forest,3,1,0.4898196834224077,0
2019-03-01,Random Forest,3,0,0.4174395097408605,0
2019-03-04,Random Forest,3,0,0.47459827571091495,0
2019-03-05,Random Forest,3,0,0.29674579222767933,0
2019-03-06,Random Forest,3,0,0.4876799321164929,0
2019-03-07,Random Forest,3,0,0.5547833379020728,1
2019-03-08,Random Forest,3,1,0.45400826555366053,0
2019-03-11,Random Forest,3,1,0.36772814248103936,0
2019-03-12,Random Forest,3,1,0.5117339617417254,1
2019-03-13,Random Forest,3,0,0.4018702929137681,0
2019-03-14,Random Forest,3,1,0.4843239402421568,0
2019-03-15,Random Forest,3,1,0.35944729848435575,0
2019-03-18,Random Forest,3,1,0.5014322072647798,1
2019-03-19,Random Forest,3,0,0.46094962660074446,0
2019-03-20,Random Forest,3,1,0.48100755707923826,0
2019-03-21,Random Forest,3,0,0.3530679656000161,0
2019-03-22,Random Forest,3,0,0.4756535783086844,0
2019-03-25,Random Forest,3,1,0.4453268875274843,0
2019-03-26,Random Forest,3,0,0.49073809823910386,0
2019-03-27,Random Forest,3,1,0.44964109853509904,0
2019-03-28,Random Forest,3,1,0.4520499214858109,0
2019-03-29,Random Forest,3,1,0.5519271994266425,1
2019-04-01,Random Forest,3,1,0.49724361353947766,0
2019-04-02,Random Forest,3,1,0.41544945922395,0
2019-04-03,Random Forest,3,1,0.48945608083891784,0
2019-04-04,Random Forest,3,1,0.4315130297443259,0
2019-04-05,Random Forest,3,1,0.49796838615345823,0
2019-04-08,Random Forest,3,0,0.5004519199757361,1
2019-04-09,Random Forest,3,1,0.4383361418310634,0
2019-04-10,Random Forest,3,0,0.39306109244973847,0
2019-04-11,Random Forest,3,1,0.41771589077995597,0
2019-04-12,Random Forest,3,0,0.4879601524894086,0
2019-04-15,Random Forest,3,1,0.4142926388798078,0
2019-04-16,Random Forest,3,0,0.4114043984638033,0
2019-04-17,Random Forest,3,1,0.4967473986063276,0
2019-04-18,Random Forest,3,1,0.4102646586897428,0
2019-04-22,Random Forest,3,1,0.4343444677547879,0
2019-04-23,Random Forest,3,0,0.4150283151285668,0
2019-04-24,Random Forest,3,0,0.4719616257432181,0
2019-04-25,Random Forest,3,1,0.4621820532642725,0
2019-04-26,Random Forest,3,1,0.42188199296356027,0
2019-04-29,Random Forest,3,1,0.48510910861117246,0
2019-04-30,Random Forest,3,0,0.4968257550316173,0
2019-05-01,Random Forest,3,0,0.5336834314168626,1
2019-05-02,Random Forest,3,1,0.5266292288093305,1
2019-05-03,Random Forest,3,0,0.347269048004367,0
2019-05-06,Random Forest,3,0,0.4772865253465954,0
2019-05-07,Random Forest,3,0,0.5360969780189592,1
2019-05-08,Random Forest,3,0,0.5731242316933574,1
2019-05-09,Random Forest,3,1,0.5403435776495771,1
2019-05-10,Random Forest,3,0,0.5058913687530534,1
2019-05-13,Random Forest,3,1,0.6203392475317173,1
2019-05-14,Random Forest,3,1,0.49133821017042484,0
2019-05-15,Random Forest,3,1,0.4964981884551153,0
2019-05-16,Random Forest,3,0,0.4870338089628983,0
2019-05-17,Random Forest,3,0,0.5516445130747609,1
2019-05-20,Random Forest,3,1,0.579804053685925,1
2019-05-21,Random Forest,3,0,0.5774031595903517,1
2019-05-22,Random Forest,3,0,0.612335730106892,1
2019-05-23,Random Forest,3,1,0.6695655690497623,1
2019-05-24,Random Forest,3,0,0.6363347509403493,1
2019-05-28,Random Forest,3,0,0.5309727018951671,1
2019-05-29,Random Forest,3,1,0.7166618596391919,1
2019-05-30,Random Forest,3,0,0.5198165249504407,1
2019-05-31,Random Forest,3,0,0.5977677831981769,1
2019-06-03,Random Forest,3,1,0.7389574883735688,1
2019-06-04,Random Forest,3,1,0.5942917672095255,1
2019-06-05,Random Forest,3,1,0.5793338216938427,1
2019-06-06,Random Forest,3,1,0.49259403908819005,0
2019-06-07,Random Forest,3,1,0.5215520872742876,1
2019-06-10,Random Forest,3,0,0.5414073155031963,1
2019-06-11,Random Forest,3,0,0.5775389231187772,1
2019-06-12,Random Forest,3,1,0.4989756720795536,0
2019-06-13,Random Forest,3,0,0.5155743362502503,1
2019-06-14,Random Forest,3,1,0.6043454385002104,1
2019-06-17,Random Forest,3,1,0.34111611167692746,0
2019-06-18,Random Forest,3,1,0.46366254319101713,0
2019-06-19,Random Forest,3,1,0.5819192073050898,1
2019-06-20,Random Forest,3,0,0.5058107044821615,1
2019-06-21,Random Forest,3,0,0.664477163606507,1
2019-06-24,Random Forest,3,0,0.4973394723235932,0
2019-06-25,Random Forest,3,0,0.6146196880183201,1
2019-06-26,Random Forest,3,1,0.46796908183894037,0
2019-06-27,Random Forest,3,1,0.5070633074673347,1
2019-06-28,Random Forest,3,1,0.6083657032442475,1
2019-07-01,Random Forest,3,1,0.4970658646130351,0
2019-07-02,Random Forest,3,1,0.5840448391495557,1
2019-07-03,Random Forest,3,0,0.4510084975165125,0
2019-07-05,Random Forest,3,0,0.515461756018668,1
2019-07-08,Random Forest,3,1,0.45206572034583453,0
2019-07-09,Random Forest,3,1,0.41964229855704804,0
2019-07-10,Random Forest,3,1,0.4303732617028272,0
2019-07-11,Random Forest,3,1,0.5332589277053068,1
2019-07-12,Random Forest,3,1,0.3483139343607789,0
2019-07-15,Random Forest,3,0,0.3384686961805544,0
2019-07-16,Random Forest,3,0,0.3118580577736948,0
2019-07-17,Random Forest,3,1,0.4104017161020181,0
2019-07-18,Random Forest,3,0,0.4818029433625739,0
2019-07-19,Random Forest,3,1,0.5820663242688741,1
2019-07-22,Random Forest,3,1,0.5174151716394503,1
2019-07-23,Random Forest,3,1,0.5283582211107677,1
2019-07-24,Random Forest,3,0,0.5412427344373278,1
2019-07-25,Random Forest,3,1,0.6461455591260638,1
2019-07-26,Random Forest,3,0,0.49858824391414897,0
2019-07-29,Random Forest,3,0,0.4868302219081451,0
2019-07-30,Random Forest,3,0,0.5442223009109265,1
2019-07-31,Random Forest,3,0,0.5696668091667078,1
2019-08-01,Random Forest,3,0,0.6335523170154779,1
2019-08-02,Random Forest,3,0,0.588590678611935,1
2019-08-05,Random Forest,3,1,0.5045375018522084,1
2019-08-06,Random Forest,3,1,0.6136134221607543,1
2019-08-07,Random Forest,3,1,0.5516678726402553,1
2019-08-08,Random Forest,3,0,0.6355177127577492,1
2019-08-09,Random Forest,3,0,0.6198020974493428,1
2019-08-12,Random Forest,3,1,0.561840131435285,1
2019-08-13,Random Forest,3,0,0.5705230082574505,1
2019-08-14,Random Forest,3,1,0.46127803843882864,0
2019-08-15,Random Forest,3,1,0.646025182894302,1
2019-08-16,Random Forest,3,1,0.5622652219540214,1
2019-08-19,Random Forest,3,0,0.5502637462392733,1
2019-08-20,Random Forest,3,1,0.5690391180737768,1
2019-08-21,Random Forest,3,0,0.6368339141494471,1
2019-08-22,Random Forest,3,0,0.596773460741576,1
2019-08-23,Random Forest,3,1,0.5873189087262708,1
2019-08-26,Random Forest,3,0,0.5424389408698123,1
2019-08-27,Random Forest,3,1,0.3916894535181906,0
2019-08-28,Random Forest,3,1,0.4861721940651155,0
2019-08-29,Random Forest,3,0,0.4585586045689261,0
2019-08-30,Random Forest,3,0,0.47749267634296505,0
2019-09-03,Random Forest,3,1,0.539401995625924,1
2019-09-04,Random Forest,3,1,0.5356271548619046,1
2019-09-05,Random Forest,3,1,0.4804474399951539,0
2019-09-06,Random Forest,3,1,0.5083030273944884,1
2019-09-09,Random Forest,3,0,0.4836584310523632,0
2019-09-10,Random Forest,3,1,0.6101528830218725,1
2019-09-11,Random Forest,3,1,0.5768301421616628,1
2019-09-12,Random Forest,3,0,0.6255028644842351,1
2019-09-13,Random Forest,3,0,0.4795236745898456,0
2019-09-16,Random Forest,3,1,0.6143640829561229,1
2019-09-17,Random Forest,3,1,0.5227289753245417,1
2019-09-18,Random Forest,3,0,0.5414647911319184,1
2019-09-19,Random Forest,3,0,0.5412407848800334,1
2019-09-20,Random Forest,3,0,0.6394590231394442,1
2019-09-23,Random Forest,3,0,0.44975316989541425,0
2019-09-24,Random Forest,3,1,0.5954912265221569,1
2019-09-25,Random Forest,3,0,0.5219059276078701,1
2019-09-26,Random Forest,3,0,0.5281017339206122,1
2019-09-27,Random Forest,3,1,0.5888376763505212,1
2019-09-30,Random Forest,3,0,0.43328734161988225,0
2019-10-01,Random Forest,3,0,0.4829618760345183,0
2019-10-02,Random Forest,3,1,0.669039793751562,1
2019-10-03,Random Forest,3,1,0.5938986502304693,1
2019-10-04,Random Forest,3,0,0.46549997391948306,0
2019-10-07,Random Forest,3,0,0.5520651268569811,1
2019-10-08,Random Forest,3,1,0.5923514351794252,1
2019-10-09,Random Forest,3,1,0.680782169465224,1
2019-10-10,Random Forest,3,1,0.5764606169908212,1
2019-10-11,Random Forest,3,0,0.46086884539527445,0
2019-10-14,Random Forest,3,1,0.43382393788249324,0
2019-10-15,Random Forest,3,0,0.5326284847046219,1
2019-10-16,Random Forest,3,1,0.5167798447426392,1
2019-10-17,Random Forest,3,0,0.42643061906688806,0
2019-10-18,Random Forest,3,1,0.6095864093228488,1
2019-10-21,Random Forest,3,0,0.3432902408420783,0
2019-10-22,Random Forest,3,1,0.4938575370576996,0
2019-10-23,Random Forest,3,1,0.3730710164502715,0
2019-10-24,Random Forest,3,1,0.35633677037196687,0
2019-10-25,Random Forest,3,1,0.5293589958199156,1
2019-10-28,Random Forest,3,0,0.4417913604344179,0
2019-10-29,Random Forest,3,1,0.4902644447559919,0
2019-10-30,Random Forest,3,0,0.5056075693970371,1
2019-10-31,Random Forest,3,1,0.6025974503245577,1
2019-11-01,Random Forest,3,1,0.4134908000761287,0
2019-11-04,Random Forest,3,0,0.5634283934636419,1
2019-11-05,Random Forest,3,1,0.42009540738586754,0
2019-11-06,Random Forest,3,1,0.49563437188448123,0
2019-11-07,Random Forest,3,1,0.516727601053153,1
2019-11-08,Random Forest,3,0,0.5129894224745133,1
2019-11-11,Random Forest,3,1,0.3918617946012632,0
2019-11-12,Random Forest,3,1,0.4727032263233597,0
2019-11-13,Random Forest,3,1,0.5141490316304551,1
2019-11-14,Random Forest,3,1,0.43858249552104667,0
2019-11-15,Random Forest,3,1,0.4271758178249899,0
2019-11-18,Random Forest,3,0,0.5712649039984902,1
2019-11-19,Random Forest,3,0,0.524540991311347,1
2019-11-20,Random Forest,3,0,0.5635984670765625,1
2019-11-21,Random Forest,3,1,0.53838956085851,1
2019-11-22,Random Forest,3,1,0.5164606617894598,1
2019-11-25,Random Forest,3,1,0.4173051999980729,0
2019-11-26,Random Forest,3,1,0.4531493198977187,0
2019-11-27,Random Forest,3,0,0.5179021263597761,1
2019-11-29,Random Forest,3,0,0.40955136673523823,0
2019-12-02,Random Forest,3,0,0.5736077375604298,1
2019-12-03,Random Forest,3,1,0.5518808449475786,1
2019-12-04,Random Forest,3,1,0.4983613610327313,0
2019-12-05,Random Forest,3,1,0.5008809111019814,1
2019-12-06,Random Forest,3,0,0.45673207106713515,0
2019-12-09,Random Forest,3,0,0.4546908512230799,0
2019-12-10,Random Forest,3,1,0.6018792726093375,1
2019-12-11,Random Forest,3,1,0.4289311462346673,0
2019-12-12,Random Forest,3,1,0.37605155221250236,0
2019-12-13,Random Forest,3,1,0.4884878966438609,0
2019-12-16,Random Forest,3,1,0.3490445871395939,0
2019-12-17,Random Forest,3,1,0.4568363186967941,0
2019-12-18,Random Forest,3,1,0.38558100985262767,0
2019-12-19,Random Forest,3,1,0.4774432656772153,0
2019-12-20,Random Forest,3,1,0.39637786149331616,0
2019-12-23,Random Forest,3,1,0.4734557512414181,0
2019-12-24,Random Forest,3,1,0.41209820284938053,0
2019-12-26,Random Forest,3,0,0.39885720514692913,0
2019-12-27,Random Forest,3,0,0.5247213909835491,1
2019-12-30,Random Forest,3,1,0.5368118416537888,1
2019-12-31,Random Forest,3,1,0.4046183869000618,0
2020-01-02,Random Forest,3,0,0.47222024074368574,0
2020-01-03,Random Forest,3,1,0.4861855481341578,0
2020-01-06,Random Forest,3,0,0.3721378762743557,0
2020-01-07,Random Forest,3,1,0.46138701190721804,0
2020-01-08,Random Forest,3,1,0.5107072586770657,1
2020-01-09,Random Forest,4,0,0.5568320955118229,1
2020-01-10,Random Forest,4,1,0.5117319822444708,1
2020-01-13,Random Forest,4,0,0.509364930308179,1
2020-01-14,Random Forest,4,1,0.602226750209752,1
2020-01-15,Random Forest,4,1,0.5516058668697811,1
2020-01-16,Random Forest,4,1,0.4735323281912076,0
2020-01-17,Random Forest,4,0,0.550832894569081,1
2020-01-21,Random Forest,4,1,0.5749158608249885,1
2020-01-22,Random Forest,4,1,0.5476195823903987,1
2020-01-23,Random Forest,4,0,0.4777929859517504,0
2020-01-24,Random Forest,4,0,0.5144101194219031,1
2020-01-27,Random Forest,4,1,0.5342530933102968,1
2020-01-28,Random Forest,4,0,0.4831267036054456,0
2020-01-29,Random Forest,4,1,0.5351797797736675,1
2020-01-30,Random Forest,4,0,0.4511003227351076,0
2020-01-31,Random Forest,4,1,0.5633716713481712,1
2020-02-03,Random Forest,4,1,0.42684513348788117,0
2020-02-04,Random Forest,4,1,0.5440542941095907,1
2020-02-05,Random Forest,4,1,0.5355896608596492,1
2020-02-06,Random Forest,4,0,0.5786783945064687,1
2020-02-07,Random Forest,4,1,0.6314530157607731,1
2020-02-10,Random Forest,4,1,0.5097731514660869,1
2020-02-11,Random Forest,4,1,0.627759851656175,1
2020-02-12,Random Forest,4,0,0.5521064239860284,1
2020-02-13,Random Forest,4,1,0.6126889996991733,1
2020-02-14,Random Forest,4,0,0.500626785849835,1
2020-02-18,Random Forest,4,1,0.584017079919028,1
2020-02-19,Random Forest,4,0,0.45684735031198775,0
2020-02-20,Random Forest,4,0,0.5666818751970042,1
2020-02-21,Random Forest,4,0,0.4932046508232891,0
2020-02-24,Random Forest,4,0,0.4691698460110797,0
2020-02-25,Random Forest,4,0,0.5665296783284981,1
2020-02-26,Random Forest,4,0,0.6138402349232128,1
2020-02-27,Random Forest,4,0,0.5117051572158939,1
2020-02-28,Random Forest,4,1,0.581631336061408,1
2020-03-02,Random Forest,4,0,0.6462244467453937,1
2020-03-03,Random Forest,4,1,0.6608339116440071,1
2020-03-04,Random Forest,4,0,0.6522447709192551,1
2020-03-05,Random Forest,4,0,0.6095082223599384,1
2020-03-06,Random Forest,4,0,0.668894961739832,1
2020-03-09,Random Forest,4,1,0.5600501618381021,1
2020-03-10,Random Forest,4,0,0.6349663709133923,1
2020-03-11,Random Forest,4,0,0.5890645360568684,1
2020-03-12,Random Forest,4,1,0.5683014193982245,1
2020-03-13,Random Forest,4,0,0.6327191691576078,1
2020-03-16,Random Forest,4,1,0.533544488744299,1
2020-03-17,Random Forest,4,0,0.6501387643844854,1
2020-03-18,Random Forest,4,1,0.5774340110546288,1
2020-03-19,Random Forest,4,0,0.606031452946394,1
2020-03-20,Random Forest,4,0,0.6355701011810001,1
2020-03-23,Random Forest,4,1,0.6361852326306994,1
2020-03-24,Random Forest,4,1,0.6217854973156276,1
2020-03-25,Random Forest,4,1,0.6123956512734009,1
2020-03-26,Random Forest,4,0,0.5966603036129546,1
2020-03-27,Random Forest,4,1,0.5456724827729402,1
2020-03-30,Random Forest,4,0,0.5853236871397329,1
2020-03-31,Random Forest,4,0,0.5593585669898338,1
2020-04-01,Random Forest,4,1,0.6238993787633553,1
2020-04-02,Random Forest,4,0,0.6189270103530633,1
2020-04-03,Random Forest,4,1,0.5782439678253789,1
2020-04-06,Random Forest,4,1,0.6280617436192654,1
2020-04-07,Random Forest,4,1,0.5933189731826174,1
2020-04-08,Random Forest,4,1,0.5708054742277557,1
2020-04-09,Random Forest,4,0,0.5837092782187244,1
2020-04-13,Random Forest,4,1,0.5267255848568672,1
2020-04-14,Random Forest,4,0,0.617054669974485,1
2020-04-15,Random Forest,4,1,0.5834943840383302,1
2020-04-16,Random Forest,4,1,0.655714053120641,1
2020-04-17,Random Forest,4,0,0.6212464517299361,1
2020-04-20,Random Forest,4,0,0.5473020215868876,1
2020-04-21,Random Forest,4,1,0.6085044274311001,1
2020-04-22,Random Forest,4,0,0.6295882041885016,1
2020-04-23,Random Forest,4,1,0.5799486045559358,1
2020-04-24,Random Forest,4,1,0.6135272598900807,1
2020-04-27,Random Forest,4,0,0.5870643966900332,1
2020-04-28,Random Forest,4,1,0.5792439442273859,1
2020-04-29,Random Forest,4,0,0.6126964619064623,1
2020-04-30,Random Forest,4,0,0.6068975970189527,1
2020-05-01,Random Forest,4,1,0.6271731133333136,1
2020-05-04,Random Forest,4,1,0.5898387588911431,1
2020-05-05,Random Forest,4,0,0.5482799027727578,1
2020-05-06,Random Forest,4,1,0.5311968396669154,1
2020-05-07,Random Forest,4,1,0.5271302914630508,1
2020-05-08,Random Forest,4,1,0.557935688984274,1
2020-05-11,Random Forest,4,0,0.49931177249622105,0
2020-05-12,Random Forest,4,0,0.5492722613044088,1
2020-05-13,Random Forest,4,1,0.5327033195359081,1
2020-05-14,Random Forest,4,1,0.5245162739859923,1
2020-05-15,Random Forest,4,1,0.5508819463689343,1
2020-05-18,Random Forest,4,0,0.518934352153679,1
2020-05-19,Random Forest,4,1,0.48820237257721927,0
2020-05-20,Random Forest,4,0,0.49701497678708023,0
2020-05-21,Random Forest,4,1,0.4825181281445689,0
2020-05-22,Random Forest,4,1,0.5112557882089868,1
2020-05-26,Random Forest,4,1,0.5096032738479607,1
2020-05-27,Random Forest,4,0,0.4563135399058552,0
2020-05-28,Random Forest,4,1,0.4621519528988181,0
2020-05-29,Random Forest,4,1,0.5102637867025546,1
2020-06-01,Random Forest,4,1,0.49183716161418123,0
2020-06-02,Random Forest,4,1,0.48782299826638004,0
2020-06-03,Random Forest,4,0,0.49105970296807716,0
2020-06-04,Random Forest,4,1,0.4524930183892405,0
2020-06-05,Random Forest,4,1,0.47733602947412657,0
2020-06-08,Random Forest,4,0,0.4974660939736632,0
2020-06-09,Random Forest,4,0,0.4530685392401494,0
2020-06-10,Random Forest,4,0,0.49511879485385596,0
2020-06-11,Random Forest,4,1,0.5273415842976397,1
2020-06-12,Random Forest,4,1,0.5621057738915884,1
2020-06-15,Random Forest,4,1,0.5239063435275493,1
2020-06-16,Random Forest,4,0,0.5592235840031484,1
2020-06-17,Random Forest,4,1,0.5634838975667567,1
2020-06-18,Random Forest,4,0,0.586518030465704,1
2020-06-19,Random Forest,4,1,0.567075419485613,1
2020-06-22,Random Forest,4,1,0.5403841282563233,1
2020-06-23,Random Forest,4,0,0.5388549083300094,1
2020-06-24,Random Forest,4,1,0.608373721888658,1
2020-06-25,Random Forest,4,0,0.529624466623392,1
2020-06-26,Random Forest,4,1,0.5391001617402831,1
2020-06-29,Random Forest,4,1,0.5988118326335621,1
2020-06-30,Random Forest,4,1,0.5729968163367274,1
2020-07-01,Random Forest,4,1,0.5312899349134559,1
2020-07-02,Random Forest,4,1,0.5655924946524922,1
2020-07-06,Random Forest,4,0,0.5506996346813811,1
2020-07-07,Random Forest,4,1,0.5662259812070395,1
2020-07-08,Random Forest,4,0,0.5746148104644783,1
2020-07-09,Random Forest,4,1,0.5532117724163591,1
2020-07-10,Random Forest,4,0,0.554391832509765,1
2020-07-13,Random Forest,4,1,0.565963401881112,1
2020-07-14,Random Forest,4,1,0.5442487313804131,1
2020-07-15,Random Forest,4,0,0.5660751544680918,1
2020-07-16,Random Forest,4,1,0.5027619474187449,1
2020-07-17,Random Forest,4,1,0.5699314996045526,1
2020-07-20,Random Forest,4,1,0.5320389629116858,1
2020-07-21,Random Forest,4,1,0.4895720344296359,0
2020-07-22,Random Forest,4,0,0.48021856749481373,0
2020-07-23,Random Forest,4,0,0.5327158223658898,1
2020-07-24,Random Forest,4,1,0.5479386913673568,1
2020-07-27,Random Forest,4,0,0.6071879508931828,1
2020-07-28,Random Forest,4,1,0.4669612140042082,0
2020-07-29,Random Forest,4,0,0.4725762019175262,0
2020-07-30,Random Forest,4,1,0.5666056373459737,1
2020-07-31,Random Forest,4,1,0.48190915166345766,0
2020-08-03,Random Forest,4,1,0.5373876284537337,1
2020-08-04,Random Forest,4,1,0.4845969625315208,0
2020-08-05,Random Forest,4,1,0.46516396747501365,0
2020-08-06,Random Forest,4,1,0.45626132268013175,0
2020-08-07,Random Forest,4,1,0.47641531426323624,0
2020-08-10,Random Forest,4,0,0.43357465870822565,0
2020-08-11,Random Forest,4,1,0.5230029152935993,1
2020-08-12,Random Forest,4,0,0.45254777172493893,0
2020-08-13,Random Forest,4,1,0.4542206060653189,0
2020-08-14,Random Forest,4,1,0.44951470201505167,0
2020-08-17,Random Forest,4,1,0.4982909597900636,0
2020-08-18,Random Forest,4,0,0.4359682823483489,0
2020-08-19,Random Forest,4,1,0.530474798300982,1
2020-08-20,Random Forest,4,1,0.43874834372537114,0
2020-08-21,Random Forest,4,1,0.5009247278787569,1
2020-08-24,Random Forest,4,1,0.4101676591346988,0
2020-08-25,Random Forest,4,1,0.46449239919154,0
2020-08-26,Random Forest,4,1,0.4414858742418247,0
2020-08-27,Random Forest,4,1,0.468644927830298,0
2020-08-28,Random Forest,4,0,0.4261711530957367,0
2020-08-31,Random Forest,4,1,0.4853853335446472,0
2020-09-01,Random Forest,4,1,0.4047931060380495,0
2020-09-02,Random Forest,4,0,0.4552497582065914,0
2020-09-03,Random Forest,4,0,0.3985441846457491,0
2020-09-04,Random Forest,4,0,0.45648785685132376,0
2020-09-08,Random Forest,4,1,0.4816192008836595,0
2020-09-09,Random Forest,4,0,0.5377956111798584,1
2020-09-10,Random Forest,4,1,0.6043973857353996,1
2020-09-11,Random Forest,4,1,0.5422483330874734,1
2020-09-14,Random Forest,4,1,0.599233825022822,1
2020-09-15,Random Forest,4,0,0.58753912385953,1
2020-09-16,Random Forest,4,0,0.594819554456556,1
2020-09-17,Random Forest,4,0,0.5223193966549964,1
2020-09-18,Random Forest,4,0,0.5578349084359894,1
2020-09-21,Random Forest,4,1,0.626260460706266,1
2020-09-22,Random Forest,4,0,0.53171530414169,1
2020-09-23,Random Forest,4,1,0.6152737319940454,1
2020-09-24,Random Forest,4,1,0.5681482112921679,1
2020-09-25,Random Forest,4,1,0.6174208088995506,1
2020-09-28,Random Forest,4,0,0.4758572108383632,0
2020-09-29,Random Forest,4,1,0.5222132379999436,1
2020-09-30,Random Forest,4,1,0.4644511578277846,0
2020-10-01,Random Forest,4,0,0.5045651602949517,1
2020-10-02,Random Forest,4,1,0.5760227519897039,1
2020-10-05,Random Forest,4,0,0.43887704093057145,0
2020-10-06,Random Forest,4,1,0.5163113414614195,1
2020-10-07,Random Forest,4,1,0.4252810732688143,0
2020-10-08,Random Forest,4,1,0.5195015349350806,1
2020-10-09,Random Forest,4,1,0.5044713711855613,1
2020-10-12,Random Forest,4,0,0.4890223405099832,0
2020-10-13,Random Forest,4,0,0.5867283604940169,1
2020-10-14,Random Forest,4,0,0.5628615728157988,1
2020-10-15,Random Forest,4,0,0.5966329170473073,1
2020-10-16,Random Forest,4,0,0.5710992649627221,1
2020-10-19,Random Forest,4,1,0.5451695905075953,1
2020-10-20,Random Forest,4,0,0.520027678230581,1
2020-10-21,Random Forest,4,1,0.539366436487211,1
2020-10-22,Random Forest,4,1,0.5448639014106895,1
2020-10-23,Random Forest,4,0,0.5749171020757363,1
2020-10-26,Random Forest,4,0,0.5691249966446937,1
2020-10-27,Random Forest,4,0,0.5503988490477462,1
2020-10-28,Random Forest,4,1,0.5470103668693812,1
2020-10-29,Random Forest,4,0,0.6094804443808908,1
2020-10-30,Random Forest,4,1,0.5727053158194956,1
2020-11-02,Random Forest,4,1,0.6028659858735643,1
2020-11-03,Random Forest,4,1,0.5736133152696612,1
2020-11-04,Random Forest,4,1,0.5161686656017623,1
2020-11-05,Random Forest,4,0,0.5505862439464293,1
2020-11-06,Random Forest,4,1,0.6497786505839404,1
2020-11-09,Random Forest,4,0,0.4796981389635215,0
2020-11-10,Random Forest,4,1,0.5677386750127145,1
2020-11-11,Random Forest,4,0,0.5313100474182982,1
2020-11-12,Random Forest,4,1,0.591315916161153,1
2020-11-13,Random Forest,4,1,0.4478488348364273,0
2020-11-16,Random Forest,4,0,0.5419916011773366,1
2020-11-17,Random Forest,4,0,0.5346551246985165,1
2020-11-18,Random Forest,4,1,0.4674251956916191,0
2020-11-19,Random Forest,4,0,0.5448122950121619,1
2020-11-20,Random Forest,4,1,0.550599773833546,1
2020-11-23,Random Forest,4,1,0.5860785787735793,1
2020-11-24,Random Forest,4,0,0.5553522612479073,1
2020-11-25,Random Forest,4,1,0.49750823172439423,0
2020-11-27,Random Forest,4,0,0.47908104575255966,0
2020-11-30,Random Forest,4,1,0.5876141804557841,1
2020-12-01,Random Forest,4,1,0.5122787756554106,1
2020-12-02,Random Forest,4,0,0.515699084678128,1
2020-12-03,Random Forest,4,1,0.5262274496910448,1
2020-12-04,Random Forest,4,0,0.5076083302300154,1
2020-12-07,Random Forest,4,1,0.49374024483633605,0
2020-12-08,Random Forest,4,0,0.4422741755509146,0
2020-12-09,Random Forest,4,0,0.47169801095004577,0
2020-12-10,Random Forest,4,0,0.4127600461911813,0
2020-12-11,Random Forest,4,0,0.5523950335638504,1
2020-12-14,Random Forest,4,1,0.5032325841735815,1
2020-12-15,Random Forest,4,1,0.42977947911643566,0
2020-12-16,Random Forest,4,1,0.5104582085424746,1
2020-12-17,Random Forest,4,0,0.46904905213936465,0
2020-12-18,Random Forest,4,0,0.5049578519390234,1
2020-12-21,Random Forest,4,0,0.5100958481441036,1
2020-12-22,Random Forest,4,1,0.6108053490507985,1
2020-12-23,Random Forest,4,1,0.5289761049309126,1
2020-12-24,Random Forest,4,1,0.5422480401708355,1
2020-12-28,Random Forest,4,0,0.4345701866085716,0
2020-12-29,Random Forest,4,1,0.5220461996288615,1
2020-12-30,Random Forest,4,1,0.46160350759360547,0
2020-12-31,Random Forest,4,0,0.5341517133138963,1
2021-01-04,Random Forest,4,1,0.4660032021682495,0
2021-01-05,Random Forest,4,1,0.44844514179484823,0
2021-01-06,Random Forest,5,1,0.47117653582945856,0
2021-01-07,Random Forest,5,1,0.41740807144445813,0
2021-01-08,Random Forest,5,0,0.47880862466336366,0
2021-01-11,Random Forest,5,1,0.5465260707804652,1
2021-01-12,Random Forest,5,1,0.5534005966847212,1
2021-01-13,Random Forest,5,0,0.5228739181928451,1
2021-01-14,Random Forest,5,0,0.6506399010193689,1
2021-01-15,Random Forest,5,1,0.4831399705584857,0
2021-01-19,Random Forest,5,1,0.4814360977437064,0
2021-01-20,Random Forest,5,1,0.5397067544033943,1
2021-01-21,Random Forest,5,0,0.5450720631315537,1
2021-01-22,Random Forest,5,1,0.6066239055821357,1
2021-01-25,Random Forest,5,0,0.5682776821411825,1
2021-01-26,Random Forest,5,0,0.5592918320141446,1
2021-01-27,Random Forest,5,1,0.5581487654580815,1
2021-01-28,Random Forest,5,0,0.4809993140432918,0
2021-01-29,Random Forest,5,1,0.578637404418023,1
2021-02-01,Random Forest,5,1,0.5290008616194312,1
2021-02-02,Random Forest,5,1,0.5574202939647106,1
2021-02-03,Random Forest,5,1,0.5565110355105785,1
2021-02-04,Random Forest,5,1,0.49634709963180634,0
2021-02-05,Random Forest,5,1,0.5633346341830705,1
2021-02-08,Random Forest,5,0,0.4554471610122565,0
2021-02-09,Random Forest,5,0,0.5259831673023015,1
2021-02-10,Random Forest,5,1,0.45508285745041277,0
2021-02-11,Random Forest,5,1,0.4951047666863931,0
2021-02-12,Random Forest,5,0,0.43193124005579836,0
2021-02-16,Random Forest,5,1,0.46282887050442856,0
2021-02-17,Random Forest,5,0,0.41006907357080713,0
2021-02-18,Random Forest,5,0,0.4984669552208323,0
2021-02-19,Random Forest,5,0,0.4396353388120056,0
2021-02-22,Random Forest,5,1,0.5399747506264188,1
2021-02-23,Random Forest,5,1,0.421763120898399,0
2021-02-24,Random Forest,5,0,0.4872831844374842,0
2021-02-25,Random Forest,5,0,0.4719683305400298,0
2021-02-26,Random Forest,5,1,0.4769844323926756,0
2021-03-01,Random Forest,5,0,0.5208634968328124,1
2021-03-02,Random Forest,5,0,0.5322538480004321,1
2021-03-03,Random Forest,5,0,0.5259583110073941,1
2021-03-04,Random Forest,5,1,0.5453795815785049,1
2021-03-05,Random Forest,5,0,0.48710586756589697,0
2021-03-08,Random Forest,5,1,0.5903508901054434,1
2021-03-09,Random Forest,5,1,0.5098636596702276,1
2021-03-10,Random Forest,5,1,0.5498760012585413,1
2021-03-11,Random Forest,5,1,0.4719582137430421,0
2021-03-12,Random Forest,5,1,0.5253560524237971,1
2021-03-15,Random Forest,5,0,0.5363134785120026,1
2021-03-16,Random Forest,5,1,0.5371694606504148,1
2021-03-17,Random Forest,5,0,0.4556003431874819,0
2021-03-18,Random Forest,5,0,0.5281813041438376,1
2021-03-19,Random Forest,5,1,0.5027663682087832,1
2021-03-22,Random Forest,5,0,0.39267193182741306,0
2021-03-23,Random Forest,5,0,0.5799470357237513,1
2021-03-24,Random Forest,5,1,0.3812920396360763,0
2021-03-25,Random Forest,5,1,0.4838975737185466,0
2021-03-26,Random Forest,5,0,0.44739477442173825,0
2021-03-29,Random Forest,5,0,0.5260985218211643,1
2021-03-30,Random Forest,5,1,0.4703170234755309,0
2021-03-31,Random Forest,5,1,0.5207243657529802,1
2021-04-01,Random Forest,5,1,0.5562407882376049,1
2021-04-05,Random Forest,5,0,0.4330952870826542,0
2021-04-06,Random Forest,5,1,0.5349890644386821,1
2021-04-07,Random Forest,5,1,0.5054990918343715,1
2021-04-08,Random Forest,5,1,0.49367648783951656,0
2021-04-09,Random Forest,5,1,0.4782016990204944,0
2021-04-12,Random Forest,5,1,0.4522021812018093,0
2021-04-13,Random Forest,5,0,0.4126005606505098,0
2021-04-14,Random Forest,5,1,0.5198148953390064,1
2021-04-15,Random Forest,5,1,0.37931981313616797,0
2021-04-16,Random Forest,5,0,0.487144870273038,0
2021-04-19,Random Forest,5,0,0.5363526494524392,1
2021-04-20,Random Forest,5,1,0.5584523834876435,1
2021-04-21,Random Forest,5,0,0.4380966660076839,0
2021-04-22,Random Forest,5,1,0.5939508198650773,1
2021-04-23,Random Forest,5,1,0.4218690209770751,0
2021-04-26,Random Forest,5,0,0.5227675645083445,1
2021-04-27,Random Forest,5,0,0.5287611087409176,1
2021-04-28,Random Forest,5,1,0.5212383116524484,1
2021-04-29,Random Forest,5,0,0.5740541074511308,1
2021-04-30,Random Forest,5,1,0.60674538033109,1
2021-05-03,Random Forest,5,0,0.5518535306171282,1
2021-05-04,Random Forest,5,1,0.5044538731696396,1
2021-05-05,Random Forest,5,1,0.5095647347420923,1
2021-05-06,Random Forest,5,1,0.4922012818292432,0
2021-05-07,Random Forest,5,0,0.5357585282239155,1
2021-05-10,Random Forest,5,0,0.4563682433123611,0
2021-05-11,Random Forest,5,0,0.5424737277949389,1
2021-05-12,Random Forest,5,1,0.5732307425763611,1
2021-05-13,Random Forest,5,1,0.45246145543696664,0
2021-05-14,Random Forest,5,0,0.4177368642169063,0
2021-05-17,Random Forest,5,0,0.5308126529328792,1
2021-05-18,Random Forest,5,0,0.47954093724489294,0
2021-05-19,Random Forest,5,1,0.5675059453706877,1
2021-05-20,Random Forest,5,0,0.45755377479269277,0
2021-05-21,Random Forest,5,1,0.5847488104971912,1
2021-05-24,Random Forest,5,0,0.3914823335976986,0
2021-05-25,Random Forest,5,1,0.5593445941511808,1
2021-05-26,Random Forest,5,1,0.44037223672755155,0
2021-05-27,Random Forest,5,1,0.534530407465419,1
2021-05-28,Random Forest,5,0,0.49206212423585766,0
2021-06-01,Random Forest,5,1,0.47793988424734946,0
2021-06-02,Random Forest,5,0,0.33284561026683923,0
2021-06-03,Random Forest,5,1,0.4115722878678521,0
2021-06-04,Random Forest,5,0,0.4258894976610784,0
2021-06-07,Random Forest,5,1,0.5160869684442628,1
2021-06-08,Random Forest,5,0,0.4750793009412009,0
2021-06-09,Random Forest,5,1,0.4937906926058099,0
2021-06-10,Random Forest,5,1,0.47842827664065307,0
2021-06-11,Random Forest,5,1,0.4598858856528894,0
2021-06-14,Random Forest,5,0,0.41388733566704433,0
2021-06-15,Random Forest,5,0,0.45992641809091095,0
2021-06-16,Random Forest,5,0,0.49571004822093245,0
2021-06-17,Random Forest,5,0,0.4537571231065507,0
2021-06-18,Random Forest,5,1,0.5370088214730449,1
2021-06-21,Random Forest,5,1,0.44116425964522754,0
2021-06-22,Random Forest,5,0,0.4713936509653847,0
2021-06-23,Random Forest,5,1,0.49053191751673053,0
2021-06-24,Random Forest,5,1,0.4314380163118637,0
2021-06-25,Random Forest,5,1,0.6013689182416795,1
2021-06-28,Random Forest,5,1,0.5429606521990281,1
2021-06-29,Random Forest,5,1,0.40453256604435534,0
2021-06-30,Random Forest,5,1,0.5196350665782479,1
2021-07-01,Random Forest,5,1,0.48706956140529634,0
2021-07-02,Random Forest,5,0,0.5081238313042259,1
2021-07-06,Random Forest,5,1,0.5310857141267464,1
2021-07-07,Random Forest,5,0,0.4729855231521858,0
2021-07-08,Random Forest,5,1,0.44674795400641554,0
2021-07-09,Random Forest,5,1,0.4182224664166748,0
2021-07-12,Random Forest,5,0,0.552748788596034,1
2021-07-13,Random Forest,5,1,0.5510982560908473,1
2021-07-14,Random Forest,5,0,0.5380096840819577,1
2021-07-15,Random Forest,5,0,0.6000271787467555,1
2021-07-16,Random Forest,5,0,0.5425856566889125,1
2021-07-19,Random Forest,5,1,0.421180316768152,0
2021-07-20,Random Forest,5,1,0.4900435996395866,0
2021-07-21,Random Forest,5,1,0.5271722760228797,1
2021-07-22,Random Forest,5,1,0.5314187627511545,1
2021-07-23,Random Forest,5,1,0.5153792712783395,1
2021-07-26,Random Forest,5,0,0.4996621500859221,0
2021-07-27,Random Forest,5,0,0.5884234875467599,1
2021-07-28,Random Forest,5,1,0.5323114443493605,1
2021-07-29,Random Forest,5,0,0.399231133542289,0
2021-07-30,Random Forest,5,0,0.5866716962612942,1
2021-08-02,Random Forest,5,1,0.49099679591754025,0
2021-08-03,Random Forest,5,0,0.469367245316421,0
2021-08-04,Random Forest,5,1,0.5070958370650673,1
2021-08-05,Random Forest,5,1,0.42630899595267857,0
2021-08-06,Random Forest,5,0,0.5489194158520264,1
2021-08-09,Random Forest,5,1,0.42502079888832084,0
2021-08-10,Random Forest,5,1,0.4780605121958807,0
2021-08-11,Random Forest,5,1,0.3801858654127665,0
2021-08-12,Random Forest,5,1,0.3303260805220821,0
2021-08-13,Random Forest,5,1,0.40142827277988496,0
2021-08-16,Random Forest,5,0,0.4782122597379243,0
2021-08-17,Random Forest,5,0,0.3944889037465235,0
2021-08-18,Random Forest,5,1,0.5953809735999553,1
2021-08-19,Random Forest,5,1,0.46405671392868436,0
2021-08-20,Random Forest,5,1,0.4923378393060231,0
2021-08-23,Random Forest,5,1,0.47944563377039534,0
2021-08-24,Random Forest,5,1,0.47738962733534457,0
2021-08-25,Random Forest,5,0,0.4490453274918057,0
2021-08-26,Random Forest,5,1,0.571532554560214,1
2021-08-27,Random Forest,5,1,0.5182381159405175,1
2021-08-30,Random Forest,5,0,0.6009164774908671,1
2021-08-31,Random Forest,5,1,0.5897444443120485,1
2021-09-01,Random Forest,5,1,0.5106386006587577,1
2021-09-02,Random Forest,5,0,0.46436742681755144,0
2021-09-03,Random Forest,5,0,0.4653071859718739,0
2021-09-07,Random Forest,5,0,0.5594232291690636,1
2021-09-08,Random Forest,5,0,0.5417313389641257,1
2021-09-09,Random Forest,5,0,0.6219955342437995,1
2021-09-10,Random Forest,5,1,0.536556630912454,1
2021-09-13,Random Forest,5,0,0.46778018751071204,0
2021-09-14,Random Forest,5,1,0.525156493175732,1
2021-09-15,Random Forest,5,0,0.47836306479886276,0
2021-09-16,Random Forest,5,0,0.5619532592496135,1
2021-09-17,Random Forest,5,0,0.5141272401146161,1
2021-09-20,Random Forest,5,0,0.611085135373673,1
2021-09-21,Random Forest,5,1,0.5650383816484682,1
2021-09-22,Random Forest,5,1,0.5643578343173694,1
2021-09-23,Random Forest,5,1,0.44787892594846623,0
2021-09-24,Random Forest,5,0,0.527636375963647,1
2021-09-27,Random Forest,5,0,0.654965226718457,1
2021-09-28,Random Forest,5,1,0.6412213483712086,1
2021-09-29,Random Forest,5,0,0.5776956852973435,1
2021-09-30,Random Forest,5,1,0.5578518077828533,1
2021-10-01,Random Forest,5,0,0.49530966845621,0
2021-10-04,Random Forest,5,1,0.6198273687907208,1
2021-10-05,Random Forest,5,1,0.5669119657681286,1
2021-10-06,Random Forest,5,1,0.559033237666277,1
2021-10-07,Random Forest,5,0,0.465698962467973,0
2021-10-08,Random Forest,5,0,0.4950619064864958,0
2021-10-11,Random Forest,5,0,0.5309140994368946,1
2021-10-12,Random Forest,5,1,0.4337154987869722,0
2021-10-13,Random Forest,5,1,0.5373854534705484,1
2021-10-14,Random Forest,5,1,0.45746361401688035,0
2021-10-15,Random Forest,5,1,0.5570691763094997,1
2021-10-18,Random Forest,5,1,0.5801201725059969,1
2021-10-19,Random Forest,5,1,0.5095580618854624,1
2021-10-20,Random Forest,5,1,0.4881578734316815,0
2021-10-21,Random Forest,5,0,0.45294245140139777,0
2021-10-22,Random Forest,5,1,0.5671755583568329,1
2021-10-25,Random Forest,5,1,0.4216026618003388,0
2021-10-26,Random Forest,5,0,0.4934080508147521,0
2021-10-27,Random Forest,5,1,0.5024432128484354,1
2021-10-28,Random Forest,5,1,0.46378458122102306,0
2021-10-29,Random Forest,5,1,0.5484665000671701,1
2021-11-01,Random Forest,5,1,0.4979375469619023,0
2021-11-02,Random Forest,5,1,0.4719740985036998,0
2021-11-03,Random Forest,5,1,0.5118159973371669,1
2021-11-04,Random Forest,5,1,0.5055434206072693,1
2021-11-05,Random Forest,5,1,0.4841973751733613,0
2021-11-08,Random Forest,5,0,0.4592898652312976,0
2021-11-09,Random Forest,5,0,0.5554806233181121,1
2021-11-10,Random Forest,5,1,0.6191314440429525,1
2021-11-11,Random Forest,5,1,0.5511454621051155,1
2021-11-12,Random Forest,5,1,0.5278208442059583,1
2021-11-15,Random Forest,5,1,0.5879459290333684,1
2021-11-16,Random Forest,5,0,0.48412375610578323,0
2021-11-17,Random Forest,5,1,0.5784071179837907,1
2021-11-18,Random Forest,5,0,0.44074050484226573,0
2021-11-19,Random Forest,5,0,0.6852722942261098,1
2021-11-22,Random Forest,5,1,0.5334785055397319,1
2021-11-23,Random Forest,5,1,0.5044028306506939,1
2021-11-24,Random Forest,5,0,0.5092444896276533,1
2021-11-26,Random Forest,5,1,0.5635787924653692,1
2021-11-29,Random Forest,5,0,0.4741257348120959,0
2021-11-30,Random Forest,5,0,0.492595747571263,0
2021-12-01,Random Forest,5,1,0.5152821960399011,1
2021-12-02,Random Forest,5,0,0.5208904988663572,1
2021-12-03,Random Forest,5,1,0.6125605379540752,1
2021-12-06,Random Forest,5,1,0.5316465517723931,1
2021-12-07,Random Forest,5,1,0.5481463610450696,1
2021-12-08,Random Forest,5,0,0.6483810951735897,1
2021-12-09,Random Forest,5,1,0.5333797313876928,1
2021-12-10,Random Forest,5,0,0.5343884857553416,1
2021-12-13,Random Forest,5,0,0.5691613770799717,1
2021-12-14,Random Forest,5,1,0.53811303081919,1
2021-12-15,Random Forest,5,0,0.4374651341921614,0
2021-12-16,Random Forest,5,0,0.5511863477487925,1
2021-12-17,Random Forest,5,0,0.504335127022303,1
2021-12-20,Random Forest,5,1,0.6213902119798507,1
2021-12-21,Random Forest,5,1,0.49633044626410977,0
2021-12-22,Random Forest,5,1,0.47660222361710747,0
2021-12-23,Random Forest,5,1,0.4398378639572227,0
2021-12-27,Random Forest,5,0,0.4695544720339671,0
2021-12-28,Random Forest,5,1,0.5248102970217084,1
2021-12-29,Random Forest,5,0,0.5456321109120886,1
2021-12-30,Random Forest,5,0,0.5758293631594806,1
2021-12-31,Random Forest,5,1,0.5864539800992055,1
2017-01-17,XGBoost,1,1,0.617567777633667,1
2017-01-18,XGBoost,1,0,0.1956993192434311,0
2017-01-19,XGBoost,1,1,0.33842480182647705,0
2017-01-20,XGBoost,1,0,0.38298892974853516,0
2017-01-23,XGBoost,1,1,0.3128814995288849,0
2017-01-24,XGBoost,1,1,0.17391309142112732,0
2017-01-25,XGBoost,1,0,0.2545226216316223,0
2017-01-26,XGBoost,1,0,0.22173534333705902,0
2017-01-27,XGBoost,1,0,0.6000379323959351,1
2017-01-30,XGBoost,1,0,0.6294505596160889,1
2017-01-31,XGBoost,1,1,0.3107709288597107,0
2017-02-01,XGBoost,1,1,0.7231114506721497,1
2017-02-02,XGBoost,1,1,0.7525162696838379,1
2017-02-03,XGBoost,1,0,0.16181237995624542,0
2017-02-06,XGBoost,1,1,0.6530581712722778,1
2017-02-07,XGBoost,1,1,0.4421684741973877,0
2017-02-08,XGBoost,1,1,0.185674786567688,0
2017-02-09,XGBoost,1,1,0.17933213710784912,0
2017-02-10,XGBoost,1,1,0.4026328921318054,0
2017-02-13,XGBoost,1,1,0.21672168374061584,0
2017-02-14,XGBoost,1,1,0.6636846661567688,1
2017-02-15,XGBoost,1,0,0.5177198052406311,1
2017-02-16,XGBoost,1,1,0.773636519908905,1
2017-02-17,XGBoost,1,1,0.2526177763938904,0
2017-02-21,XGBoost,1,0,0.368927001953125,0
2017-02-22,XGBoost,1,1,0.29947665333747864,0
2017-02-23,XGBoost,1,1,0.4755121171474457,0
2017-02-24,XGBoost,1,1,0.16790732741355896,0
2017-02-27,XGBoost,1,0,0.10080984979867935,0
2017-02-28,XGBoost,1,1,0.6564192175865173,1
2017-03-01,XGBoost,1,0,0.6420255899429321,1
2017-03-02,XGBoost,1,1,0.4938121438026428,0
2017-03-03,XGBoost,1,0,0.7646199464797974,1
2017-03-06,XGBoost,1,0,0.5319656133651733,1
2017-03-07,XGBoost,1,0,0.9737846851348877,1
2017-03-08,XGBoost,1,1,0.955896258354187,1
2017-03-09,XGBoost,1,1,0.9474651217460632,1
2017-03-10,XGBoost,1,1,0.8704315423965454,1
2017-03-13,XGBoost,1,0,0.884476363658905,1
2017-03-14,XGBoost,1,1,0.8026461005210876,1
2017-03-15,XGBoost,1,0,0.7567887902259827,1
2017-03-16,XGBoost,1,0,0.349606454372406,0
2017-03-17,XGBoost,1,0,0.6258306503295898,1
2017-03-20,XGBoost,1,0,0.9053279161453247,1
2017-03-21,XGBoost,1,1,0.8845983147621155,1
2017-03-22,XGBoost,1,0,0.4757763147354126,0
2017-03-23,XGBoost,1,0,0.7596309781074524,1
2017-03-24,XGBoost,1,0,0.8240619897842407,1
2017-03-27,XGBoost,1,1,0.6379057168960571,1
2017-03-28,XGBoost,1,1,0.574729323387146,1
2017-03-29,XGBoost,1,1,0.35699278116226196,0
2017-03-30,XGBoost,1,0,0.13841818273067474,0
2017-03-31,XGBoost,1,0,0.3376806080341339,0
2017-04-03,XGBoost,1,1,0.41037458181381226,0
2017-04-04,XGBoost,1,0,0.6024927496910095,1
2017-04-05,XGBoost,1,1,0.5006051659584045,1
2017-04-06,XGBoost,1,0,0.19086532294750214,0
2017-04-07,XGBoost,1,1,0.6405490040779114,1
2017-04-10,XGBoost,1,0,0.3053126931190491,0
2017-04-11,XGBoost,1,0,0.6476945281028748,1
2017-04-12,XGBoost,1,0,0.5765689611434937,1
2017-04-13,XGBoost,1,1,0.5132821202278137,1
2017-04-17,XGBoost,1,0,0.4267570376396179,0
2017-04-18,XGBoost,1,0,0.7267783284187317,1
2017-04-19,XGBoost,1,1,0.5850517153739929,1
2017-04-20,XGBoost,1,0,0.24500051140785217,0
2017-04-21,XGBoost,1,1,0.855816662311554,1
2017-04-24,XGBoost,1,1,0.6435114741325378,1
2017-04-25,XGBoost,1,0,0.4067418575286865,0
2017-04-26,XGBoost,1,1,0.6103874444961548,1
2017-04-27,XGBoost,1,0,0.17876437306404114,0
2017-04-28,XGBoost,1,1,0.4023924469947815,0
2017-05-01,XGBoost,1,1,0.6483231782913208,1
2017-05-02,XGBoost,1,0,0.336135596036911,0
2017-05-03,XGBoost,1,1,0.5421282052993774,1
2017-05-04,XGBoost,1,1,0.2975006699562073,0
2017-05-05,XGBoost,1,0,0.09893600642681122,0
2017-05-08,XGBoost,1,0,0.0651433989405632,0
2017-05-09,XGBoost,1,1,0.21570760011672974,0
2017-05-10,XGBoost,1,0,0.5177379846572876,1
2017-05-11,XGBoost,1,0,0.5207948088645935,1
2017-05-12,XGBoost,1,1,0.8276731371879578,1
2017-05-15,XGBoost,1,0,0.34130799770355225,0
2017-05-16,XGBoost,1,0,0.2742712199687958,0
2017-05-17,XGBoost,1,1,0.34380441904067993,0
2017-05-18,XGBoost,1,1,0.5797752737998962,1
2017-05-19,XGBoost,1,1,0.16930662095546722,0
2017-05-22,XGBoost,1,1,0.21096119284629822,0
2017-05-23,XGBoost,1,1,0.1594272255897522,0
2017-05-24,XGBoost,1,1,0.11199774593114853,0
2017-05-25,XGBoost,1,0,0.12306571751832962,0
2017-05-26,XGBoost,1,0,0.26833587884902954,0
2017-05-30,XGBoost,1,0,0.27244144678115845,0
2017-05-31,XGBoost,1,1,0.3051205277442932,0
2017-06-01,XGBoost,1,1,0.456853449344635,0
2017-06-02,XGBoost,1,0,0.7827380299568176,1
2017-06-05,XGBoost,1,0,0.16088896989822388,0
2017-06-06,XGBoost,1,1,0.19902674853801727,0
2017-06-07,XGBoost,1,1,0.20294417440891266,0
2017-06-08,XGBoost,1,0,0.3009325861930847,0
2017-06-09,XGBoost,1,0,0.5010775923728943,1
2017-06-12,XGBoost,1,1,0.7327723503112793,1
2017-06-13,XGBoost,1,0,0.2524009943008423,0
2017-06-14,XGBoost,1,0,0.2799973785877228,0
2017-06-15,XGBoost,1,1,0.20894113183021545,0
2017-06-16,XGBoost,1,1,0.8779661059379578,1
2017-06-19,XGBoost,1,0,0.36510515213012695,0
2017-06-20,XGBoost,1,0,0.7002447843551636,1
2017-06-21,XGBoost,1,0,0.529283881187439,1
2017-06-22,XGBoost,1,1,0.7379584312438965,1
2017-06-23,XGBoost,1,1,0.9168767333030701,1
2017-06-26,XGBoost,1,0,0.795753538608551,1
2017-06-27,XGBoost,1,1,0.6951714754104614,1
2017-06-28,XGBoost,1,0,0.6453795433044434,1
2017-06-29,XGBoost,1,1,0.7890603542327881,1
2017-06-30,XGBoost,1,1,0.538246214389801,1
2017-07-03,XGBoost,1,1,0.18130037188529968,0
2017-07-05,XGBoost,1,0,0.24766872823238373,0
2017-07-06,XGBoost,1,1,0.560778796672821,1
2017-07-07,XGBoost,1,1,0.5811087489128113,1
2017-07-10,XGBoost,1,0,0.3549000322818756,0
2017-07-11,XGBoost,1,1,0.8089474439620972,1
2017-07-12,XGBoost,1,1,0.3093413710594177,0
2017-07-13,XGBoost,1,1,0.6389136910438538,1
2017-07-14,XGBoost,1,0,0.6055554151535034,1
2017-07-17,XGBoost,1,1,0.3360915184020996,0
2017-07-18,XGBoost,1,1,0.4696093797683716,0
2017-07-19,XGBoost,1,1,0.44044750928878784,0
2017-07-20,XGBoost,1,0,0.19239547848701477,0
2017-07-21,XGBoost,1,0,0.5047360062599182,1
2017-07-24,XGBoost,1,1,0.2954629063606262,0
2017-07-25,XGBoost,1,1,0.44759467244148254,0
2017-07-26,XGBoost,1,0,0.24334025382995605,0
2017-07-27,XGBoost,1,0,0.20958712697029114,0
2017-07-28,XGBoost,1,0,0.47871166467666626,0
2017-07-31,XGBoost,1,1,0.9170042276382446,1
2017-08-01,XGBoost,1,1,0.6006920337677002,1
2017-08-02,XGBoost,1,0,0.311265230178833,0
2017-08-03,XGBoost,1,1,0.42226335406303406,0
2017-08-04,XGBoost,1,1,0.7326794266700745,1
2017-08-07,XGBoost,1,0,0.2761824429035187,0
2017-08-08,XGBoost,1,0,0.6859546303749084,1
2017-08-09,XGBoost,1,0,0.45421481132507324,0
2017-08-10,XGBoost,1,1,0.7511487007141113,1
2017-08-11,XGBoost,1,1,0.5943110585212708,1
2017-08-14,XGBoost,1,0,0.22137118875980377,0
2017-08-15,XGBoost,1,1,0.3135407865047455,0
2017-08-16,XGBoost,1,0,0.42743539810180664,0
2017-08-17,XGBoost,1,0,0.45795655250549316,0
2017-08-18,XGBoost,1,1,0.5085229277610779,1
2017-08-21,XGBoost,1,1,0.6196476817131042,1
2017-08-22,XGBoost,1,0,0.4188699424266815,0
2017-08-23,XGBoost,1,0,0.2471165955066681,0
2017-08-24,XGBoost,1,1,0.47748667001724243,0
2017-08-25,XGBoost,1,1,0.39760276675224304,0
2017-08-28,XGBoost,1,1,0.19302800297737122,0
2017-08-29,XGBoost,1,1,0.5603448152542114,1
2017-08-30,XGBoost,1,1,0.2819785177707672,0
2017-08-31,XGBoost,1,1,0.46464458107948303,0
2017-09-01,XGBoost,1,0,0.19127042591571808,0
2017-09-05,XGBoost,1,1,0.7547538876533508,1
2017-09-06,XGBoost,1,0,0.029325006529688835,0
2017-09-07,XGBoost,1,0,0.045622698962688446,0
2017-09-08,XGBoost,1,1,0.6744709014892578,1
2017-09-11,XGBoost,1,1,0.6685034036636353,1
2017-09-12,XGBoost,1,1,0.3064897656440735,0
2017-09-13,XGBoost,1,0,0.40202605724334717,0
2017-09-14,XGBoost,1,1,0.2785152792930603,0
2017-09-15,XGBoost,1,1,0.6421116590499878,1
2017-09-18,XGBoost,1,1,0.19808200001716614,0
2017-09-19,XGBoost,1,1,0.10258033871650696,0
2017-09-20,XGBoost,1,0,0.12311171740293503,0
2017-09-21,XGBoost,1,1,0.6078322529792786,1
2017-09-22,XGBoost,1,0,0.6202881932258606,1
2017-09-25,XGBoost,1,1,0.7587155103683472,1
2017-09-26,XGBoost,1,1,0.8391258716583252,1
2017-09-27,XGBoost,1,1,0.7657188177108765,1
2017-09-28,XGBoost,1,1,0.20124877989292145,0
2017-09-29,XGBoost,1,1,0.5488007068634033,1
2017-10-02,XGBoost,1,1,0.1873837113380432,0
2017-10-03,XGBoost,1,1,0.7524063587188721,1
2017-10-04,XGBoost,1,1,0.43773892521858215,0
2017-10-05,XGBoost,1,0,0.44914016127586365,0
2017-10-06,XGBoost,1,0,0.7861143946647644,1
2017-10-09,XGBoost,1,1,0.4666043817996979,0
2017-10-10,XGBoost,1,1,0.61235111951828,1
2017-10-11,XGBoost,1,0,0.24205349385738373,0
2017-10-12,XGBoost,1,1,0.7298173308372498,1
2017-10-13,XGBoost,1,1,0.24933141469955444,0
2017-10-16,XGBoost,1,1,0.08896897733211517,0
2017-10-17,XGBoost,1,1,0.23760078847408295,0
2017-10-18,XGBoost,1,1,0.25380054116249084,0
2017-10-19,XGBoost,1,1,0.24935899674892426,0
2017-10-20,XGBoost,1,0,0.29690247774124146,0
2017-10-23,XGBoost,1,1,0.19414597749710083,0
2017-10-24,XGBoost,1,0,0.23890668153762817,0
2017-10-25,XGBoost,1,1,0.9169564247131348,1
2017-10-26,XGBoost,1,1,0.6283068060874939,1
2017-10-27,XGBoost,1,0,0.6473488807678223,1
2017-10-30,XGBoost,1,1,0.3785543441772461,0
2017-10-31,XGBoost,1,1,0.4094957113265991,0
2017-11-01,XGBoost,1,1,0.32977643609046936,0
2017-11-02,XGBoost,1,1,0.3598804771900177,0
2017-11-03,XGBoost,1,1,0.2572627067565918,0
2017-11-06,XGBoost,1,0,0.2975451350212097,0
2017-11-07,XGBoost,1,1,0.11151561886072159,0
2017-11-08,XGBoost,1,0,0.36604684591293335,0
2017-11-09,XGBoost,1,0,0.3717215657234192,0
2017-11-10,XGBoost,1,1,0.4086400270462036,0
2017-11-13,XGBoost,1,0,0.20628131926059723,0
2017-11-14,XGBoost,1,0,0.7317928075790405,1
2017-11-15,XGBoost,1,1,0.532772958278656,1
2017-11-16,XGBoost,1,0,0.21838641166687012,0
2017-11-17,XGBoost,1,1,0.671096682548523,1
2017-11-20,XGBoost,1,1,0.4382515549659729,0
2017-11-21,XGBoost,1,0,0.395072340965271,0
2017-11-22,XGBoost,1,1,0.4351688027381897,0
2017-11-24,XGBoost,1,0,0.1321733444929123,0
2017-11-27,XGBoost,1,1,0.5280739068984985,1
2017-11-28,XGBoost,1,0,0.27738291025161743,0
2017-11-29,XGBoost,1,1,0.8969078660011292,1
2017-11-30,XGBoost,1,0,0.18379861116409302,0
2017-12-01,XGBoost,1,0,0.8386862874031067,1
2017-12-04,XGBoost,1,0,0.384257972240448,0
2017-12-05,XGBoost,1,1,0.39418888092041016,0
2017-12-06,XGBoost,1,1,0.2479095309972763,0
2017-12-07,XGBoost,1,1,0.5215365290641785,1
2017-12-08,XGBoost,1,1,0.606977641582489,1
2017-12-11,XGBoost,1,1,0.53617924451828,1
2017-12-12,XGBoost,1,0,0.29653966426849365,0
2017-12-13,XGBoost,1,0,0.22434726357460022,0
2017-12-14,XGBoost,1,1,0.16343609988689423,0
2017-12-15,XGBoost,1,1,0.17937232553958893,0
2017-12-18,XGBoost,1,0,0.1808221936225891,0
2017-12-19,XGBoost,1,0,0.1968279927968979,0
2017-12-20,XGBoost,1,1,0.36295071244239807,0
2017-12-21,XGBoost,1,0,0.4289136826992035,0
2017-12-22,XGBoost,1,0,0.8232144713401794,1
2017-12-26,XGBoost,1,1,0.48938608169555664,0
2017-12-27,XGBoost,1,1,0.8004458546638489,1
2017-12-28,XGBoost,1,0,0.36175262928009033,0
2017-12-29,XGBoost,1,1,0.453574538230896,0
2018-01-02,XGBoost,1,1,0.2234967052936554,0
2018-01-03,XGBoost,1,1,0.4736206531524658,0
2018-01-04,XGBoost,1,1,0.407819002866745,0
2018-01-05,XGBoost,1,1,0.2580035328865051,0
2018-01-08,XGBoost,1,1,0.6198604106903076,1
2018-01-09,XGBoost,1,0,0.48379775881767273,0
2018-01-10,XGBoost,1,1,0.7562785148620605,1
2018-01-11,XGBoost,1,1,0.3369198143482208,0
2018-01-12,XGBoost,2,0,0.7273844480514526,1
2018-01-16,XGBoost,2,1,0.22464612126350403,0
2018-01-17,XGBoost,2,0,0.35837438702583313,0
2018-01-18,XGBoost,2,1,0.8905225992202759,1
2018-01-19,XGBoost,2,1,0.6043869256973267,1
2018-01-22,XGBoost,2,1,0.47371020913124084,0
2018-01-23,XGBoost,2,0,0.8600281476974487,1
2018-01-24,XGBoost,2,1,0.6055666208267212,1
2018-01-25,XGBoost,2,1,0.3650493621826172,0
2018-01-26,XGBoost,2,0,0.4166433811187744,0
2018-01-29,XGBoost,2,0,0.510631799697876,1
2018-01-30,XGBoost,2,1,0.7786629796028137,1
2018-01-31,XGBoost,2,0,0.6016757488250732,1
2018-02-01,XGBoost,2,0,0.3390538692474365,0
2018-02-02,XGBoost,2,0,0.7292976975440979,1
2018-02-05,XGBoost,2,1,0.7033401131629944,1
2018-02-06,XGBoost,2,0,0.252606064081192,0
2018-02-07,XGBoost,2,0,0.6849241256713867,1
2018-02-08,XGBoost,2,1,0.758202314376831,1
2018-02-09,XGBoost,2,1,0.758264422416687,1
2018-02-12,XGBoost,2,1,0.7074992656707764,1
2018-02-13,XGBoost,2,1,0.6050143241882324,1
2018-02-14,XGBoost,2,1,0.29656025767326355,0
2018-02-15,XGBoost,2,1,0.31806185841560364,0
2018-02-16,XGBoost,2,0,0.6304063200950623,1
2018-02-20,XGBoost,2,0,0.8868781328201294,1
2018-02-21,XGBoost,2,1,0.26779475808143616,0
2018-02-22,XGBoost,2,1,0.29371678829193115,0
2018-02-23,XGBoost,2,1,0.3196943700313568,0
2018-02-26,XGBoost,2,0,0.6759890913963318,1
2018-02-27,XGBoost,2,0,0.07030787318944931,0
2018-02-28,XGBoost,2,0,0.15983276069164276,0
2018-03-01,XGBoost,2,1,0.6068769097328186,1
2018-03-02,XGBoost,2,1,0.3028222918510437,0
2018-03-05,XGBoost,2,1,0.1342940479516983,0
2018-03-06,XGBoost,2,0,0.7545828223228455,1
2018-03-07,XGBoost,2,1,0.5771571397781372,1
2018-03-08,XGBoost,2,1,0.7294583916664124,1
2018-03-09,XGBoost,2,0,0.970514178276062,1
2018-03-12,XGBoost,2,0,0.7828721404075623,1
2018-03-13,XGBoost,2,0,0.6481422185897827,1
2018-03-14,XGBoost,2,0,0.4157314598560333,0
2018-03-15,XGBoost,2,1,0.30421358346939087,0
2018-03-16,XGBoost,2,0,0.5894139409065247,1
2018-03-19,XGBoost,2,1,0.7764736413955688,1
2018-03-20,XGBoost,2,0,0.5335275530815125,1
2018-03-21,XGBoost,2,0,0.7619494795799255,1
2018-03-22,XGBoost,2,0,0.7160106897354126,1
2018-03-23,XGBoost,2,1,0.8911570310592651,1
2018-03-26,XGBoost,2,0,0.8821583390235901,1
2018-03-27,XGBoost,2,0,0.8536127805709839,1
2018-03-28,XGBoost,2,1,0.9447416663169861,1
2018-03-29,XGBoost,2,0,0.7468157410621643,1
2018-04-02,XGBoost,2,1,0.9426497220993042,1
2018-04-03,XGBoost,2,1,0.6613504886627197,1
2018-04-04,XGBoost,2,1,0.7677490711212158,1
2018-04-05,XGBoost,2,0,0.6828988194465637,1
2018-04-06,XGBoost,2,1,0.9441974759101868,1
2018-04-09,XGBoost,2,1,0.9143602848052979,1
2018-04-10,XGBoost,2,0,0.892681360244751,1
2018-04-11,XGBoost,2,1,0.4984402656555176,0
2018-04-12,XGBoost,2,0,0.2764923870563507,0
2018-04-13,XGBoost,2,1,0.7881830930709839,1
2018-04-16,XGBoost,2,1,0.395343154668808,0
2018-04-17,XGBoost,2,1,0.34278780221939087,0
2018-04-18,XGBoost,2,0,0.2081555277109146,0
2018-04-19,XGBoost,2,0,0.5307652354240417,1
2018-04-20,XGBoost,2,0,0.743342936038971,1
2018-04-23,XGBoost,2,0,0.5176522135734558,1
2018-04-24,XGBoost,2,1,0.8122925162315369,1
2018-04-25,XGBoost,2,1,0.8450344800949097,1
2018-04-26,XGBoost,2,1,0.26176270842552185,0
2018-04-27,XGBoost,2,0,0.4599672257900238,0
2018-04-30,XGBoost,2,1,0.7135521769523621,1
2018-05-01,XGBoost,2,0,0.730282723903656,1
2018-05-02,XGBoost,2,0,0.7856655716896057,1
2018-05-03,XGBoost,2,1,0.810904860496521,1
2018-05-04,XGBoost,2,1,0.6553366184234619,1
2018-05-07,XGBoost,2,0,0.499814510345459,0
2018-05-08,XGBoost,2,1,0.6162706017494202,1
2018-05-09,XGBoost,2,1,0.3558984100818634,0
2018-05-10,XGBoost,2,1,0.6197928786277771,1
2018-05-11,XGBoost,2,1,0.8534274697303772,1
2018-05-14,XGBoost,2,0,0.3112392723560333,0
2018-05-15,XGBoost,2,1,0.8698423504829407,1
2018-05-16,XGBoost,2,0,0.4102299213409424,0
2018-05-17,XGBoost,2,0,0.8499457836151123,1
2018-05-18,XGBoost,2,1,0.7148987650871277,1
2018-05-21,XGBoost,2,0,0.6498480439186096,1
2018-05-22,XGBoost,2,1,0.5930306911468506,1
2018-05-23,XGBoost,2,0,0.7857439517974854,1
2018-05-24,XGBoost,2,0,0.6833136081695557,1
2018-05-25,XGBoost,2,0,0.5399441123008728,1
2018-05-29,XGBoost,2,1,0.8971766829490662,1
2018-05-30,XGBoost,2,0,0.25558310747146606,0
2018-05-31,XGBoost,2,1,0.5985985398292542,1
2018-06-01,XGBoost,2,1,0.2754649519920349,0
2018-06-04,XGBoost,2,1,0.20714104175567627,0
2018-06-05,XGBoost,2,1,0.4633355736732483,0
2018-06-06,XGBoost,2,0,0.3732258677482605,0
2018-06-07,XGBoost,2,1,0.5535840392112732,1
2018-06-08,XGBoost,2,1,0.8477591276168823,1
2018-06-11,XGBoost,2,1,0.36137181520462036,0
2018-06-12,XGBoost,2,0,0.45983418822288513,0
2018-06-13,XGBoost,2,1,0.7327414751052856,1
2018-06-14,XGBoost,2,0,0.41608184576034546,0
2018-06-15,XGBoost,2,0,0.29819661378860474,0
2018-06-18,XGBoost,2,0,0.4873547852039337,0
2018-06-19,XGBoost,2,1,0.5019841194152832,1
2018-06-20,XGBoost,2,0,0.5549214482307434,1
2018-06-21,XGBoost,2,1,0.2569407522678375,0
2018-06-22,XGBoost,2,0,0.712813138961792,1
2018-06-25,XGBoost,2,1,0.6782691478729248,1
2018-06-26,XGBoost,2,0,0.17621983587741852,0
2018-06-27,XGBoost,2,1,0.4692043364048004,0
2018-06-28,XGBoost,2,1,0.42077434062957764,0
2018-06-29,XGBoost,2,1,0.8086535334587097,1
2018-07-02,XGBoost,2,0,0.8036394715309143,1
2018-07-03,XGBoost,2,1,0.7327245473861694,1
2018-07-05,XGBoost,2,1,0.7201541662216187,1
2018-07-06,XGBoost,2,1,0.545554518699646,1
2018-07-09,XGBoost,2,1,0.30882173776626587,0
2018-07-10,XGBoost,2,0,0.5309960842132568,1
2018-07-11,XGBoost,2,1,0.722448468208313,1
2018-07-12,XGBoost,2,1,0.5330458879470825,1
2018-07-13,XGBoost,2,0,0.7342172265052795,1
2018-07-16,XGBoost,2,1,0.7556544542312622,1
2018-07-17,XGBoost,2,1,0.5687075257301331,1
2018-07-18,XGBoost,2,0,0.7558674216270447,1
2018-07-19,XGBoost,2,0,0.4047994017601013,0
2018-07-20,XGBoost,2,1,0.9038136601448059,1
2018-07-23,XGBoost,2,1,0.5887080430984497,1
2018-07-24,XGBoost,2,1,0.7492565512657166,1
2018-07-25,XGBoost,2,0,0.5513293147087097,1
2018-07-26,XGBoost,2,0,0.4732411205768585,0
2018-07-27,XGBoost,2,0,0.9243147969245911,1
2018-07-30,XGBoost,2,1,0.8662902116775513,1
2018-07-31,XGBoost,2,0,0.7443057298660278,1
2018-08-01,XGBoost,2,1,0.9035874605178833,1
2018-08-02,XGBoost,2,1,0.8932175636291504,1
2018-08-03,XGBoost,2,1,0.6270105838775635,1
2018-08-06,XGBoost,2,1,0.6357888579368591,1
2018-08-07,XGBoost,2,0,0.44025471806526184,0
2018-08-08,XGBoost,2,0,0.1915571689605713,0
2018-08-09,XGBoost,2,0,0.6402223706245422,1
2018-08-10,XGBoost,2,0,0.7782732248306274,1
2018-08-13,XGBoost,2,1,0.6901779174804688,1
2018-08-14,XGBoost,2,0,0.2817915380001068,0
2018-08-15,XGBoost,2,1,0.7647628784179688,1
2018-08-16,XGBoost,2,1,0.14133770763874054,0
2018-08-17,XGBoost,2,1,0.8108038306236267,1
2018-08-20,XGBoost,2,1,0.35539528727531433,0
2018-08-21,XGBoost,2,0,0.7026535272598267,1
2018-08-22,XGBoost,2,0,0.6831961274147034,1
2018-08-23,XGBoost,2,1,0.8775213360786438,1
2018-08-24,XGBoost,2,1,0.7611735463142395,1
2018-08-27,XGBoost,2,1,0.6540425419807434,1
2018-08-28,XGBoost,2,1,0.253499835729599,0
2018-08-29,XGBoost,2,0,0.8799558877944946,1
2018-08-30,XGBoost,2,1,0.7624096274375916,1
2018-08-31,XGBoost,2,0,0.7779282927513123,1
2018-09-04,XGBoost,2,0,0.8872148990631104,1
2018-09-05,XGBoost,2,0,0.8991299271583557,1
2018-09-06,XGBoost,2,0,0.7865754961967468,1
2018-09-07,XGBoost,2,1,0.8287610411643982,1
2018-09-10,XGBoost,2,1,0.6384370923042297,1
2018-09-11,XGBoost,2,1,0.5038667321205139,1
2018-09-12,XGBoost,2,1,0.8088203072547913,1
2018-09-13,XGBoost,2,1,0.4739735722541809,0
2018-09-14,XGBoost,2,0,0.8521090745925903,1
2018-09-17,XGBoost,2,1,0.9428786039352417,1
2018-09-18,XGBoost,2,1,0.5396597385406494,1
2018-09-19,XGBoost,2,1,0.66642165184021,1
2018-09-20,XGBoost,2,0,0.5169978737831116,1
2018-09-21,XGBoost,2,0,0.6863305568695068,1
2018-09-24,XGBoost,2,0,0.7999834418296814,1
2018-09-25,XGBoost,2,0,0.8773580193519592,1
2018-09-26,XGBoost,2,1,0.9185500741004944,1
2018-09-27,XGBoost,2,1,0.9457614421844482,1
2018-09-28,XGBoost,2,1,0.5944411158561707,1
2018-10-01,XGBoost,2,0,0.4582054018974304,0
2018-10-02,XGBoost,2,1,0.7543141841888428,1
2018-10-03,XGBoost,2,0,0.8961546421051025,1
2018-10-04,XGBoost,2,0,0.48927077651023865,0
2018-10-05,XGBoost,2,0,0.574907660484314,1
2018-10-08,XGBoost,2,0,0.5455011129379272,1
2018-10-09,XGBoost,2,0,0.8630357980728149,1
2018-10-10,XGBoost,2,0,0.880387544631958,1
2018-10-11,XGBoost,2,1,0.9335204362869263,1
2018-10-12,XGBoost,2,0,0.7240804433822632,1
2018-10-15,XGBoost,2,1,0.6053104400634766,1
2018-10-16,XGBoost,2,1,0.8110072612762451,1
2018-10-17,XGBoost,2,0,0.89964359998703,1
2018-10-18,XGBoost,2,0,0.9541711211204529,1
2018-10-19,XGBoost,2,0,0.773320198059082,1
2018-10-22,XGBoost,2,0,0.8649934530258179,1
2018-10-23,XGBoost,2,0,0.8004762530326843,1
2018-10-24,XGBoost,2,1,0.7493706941604614,1
2018-10-25,XGBoost,2,0,0.49505698680877686,0
2018-10-26,XGBoost,2,0,0.6969389915466309,1
2018-10-29,XGBoost,2,1,0.895850419998169,1
2018-10-30,XGBoost,2,1,0.5549672842025757,1
2018-10-31,XGBoost,2,1,0.66796875,1
2018-11-01,XGBoost,2,0,0.2734893560409546,0
2018-11-02,XGBoost,2,1,0.6487424969673157,1
2018-11-05,XGBoost,2,1,0.5673465728759766,1
2018-11-06,XGBoost,2,1,0.41960209608078003,0
2018-11-07,XGBoost,2,0,0.5927932858467102,1
2018-11-08,XGBoost,2,0,0.7107760906219482,1
2018-11-09,XGBoost,2,0,0.5418364405632019,1
2018-11-12,XGBoost,2,0,0.34644046425819397,0
2018-11-13,XGBoost,2,0,0.36624106764793396,0
2018-11-14,XGBoost,2,1,0.6046801209449768,1
2018-11-15,XGBoost,2,1,0.37725257873535156,0
2018-11-16,XGBoost,2,0,0.37139567732810974,0
2018-11-19,XGBoost,2,0,0.10167114436626434,0
2018-11-20,XGBoost,2,1,0.3681046664714813,0
2018-11-21,XGBoost,2,0,0.42484959959983826,0
2018-11-23,XGBoost,2,1,0.0922568216919899,0
2018-11-26,XGBoost,2,1,0.5853913426399231,1
2018-11-27,XGBoost,2,1,0.861628532409668,1
2018-11-28,XGBoost,2,0,0.8486739993095398,1
2018-11-29,XGBoost,2,1,0.7863277196884155,1
2018-11-30,XGBoost,2,1,0.9446232914924622,1
2018-12-03,XGBoost,2,0,0.9449914693832397,1
2018-12-04,XGBoost,2,0,0.5122902393341064,1
2018-12-06,XGBoost,2,0,0.7720100283622742,1
2018-12-07,XGBoost,2,1,0.8704738616943359,1
2018-12-10,XGBoost,2,1,0.6785402894020081,1
2018-12-11,XGBoost,2,1,0.5597902536392212,1
2018-12-12,XGBoost,2,0,0.4311717748641968,0
2018-12-13,XGBoost,2,0,0.7152403593063354,1
2018-12-14,XGBoost,2,0,0.9128277897834778,1
2018-12-17,XGBoost,2,0,0.8851945400238037,1
2018-12-18,XGBoost,2,0,0.9025499820709229,1
2018-12-19,XGBoost,2,0,0.826238751411438,1
2018-12-20,XGBoost,2,0,0.8443281054496765,1
2018-12-21,XGBoost,2,0,0.851744532585144,1
2018-12-24,XGBoost,2,1,0.6079251170158386,1
2018-12-26,XGBoost,2,1,0.8734270930290222,1
2018-12-27,XGBoost,2,0,0.7420997619628906,1
2018-12-28,XGBoost,2,1,0.8448758125305176,1
2018-12-31,XGBoost,2,1,0.8530699610710144,1
2019-01-02,XGBoost,2,0,0.3996029794216156,0
2019-01-03,XGBoost,2,1,0.80673748254776,1
2019-01-04,XGBoost,2,1,0.22484388947486877,0
2019-01-07,XGBoost,2,1,0.13858206570148468,0
2019-01-08,XGBoost,2,1,0.7440932393074036,1
2019-01-09,XGBoost,2,1,0.45924994349479675,0
2019-01-10,XGBoost,2,1,0.2868548035621643,0
2019-01-11,XGBoost,3,0,0.5422759652137756,1
2019-01-14,XGBoost,3,1,0.4915686845779419,0
2019-01-15,XGBoost,3,1,0.6495352983474731,1
2019-01-16,XGBoost,3,1,0.5667264461517334,1
2019-01-17,XGBoost,3,1,0.3413117229938507,0
2019-01-18,XGBoost,3,0,0.8531686663627625,1
2019-01-22,XGBoost,3,1,0.5770673155784607,1
2019-01-23,XGBoost,3,1,0.7061223983764648,1
2019-01-24,XGBoost,3,1,0.5640411972999573,1
2019-01-25,XGBoost,3,0,0.9670467376708984,1
2019-01-28,XGBoost,3,0,0.9358174800872803,1
2019-01-29,XGBoost,3,1,0.7227025628089905,1
2019-01-30,XGBoost,3,1,0.757563054561615,1
2019-01-31,XGBoost,3,1,0.9264845848083496,1
2019-02-01,XGBoost,3,1,0.8670688271522522,1
2019-02-04,XGBoost,3,1,0.724886953830719,1
2019-02-05,XGBoost,3,0,0.7346555590629578,1
2019-02-06,XGBoost,3,0,0.6013862490653992,1
2019-02-07,XGBoost,3,1,0.9480782747268677,1
2019-02-08,XGBoost,3,1,0.5974326729774475,1
2019-02-11,XGBoost,3,1,0.5905738472938538,1
2019-02-12,XGBoost,3,1,0.7024993300437927,1
2019-02-13,XGBoost,3,0,0.13990306854248047,0
2019-02-14,XGBoost,3,1,0.42267680168151855,0
2019-02-15,XGBoost,3,1,0.5099641680717468,1
2019-02-19,XGBoost,3,1,0.3674539029598236,0
2019-02-20,XGBoost,3,0,0.7804437875747681,1
2019-02-21,XGBoost,3,1,0.1726657897233963,0
2019-02-22,XGBoost,3,1,0.5565072894096375,1
2019-02-25,XGBoost,3,0,0.6911978125572205,1
2019-02-26,XGBoost,3,0,0.3401651084423065,0
2019-02-27,XGBoost,3,0,0.21388021111488342,0
2019-02-28,XGBoost,3,1,0.5921951532363892,1
2019-03-01,XGBoost,3,0,0.48853573203086853,0
2019-03-04,XGBoost,3,0,0.2355901151895523,0
2019-03-05,XGBoost,3,0,0.17664337158203125,0
2019-03-06,XGBoost,3,0,0.7227907180786133,1
2019-03-07,XGBoost,3,0,0.5832603573799133,1
2019-03-08,XGBoost,3,1,0.27021536231040955,0
2019-03-11,XGBoost,3,1,0.27941903471946716,0
2019-03-12,XGBoost,3,1,0.5279070734977722,1
2019-03-13,XGBoost,3,0,0.2316737025976181,0
2019-03-14,XGBoost,3,1,0.4381158649921417,0
2019-03-15,XGBoost,3,1,0.17898349463939667,0
2019-03-18,XGBoost,3,1,0.5246710181236267,1
2019-03-19,XGBoost,3,0,0.3042309582233429,0
2019-03-20,XGBoost,3,1,0.5024625658988953,1
2019-03-21,XGBoost,3,0,0.10226232558488846,0
2019-03-22,XGBoost,3,0,0.34455230832099915,0
2019-03-25,XGBoost,3,1,0.47072872519493103,0
2019-03-26,XGBoost,3,0,0.6224279999732971,1
2019-03-27,XGBoost,3,1,0.3931364417076111,0
2019-03-28,XGBoost,3,1,0.3343341648578644,0
2019-03-29,XGBoost,3,1,0.6687008142471313,1
2019-04-01,XGBoost,3,1,0.487167090177536,0
2019-04-02,XGBoost,3,1,0.13968174159526825,0
2019-04-03,XGBoost,3,1,0.3419022560119629,0
2019-04-04,XGBoost,3,1,0.4241560101509094,0
2019-04-05,XGBoost,3,1,0.5212638974189758,1
2019-04-08,XGBoost,3,0,0.8647881150245667,1
2019-04-09,XGBoost,3,1,0.505150318145752,1
2019-04-10,XGBoost,3,0,0.5186967253684998,1
2019-04-11,XGBoost,3,1,0.2310415357351303,0
2019-04-12,XGBoost,3,0,0.8188916444778442,1
2019-04-15,XGBoost,3,1,0.4103686809539795,0
2019-04-16,XGBoost,3,0,0.20588241517543793,0
2019-04-17,XGBoost,3,1,0.4753589332103729,0
2019-04-18,XGBoost,3,1,0.2714475393295288,0
2019-04-22,XGBoost,3,1,0.15351475775241852,0
2019-04-23,XGBoost,3,0,0.29604753851890564,0
2019-04-24,XGBoost,3,0,0.7903427481651306,1
2019-04-25,XGBoost,3,1,0.7709267139434814,1
2019-04-26,XGBoost,3,1,0.4971953332424164,0
2019-04-29,XGBoost,3,1,0.6635118722915649,1
2019-04-30,XGBoost,3,0,0.6393431425094604,1
2019-05-01,XGBoost,3,0,0.45017722249031067,0
2019-05-02,XGBoost,3,1,0.41829100251197815,0
2019-05-03,XGBoost,3,0,0.13311131298542023,0
2019-05-06,XGBoost,3,0,0.3945595622062683,0
2019-05-07,XGBoost,3,0,0.360254168510437,0
2019-05-08,XGBoost,3,0,0.7086701989173889,1
2019-05-09,XGBoost,3,1,0.35717037320137024,0
2019-05-10,XGBoost,3,0,0.4438917338848114,0
2019-05-13,XGBoost,3,1,0.7728027105331421,1
2019-05-14,XGBoost,3,1,0.7915448546409607,1
2019-05-15,XGBoost,3,1,0.6039198040962219,1
2019-05-16,XGBoost,3,0,0.46450844407081604,0
2019-05-17,XGBoost,3,0,0.47024866938591003,0
2019-05-20,XGBoost,3,1,0.895081102848053,1
2019-05-21,XGBoost,3,0,0.8656269311904907,1
2019-05-22,XGBoost,3,0,0.8146035075187683,1
2019-05-23,XGBoost,3,1,0.6451147198677063,1
2019-05-24,XGBoost,3,0,0.9573032259941101,1
2019-05-28,XGBoost,3,0,0.7153599262237549,1
2019-05-29,XGBoost,3,1,0.8713012337684631,1
2019-05-30,XGBoost,3,0,0.6982018947601318,1
2019-05-31,XGBoost,3,0,0.829643189907074,1
2019-06-03,XGBoost,3,1,0.9325197339057922,1
2019-06-04,XGBoost,3,1,0.678480863571167,1
2019-06-05,XGBoost,3,1,0.7477433681488037,1
2019-06-06,XGBoost,3,1,0.18232221901416779,0
2019-06-07,XGBoost,3,1,0.3311633765697479,0
2019-06-10,XGBoost,3,0,0.6638384461402893,1
2019-06-11,XGBoost,3,0,0.4630630612373352,0
2019-06-12,XGBoost,3,1,0.8085257411003113,1
2019-06-13,XGBoost,3,0,0.8122376799583435,1
2019-06-14,XGBoost,3,1,0.820920467376709,1
2019-06-17,XGBoost,3,1,0.48453259468078613,0
2019-06-18,XGBoost,3,1,0.5691817402839661,1
2019-06-19,XGBoost,3,1,0.7643393874168396,1
2019-06-20,XGBoost,3,0,0.5256730914115906,1
2019-06-21,XGBoost,3,0,0.9239253997802734,1
2019-06-24,XGBoost,3,0,0.7070915699005127,1
2019-06-25,XGBoost,3,0,0.9408970475196838,1
2019-06-26,XGBoost,3,1,0.45188239216804504,0
2019-06-27,XGBoost,3,1,0.463767409324646,0
2019-06-28,XGBoost,3,1,0.751527726650238,1
2019-07-01,XGBoost,3,1,0.48639795184135437,0
2019-07-02,XGBoost,3,1,0.8130461573600769,1
2019-07-03,XGBoost,3,0,0.22910965979099274,0
2019-07-05,XGBoost,3,0,0.3508504331111908,0
2019-07-08,XGBoost,3,1,0.4014083743095398,0
2019-07-09,XGBoost,3,1,0.1936899870634079,0
2019-07-10,XGBoost,3,1,0.247683584690094,0
2019-07-11,XGBoost,3,1,0.4728538990020752,0
2019-07-12,XGBoost,3,1,0.11522778868675232,0
2019-07-15,XGBoost,3,0,0.3607220947742462,0
2019-07-16,XGBoost,3,0,0.3005399703979492,0
2019-07-17,XGBoost,3,1,0.8488736152648926,1
2019-07-18,XGBoost,3,0,0.41635221242904663,0
2019-07-19,XGBoost,3,1,0.699527382850647,1
2019-07-22,XGBoost,3,1,0.5681227445602417,1
2019-07-23,XGBoost,3,1,0.6814305782318115,1
2019-07-24,XGBoost,3,0,0.8470489978790283,1
2019-07-25,XGBoost,3,1,0.853770911693573,1
2019-07-26,XGBoost,3,0,0.6403476595878601,1
2019-07-29,XGBoost,3,0,0.532288134098053,1
2019-07-30,XGBoost,3,0,0.6868941187858582,1
2019-07-31,XGBoost,3,0,0.7713411450386047,1
2019-08-01,XGBoost,3,0,0.8216923475265503,1
2019-08-02,XGBoost,3,0,0.518494188785553,1
2019-08-05,XGBoost,3,1,0.8906230926513672,1
2019-08-06,XGBoost,3,1,0.8812188506126404,1
2019-08-07,XGBoost,3,1,0.8442079424858093,1
2019-08-08,XGBoost,3,0,0.9213240742683411,1
2019-08-09,XGBoost,3,0,0.7732178568840027,1
2019-08-12,XGBoost,3,1,0.8791038990020752,1
2019-08-13,XGBoost,3,0,0.7910206317901611,1
2019-08-14,XGBoost,3,1,0.15550926327705383,0
2019-08-15,XGBoost,3,1,0.6719253063201904,1
2019-08-16,XGBoost,3,1,0.6372690200805664,1
2019-08-19,XGBoost,3,0,0.5451922416687012,1
2019-08-20,XGBoost,3,1,0.6111593842506409,1
2019-08-21,XGBoost,3,0,0.8414056301116943,1
2019-08-22,XGBoost,3,0,0.5595971941947937,1
2019-08-23,XGBoost,3,1,0.8133889436721802,1
2019-08-26,XGBoost,3,0,0.742892324924469,1
2019-08-27,XGBoost,3,1,0.31357541680336,0
2019-08-28,XGBoost,3,1,0.4272535741329193,0
2019-08-29,XGBoost,3,0,0.39274245500564575,0
2019-08-30,XGBoost,3,0,0.36175230145454407,0
2019-09-03,XGBoost,3,1,0.6693733334541321,1
2019-09-04,XGBoost,3,1,0.8010523319244385,1
2019-09-05,XGBoost,3,1,0.2869037389755249,0
2019-09-06,XGBoost,3,1,0.3790304660797119,0
2019-09-09,XGBoost,3,0,0.15637318789958954,0
2019-09-10,XGBoost,3,1,0.8015591502189636,1
2019-09-11,XGBoost,3,1,0.8014786839485168,1
2019-09-12,XGBoost,3,0,0.9455631375312805,1
2019-09-13,XGBoost,3,0,0.2873061001300812,0
2019-09-16,XGBoost,3,1,0.7594029903411865,1
2019-09-17,XGBoost,3,1,0.7178668975830078,1
2019-09-18,XGBoost,3,0,0.36713707447052,0
2019-09-19,XGBoost,3,0,0.4149412214756012,0
2019-09-20,XGBoost,3,0,0.8036558032035828,1
2019-09-23,XGBoost,3,0,0.2123260498046875,0
2019-09-24,XGBoost,3,1,0.7385000586509705,1
2019-09-25,XGBoost,3,0,0.5590102076530457,1
2019-09-26,XGBoost,3,0,0.3699455261230469,0
2019-09-27,XGBoost,3,1,0.511371910572052,1
2019-09-30,XGBoost,3,0,0.17978273332118988,0
2019-10-01,XGBoost,3,0,0.4914298951625824,0
2019-10-02,XGBoost,3,1,0.6989714503288269,1
2019-10-03,XGBoost,3,1,0.6564615964889526,1
2019-10-04,XGBoost,3,0,0.24292315542697906,0
2019-10-07,XGBoost,3,0,0.6908109188079834,1
2019-10-08,XGBoost,3,1,0.7273222208023071,1
2019-10-09,XGBoost,3,1,0.8423280119895935,1
2019-10-10,XGBoost,3,1,0.34560564160346985,0
2019-10-11,XGBoost,3,0,0.39801928400993347,0
2019-10-14,XGBoost,3,1,0.3125852048397064,0
2019-10-15,XGBoost,3,0,0.4572249948978424,0
2019-10-16,XGBoost,3,1,0.5224290490150452,1
2019-10-17,XGBoost,3,0,0.18711315095424652,0
2019-10-18,XGBoost,3,1,0.60271817445755,1
2019-10-21,XGBoost,3,0,0.12918753921985626,0
2019-10-22,XGBoost,3,1,0.7233715653419495,1
2019-10-23,XGBoost,3,1,0.6533854603767395,1
2019-10-24,XGBoost,3,1,0.1614971160888672,0
2019-10-25,XGBoost,3,1,0.6996927857398987,1
2019-10-28,XGBoost,3,0,0.4779236614704132,0
2019-10-29,XGBoost,3,1,0.5388237833976746,1
2019-10-30,XGBoost,3,0,0.5211665630340576,1
2019-10-31,XGBoost,3,1,0.6213482022285461,1
2019-11-01,XGBoost,3,1,0.19968773424625397,0
2019-11-04,XGBoost,3,0,0.8398756384849548,1
2019-11-05,XGBoost,3,1,0.237775519490242,0
2019-11-06,XGBoost,3,1,0.6106343269348145,1
2019-11-07,XGBoost,3,1,0.8741679191589355,1
2019-11-08,XGBoost,3,0,0.4575560688972473,0
2019-11-11,XGBoost,3,1,0.37643545866012573,0
2019-11-12,XGBoost,3,1,0.6899023056030273,1
2019-11-13,XGBoost,3,1,0.759249210357666,1
2019-11-14,XGBoost,3,1,0.35994383692741394,0
2019-11-15,XGBoost,3,1,0.2676680386066437,0
2019-11-18,XGBoost,3,0,0.8995636105537415,1
2019-11-19,XGBoost,3,0,0.6354784965515137,1
2019-11-20,XGBoost,3,0,0.7748127579689026,1
2019-11-21,XGBoost,3,1,0.6704860329627991,1
2019-11-22,XGBoost,3,1,0.8049538731575012,1
2019-11-25,XGBoost,3,1,0.5446505546569824,1
2019-11-26,XGBoost,3,1,0.4834361970424652,0
2019-11-27,XGBoost,3,0,0.6278930306434631,1
2019-11-29,XGBoost,3,0,0.4385424852371216,0
2019-12-02,XGBoost,3,0,0.8332409262657166,1
2019-12-03,XGBoost,3,1,0.6942779421806335,1
2019-12-04,XGBoost,3,1,0.46959859132766724,0
2019-12-05,XGBoost,3,1,0.5302621126174927,1
2019-12-06,XGBoost,3,0,0.27399012446403503,0
2019-12-09,XGBoost,3,0,0.2247025966644287,0
2019-12-10,XGBoost,3,1,0.7362539172172546,1
2019-12-11,XGBoost,3,1,0.3789021074771881,0
2019-12-12,XGBoost,3,1,0.2577296197414398,0
2019-12-13,XGBoost,3,1,0.4641207158565521,0
2019-12-16,XGBoost,3,1,0.17028583586215973,0
2019-12-17,XGBoost,3,1,0.48942217230796814,0
2019-12-18,XGBoost,3,1,0.262228399515152,0
2019-12-19,XGBoost,3,1,0.6652505993843079,1
2019-12-20,XGBoost,3,1,0.2540718913078308,0
2019-12-23,XGBoost,3,1,0.6713110208511353,1
2019-12-24,XGBoost,3,1,0.31480997800827026,0
2019-12-26,XGBoost,3,0,0.31394121050834656,0
2019-12-27,XGBoost,3,0,0.7884202003479004,1
2019-12-30,XGBoost,3,1,0.799125075340271,1
2019-12-31,XGBoost,3,1,0.36895281076431274,0
2020-01-02,XGBoost,3,0,0.5603528618812561,1
2020-01-03,XGBoost,3,1,0.743579089641571,1
2020-01-06,XGBoost,3,0,0.39748793840408325,0
2020-01-07,XGBoost,3,1,0.5305587649345398,1
2020-01-08,XGBoost,3,1,0.8004968762397766,1
2020-01-09,XGBoost,4,0,0.9169348478317261,1
2020-01-10,XGBoost,4,1,0.5164405107498169,1
2020-01-13,XGBoost,4,0,0.736393928527832,1
2020-01-14,XGBoost,4,1,0.8931854367256165,1
2020-01-15,XGBoost,4,1,0.6564251184463501,1
2020-01-16,XGBoost,4,1,0.7041065096855164,1
2020-01-17,XGBoost,4,0,0.4425528943538666,0
2020-01-21,XGBoost,4,1,0.4117823541164398,0
2020-01-22,XGBoost,4,1,0.6954032778739929,1
2020-01-23,XGBoost,4,0,0.29711398482322693,0
2020-01-24,XGBoost,4,0,0.2938970923423767,0
2020-01-27,XGBoost,4,1,0.37619632482528687,0
2020-01-28,XGBoost,4,0,0.47669360041618347,0
2020-01-29,XGBoost,4,1,0.47972995042800903,0
2020-01-30,XGBoost,4,0,0.35950416326522827,0
2020-01-31,XGBoost,4,1,0.6110987663269043,1
2020-02-03,XGBoost,4,1,0.13906608521938324,0
2020-02-04,XGBoost,4,1,0.32980287075042725,0
2020-02-05,XGBoost,4,1,0.6280117630958557,1
2020-02-06,XGBoost,4,0,0.8719292283058167,1
2020-02-07,XGBoost,4,1,0.5168657302856445,1
2020-02-10,XGBoost,4,1,0.3166252374649048,0
2020-02-11,XGBoost,4,1,0.9367527961730957,1
2020-02-12,XGBoost,4,0,0.5929529070854187,1
2020-02-13,XGBoost,4,1,0.7668682336807251,1
2020-02-14,XGBoost,4,0,0.6549094319343567,1
2020-02-18,XGBoost,4,1,0.8433143496513367,1
2020-02-19,XGBoost,4,0,0.5207075476646423,1
2020-02-20,XGBoost,4,0,0.8547005653381348,1
2020-02-21,XGBoost,4,0,0.21867252886295319,0
2020-02-24,XGBoost,4,0,0.7321946024894714,1
2020-02-25,XGBoost,4,0,0.7038928866386414,1
2020-02-26,XGBoost,4,0,0.8568823337554932,1
2020-02-27,XGBoost,4,0,0.5567535758018494,1
2020-02-28,XGBoost,4,1,0.8689153790473938,1
2020-03-02,XGBoost,4,0,0.7545067071914673,1
2020-03-03,XGBoost,4,1,0.7922910451889038,1
2020-03-04,XGBoost,4,0,0.6716963648796082,1
2020-03-05,XGBoost,4,0,0.8858585953712463,1
2020-03-06,XGBoost,4,0,0.8802004456520081,1
2020-03-09,XGBoost,4,1,0.5440364480018616,1
2020-03-10,XGBoost,4,0,0.5695452094078064,1
2020-03-11,XGBoost,4,0,0.7200413942337036,1
2020-03-12,XGBoost,4,1,0.7833675742149353,1
2020-03-13,XGBoost,4,0,0.5388242602348328,1
2020-03-16,XGBoost,4,1,0.6794480681419373,1
2020-03-17,XGBoost,4,0,0.4117721915245056,0
2020-03-18,XGBoost,4,1,0.8581835031509399,1
2020-03-19,XGBoost,4,0,0.8141191601753235,1
2020-03-20,XGBoost,4,0,0.5019481778144836,1
2020-03-23,XGBoost,4,1,0.8656861782073975,1
2020-03-24,XGBoost,4,1,0.7256650924682617,1
2020-03-25,XGBoost,4,1,0.5673273205757141,1
2020-03-26,XGBoost,4,0,0.18286259472370148,0
2020-03-27,XGBoost,4,1,0.44771823287010193,0
2020-03-30,XGBoost,4,0,0.4500662386417389,0
2020-03-31,XGBoost,4,0,0.28950873017311096,0
2020-04-01,XGBoost,4,1,0.7710429430007935,1
2020-04-02,XGBoost,4,0,0.568530797958374,1
2020-04-03,XGBoost,4,1,0.31260478496551514,0
2020-04-06,XGBoost,4,1,0.4935571551322937,0
2020-04-07,XGBoost,4,1,0.19341401755809784,0
2020-04-08,XGBoost,4,1,0.5208830237388611,1
2020-04-09,XGBoost,4,0,0.17362268269062042,0
2020-04-13,XGBoost,4,1,0.36085793375968933,0
2020-04-14,XGBoost,4,0,0.4164033830165863,0
2020-04-15,XGBoost,4,1,0.42236822843551636,0
2020-04-16,XGBoost,4,1,0.842612624168396,1
2020-04-17,XGBoost,4,0,0.7230920791625977,1
2020-04-20,XGBoost,4,0,0.4149482846260071,0
2020-04-21,XGBoost,4,1,0.8462616801261902,1
2020-04-22,XGBoost,4,0,0.5492408871650696,1
2020-04-23,XGBoost,4,1,0.513911247253418,1
2020-04-24,XGBoost,4,1,0.7679746150970459,1
2020-04-27,XGBoost,4,0,0.6457378268241882,1
2020-04-28,XGBoost,4,1,0.5736931562423706,1
2020-04-29,XGBoost,4,0,0.6148011088371277,1
2020-04-30,XGBoost,4,0,0.7369788885116577,1
2020-05-01,XGBoost,4,1,0.7831678986549377,1
2020-05-04,XGBoost,4,1,0.6667029857635498,1
2020-05-05,XGBoost,4,0,0.5062755942344666,1
2020-05-06,XGBoost,4,1,0.39313074946403503,0
2020-05-07,XGBoost,4,1,0.4593456983566284,0
2020-05-08,XGBoost,4,1,0.7317032814025879,1
2020-05-11,XGBoost,4,0,0.5117344260215759,1
2020-05-12,XGBoost,4,0,0.5405060052871704,1
2020-05-13,XGBoost,4,1,0.7107173800468445,1
2020-05-14,XGBoost,4,1,0.6771115064620972,1
2020-05-15,XGBoost,4,1,0.646523118019104,1
2020-05-18,XGBoost,4,0,0.3616108000278473,0
2020-05-19,XGBoost,4,1,0.4291384220123291,0
2020-05-20,XGBoost,4,0,0.5339135527610779,1
2020-05-21,XGBoost,4,1,0.6390389800071716,1
2020-05-22,XGBoost,4,1,0.8339232802391052,1
2020-05-26,XGBoost,4,1,0.43857628107070923,0
2020-05-27,XGBoost,4,0,0.2422216683626175,0
2020-05-28,XGBoost,4,1,0.32047244906425476,0
2020-05-29,XGBoost,4,1,0.5707738995552063,1
2020-06-01,XGBoost,4,1,0.5846045613288879,1
2020-06-02,XGBoost,4,1,0.33394724130630493,0
2020-06-03,XGBoost,4,0,0.4955887198448181,0
2020-06-04,XGBoost,4,1,0.1750887930393219,0
2020-06-05,XGBoost,4,1,0.13722233474254608,0
2020-06-08,XGBoost,4,0,0.5007780194282532,1
2020-06-09,XGBoost,4,0,0.11106898635625839,0
2020-06-10,XGBoost,4,0,0.5772460103034973,1
2020-06-11,XGBoost,4,1,0.6356619000434875,1
2020-06-12,XGBoost,4,1,0.6100168824195862,1
2020-06-15,XGBoost,4,1,0.6099087595939636,1
2020-06-16,XGBoost,4,0,0.6117504835128784,1
2020-06-17,XGBoost,4,1,0.6910132765769958,1
2020-06-18,XGBoost,4,0,0.5895585417747498,1
2020-06-19,XGBoost,4,1,0.5044726133346558,1
2020-06-22,XGBoost,4,1,0.6402317881584167,1
2020-06-23,XGBoost,4,0,0.5539432168006897,1
2020-06-24,XGBoost,4,1,0.6131831407546997,1
2020-06-25,XGBoost,4,0,0.3223738372325897,0
2020-06-26,XGBoost,4,1,0.5296224355697632,1
2020-06-29,XGBoost,4,1,0.5774247050285339,1
2020-06-30,XGBoost,4,1,0.7864833474159241,1
2020-07-01,XGBoost,4,1,0.653886616230011,1
2020-07-02,XGBoost,4,1,0.5981040596961975,1
2020-07-06,XGBoost,4,0,0.44718608260154724,0
2020-07-07,XGBoost,4,1,0.3550884425640106,0
2020-07-08,XGBoost,4,0,0.4655667543411255,0
2020-07-09,XGBoost,4,1,0.5285274982452393,1
2020-07-10,XGBoost,4,0,0.48432108759880066,0
2020-07-13,XGBoost,4,1,0.7752186059951782,1
2020-07-14,XGBoost,4,1,0.4636431336402893,0
2020-07-15,XGBoost,4,0,0.7521007061004639,1
2020-07-16,XGBoost,4,1,0.2720508873462677,0
2020-07-17,XGBoost,4,1,0.49843576550483704,0
2020-07-20,XGBoost,4,1,0.710193932056427,1
2020-07-21,XGBoost,4,1,0.3343397378921509,0
2020-07-22,XGBoost,4,0,0.5394781827926636,1
2020-07-23,XGBoost,4,0,0.6234676837921143,1
2020-07-24,XGBoost,4,1,0.619647741317749,1
2020-07-27,XGBoost,4,0,0.8712877035140991,1
2020-07-28,XGBoost,4,1,0.22816766798496246,0
2020-07-29,XGBoost,4,0,0.4868585467338562,0
2020-07-30,XGBoost,4,1,0.7052147388458252,1
2020-07-31,XGBoost,4,1,0.3038422167301178,0
2020-08-03,XGBoost,4,1,0.4545964300632477,0
2020-08-04,XGBoost,4,1,0.5074248313903809,1
2020-08-05,XGBoost,4,1,0.19981680810451508,0
2020-08-06,XGBoost,4,1,0.21544000506401062,0
2020-08-07,XGBoost,4,1,0.3753194808959961,0
2020-08-10,XGBoost,4,0,0.31049832701683044,0
2020-08-11,XGBoost,4,1,0.5802267789840698,1
2020-08-12,XGBoost,4,0,0.338474303483963,0
2020-08-13,XGBoost,4,1,0.6103217005729675,1
2020-08-14,XGBoost,4,1,0.40331119298934937,0
2020-08-17,XGBoost,4,1,0.6913683414459229,1
2020-08-18,XGBoost,4,0,0.2410348802804947,0
2020-08-19,XGBoost,4,1,0.6454460024833679,1
2020-08-20,XGBoost,4,1,0.28564104437828064,0
2020-08-21,XGBoost,4,1,0.8304280638694763,1
2020-08-24,XGBoost,4,1,0.11846083402633667,0
2020-08-25,XGBoost,4,1,0.45074141025543213,0
2020-08-26,XGBoost,4,1,0.33102357387542725,0
2020-08-27,XGBoost,4,1,0.3206160366535187,0
2020-08-28,XGBoost,4,0,0.32279956340789795,0
2020-08-31,XGBoost,4,1,0.5706024169921875,1
2020-09-01,XGBoost,4,1,0.10691450536251068,0
2020-09-02,XGBoost,4,0,0.32668355107307434,0
2020-09-03,XGBoost,4,0,0.19935041666030884,0
2020-09-04,XGBoost,4,0,0.4071722626686096,0
2020-09-08,XGBoost,4,1,0.566747784614563,1
2020-09-09,XGBoost,4,0,0.4725491404533386,0
2020-09-10,XGBoost,4,1,0.5103054046630859,1
2020-09-11,XGBoost,4,1,0.18342868983745575,0
2020-09-14,XGBoost,4,1,0.24421939253807068,0
2020-09-15,XGBoost,4,0,0.6061208248138428,1
2020-09-16,XGBoost,4,0,0.4749707281589508,0
2020-09-17,XGBoost,4,0,0.35121703147888184,0
2020-09-18,XGBoost,4,0,0.48457854986190796,0
2020-09-21,XGBoost,4,1,0.8125758171081543,1
2020-09-22,XGBoost,4,0,0.8288312554359436,1
2020-09-23,XGBoost,4,1,0.8139027953147888,1
2020-09-24,XGBoost,4,1,0.7499210238456726,1
2020-09-25,XGBoost,4,1,0.7323921322822571,1
2020-09-28,XGBoost,4,0,0.4053153991699219,0
2020-09-29,XGBoost,4,1,0.6745739579200745,1
2020-09-30,XGBoost,4,1,0.5663872957229614,1
2020-10-01,XGBoost,4,0,0.3244108259677887,0
2020-10-02,XGBoost,4,1,0.61770099401474,1
2020-10-05,XGBoost,4,0,0.07891935110092163,0
2020-10-06,XGBoost,4,1,0.3003900349140167,0
2020-10-07,XGBoost,4,1,0.16915373504161835,0
2020-10-08,XGBoost,4,1,0.6195247769355774,1
2020-10-09,XGBoost,4,1,0.712390124797821,1
2020-10-12,XGBoost,4,0,0.2029263824224472,0
2020-10-13,XGBoost,4,0,0.5172349214553833,1
2020-10-14,XGBoost,4,0,0.601794421672821,1
2020-10-15,XGBoost,4,0,0.7400044798851013,1
2020-10-16,XGBoost,4,0,0.7733640074729919,1
2020-10-19,XGBoost,4,1,0.6599758267402649,1
2020-10-20,XGBoost,4,0,0.42061731219291687,0
2020-10-21,XGBoost,4,1,0.5980901122093201,1
2020-10-22,XGBoost,4,1,0.47662588953971863,0
2020-10-23,XGBoost,4,0,0.5506333708763123,1
2020-10-26,XGBoost,4,0,0.6161801815032959,1
2020-10-27,XGBoost,4,0,0.7846656441688538,1
2020-10-28,XGBoost,4,1,0.8077999949455261,1
2020-10-29,XGBoost,4,0,0.7994825839996338,1
2020-10-30,XGBoost,4,1,0.5304547548294067,1
2020-11-02,XGBoost,4,1,0.6386629939079285,1
2020-11-03,XGBoost,4,1,0.44724491238594055,0
2020-11-04,XGBoost,4,1,0.34523969888687134,0
2020-11-05,XGBoost,4,0,0.5157012939453125,1
2020-11-06,XGBoost,4,1,0.7010862827301025,1
2020-11-09,XGBoost,4,0,0.25368639826774597,0
2020-11-10,XGBoost,4,1,0.3797491788864136,0
2020-11-11,XGBoost,4,0,0.4571198523044586,0
2020-11-12,XGBoost,4,1,0.7260214686393738,1
2020-11-13,XGBoost,4,1,0.17187534272670746,0
2020-11-16,XGBoost,4,0,0.7160517573356628,1
2020-11-17,XGBoost,4,0,0.36823806166648865,0
2020-11-18,XGBoost,4,1,0.2840229570865631,0
2020-11-19,XGBoost,4,0,0.6331241130828857,1
2020-11-20,XGBoost,4,1,0.8897245526313782,1
2020-11-23,XGBoost,4,1,0.6521971225738525,1
2020-11-24,XGBoost,4,0,0.6838231682777405,1
2020-11-25,XGBoost,4,1,0.4986596405506134,0
2020-11-27,XGBoost,4,0,0.5382076501846313,1
2020-11-30,XGBoost,4,1,0.6874359846115112,1
2020-12-01,XGBoost,4,1,0.40764251351356506,0
2020-12-02,XGBoost,4,0,0.7561776638031006,1
2020-12-03,XGBoost,4,1,0.45189225673675537,0
2020-12-04,XGBoost,4,0,0.4686003625392914,0
2020-12-07,XGBoost,4,1,0.6705716848373413,1
2020-12-08,XGBoost,4,0,0.32136180996894836,0
2020-12-09,XGBoost,4,0,0.29494065046310425,0
2020-12-10,XGBoost,4,0,0.18519432842731476,0
2020-12-11,XGBoost,4,0,0.3875952363014221,0
2020-12-14,XGBoost,4,1,0.6941466331481934,1
2020-12-15,XGBoost,4,1,0.279484361410141,0
2020-12-16,XGBoost,4,1,0.6688842177391052,1
2020-12-17,XGBoost,4,0,0.6414582133293152,1
2020-12-18,XGBoost,4,0,0.2971850037574768,0
2020-12-21,XGBoost,4,0,0.47362053394317627,0
2020-12-22,XGBoost,4,1,0.8738297820091248,1
2020-12-23,XGBoost,4,1,0.6825178861618042,1
2020-12-24,XGBoost,4,1,0.4774183928966522,0
2020-12-28,XGBoost,4,0,0.21089214086532593,0
2020-12-29,XGBoost,4,1,0.3322049081325531,0
2020-12-30,XGBoost,4,1,0.3439253866672516,0
2020-12-31,XGBoost,4,0,0.6058101058006287,1
2021-01-04,XGBoost,4,1,0.16861478984355927,0
2021-01-05,XGBoost,4,1,0.725703239440918,1
2021-01-06,XGBoost,5,1,0.562520444393158,1
2021-01-07,XGBoost,5,1,0.25776368379592896,0
2021-01-08,XGBoost,5,0,0.28175434470176697,0
2021-01-11,XGBoost,5,1,0.697821319103241,1
2021-01-12,XGBoost,5,1,0.7741802334785461,1
2021-01-13,XGBoost,5,0,0.6770297288894653,1
2021-01-14,XGBoost,5,0,0.9364168047904968,1
2021-01-15,XGBoost,5,1,0.4384743869304657,0
2021-01-19,XGBoost,5,1,0.5958755016326904,1
2021-01-20,XGBoost,5,1,0.8504015803337097,1
2021-01-21,XGBoost,5,0,0.6762815117835999,1
2021-01-22,XGBoost,5,1,0.8396179676055908,1
2021-01-25,XGBoost,5,0,0.7479479908943176,1
2021-01-26,XGBoost,5,0,0.8524556159973145,1
2021-01-27,XGBoost,5,1,0.5621208548545837,1
2021-01-28,XGBoost,5,0,0.4028950333595276,0
2021-01-29,XGBoost,5,1,0.4450027644634247,0
2021-02-01,XGBoost,5,1,0.14423593878746033,0
2021-02-02,XGBoost,5,1,0.4996221661567688,0
2021-02-03,XGBoost,5,1,0.5849794149398804,1
2021-02-04,XGBoost,5,1,0.15291081368923187,0
2021-02-05,XGBoost,5,1,0.3381376564502716,0
2021-02-08,XGBoost,5,0,0.2730909585952759,0
2021-02-09,XGBoost,5,0,0.5420368313789368,1
2021-02-10,XGBoost,5,1,0.135994553565979,0
2021-02-11,XGBoost,5,1,0.4389292299747467,0
2021-02-12,XGBoost,5,0,0.35327520966529846,0
2021-02-16,XGBoost,5,1,0.4603668749332428,0
2021-02-17,XGBoost,5,0,0.06568143516778946,0
2021-02-18,XGBoost,5,0,0.21561825275421143,0
2021-02-19,XGBoost,5,0,0.1983986645936966,0
2021-02-22,XGBoost,5,1,0.5331496000289917,1
2021-02-23,XGBoost,5,1,0.17156735062599182,0
2021-02-24,XGBoost,5,0,0.5323986411094666,1
2021-02-25,XGBoost,5,0,0.19516980648040771,0
2021-02-26,XGBoost,5,1,0.311596542596817,0
2021-03-01,XGBoost,5,0,0.3046132028102875,0
2021-03-02,XGBoost,5,0,0.5600148439407349,1
2021-03-03,XGBoost,5,0,0.51241534948349,1
2021-03-04,XGBoost,5,1,0.4517838656902313,0
2021-03-05,XGBoost,5,0,0.0861235111951828,0
2021-03-08,XGBoost,5,1,0.8943672180175781,1
2021-03-09,XGBoost,5,1,0.6384648084640503,1
2021-03-10,XGBoost,5,1,0.6799690127372742,1
2021-03-11,XGBoost,5,1,0.5731040239334106,1
2021-03-12,XGBoost,5,1,0.38747596740722656,0
2021-03-15,XGBoost,5,0,0.3913608193397522,0
2021-03-16,XGBoost,5,1,0.7170766592025757,1
2021-03-17,XGBoost,5,0,0.2224460244178772,0
2021-03-18,XGBoost,5,0,0.4571783244609833,0
2021-03-19,XGBoost,5,1,0.2726369798183441,0
2021-03-22,XGBoost,5,0,0.23010902106761932,0
2021-03-23,XGBoost,5,0,0.2964020073413849,0
2021-03-24,XGBoost,5,1,0.18920697271823883,0
2021-03-25,XGBoost,5,1,0.26544302701950073,0
2021-03-26,XGBoost,5,0,0.3015873432159424,0
2021-03-29,XGBoost,5,0,0.6016495227813721,1
2021-03-30,XGBoost,5,1,0.39554986357688904,0
2021-03-31,XGBoost,5,1,0.6874362826347351,1
2021-04-01,XGBoost,5,1,0.5698903203010559,1
2021-04-05,XGBoost,5,0,0.14582975208759308,0
2021-04-06,XGBoost,5,1,0.6902204751968384,1
2021-04-07,XGBoost,5,1,0.23005364835262299,0
2021-04-08,XGBoost,5,1,0.1789611130952835,0
2021-04-09,XGBoost,5,1,0.14469249546527863,0
2021-04-12,XGBoost,5,1,0.2833777070045471,0
2021-04-13,XGBoost,5,0,0.330117791891098,0
2021-04-14,XGBoost,5,1,0.37575507164001465,0
2021-04-15,XGBoost,5,1,0.10146486759185791,0
2021-04-16,XGBoost,5,0,0.49512210488319397,0
2021-04-19,XGBoost,5,0,0.514883816242218,1
2021-04-20,XGBoost,5,1,0.6692485809326172,1
2021-04-21,XGBoost,5,0,0.1489185243844986,0
2021-04-22,XGBoost,5,1,0.7957959175109863,1
2021-04-23,XGBoost,5,1,0.3643588125705719,0
2021-04-26,XGBoost,5,0,0.26628944277763367,0
2021-04-27,XGBoost,5,0,0.4469284415245056,0
2021-04-28,XGBoost,5,1,0.4473823010921478,0
2021-04-29,XGBoost,5,0,0.7353869676589966,1
2021-04-30,XGBoost,5,1,0.6079732179641724,1
2021-05-03,XGBoost,5,0,0.42330268025398254,0
2021-05-04,XGBoost,5,1,0.5451955199241638,1
2021-05-05,XGBoost,5,1,0.6078947186470032,1
2021-05-06,XGBoost,5,1,0.5927792191505432,1
2021-05-07,XGBoost,5,0,0.5889262557029724,1
2021-05-10,XGBoost,5,0,0.1600823849439621,0
2021-05-11,XGBoost,5,0,0.6135495901107788,1
2021-05-12,XGBoost,5,1,0.6874053478240967,1
2021-05-13,XGBoost,5,1,0.1570105254650116,0
2021-05-14,XGBoost,5,0,0.2948826849460602,0
2021-05-17,XGBoost,5,0,0.7419525980949402,1
2021-05-18,XGBoost,5,0,0.337127685546875,0
2021-05-19,XGBoost,5,1,0.5830046534538269,1
2021-05-20,XGBoost,5,0,0.2803802192211151,0
2021-05-21,XGBoost,5,1,0.7841551303863525,1
2021-05-24,XGBoost,5,0,0.23202788829803467,0
2021-05-25,XGBoost,5,1,0.7027683854103088,1
2021-05-26,XGBoost,5,1,0.14491593837738037,0
2021-05-27,XGBoost,5,1,0.5345740914344788,1
2021-05-28,XGBoost,5,0,0.332060843706131,0
2021-06-01,XGBoost,5,1,0.36423179507255554,0
2021-06-02,XGBoost,5,0,0.06214750185608864,0
2021-06-03,XGBoost,5,1,0.14414416253566742,0
2021-06-04,XGBoost,5,0,0.1929604858160019,0
2021-06-07,XGBoost,5,1,0.39374062418937683,0
2021-06-08,XGBoost,5,0,0.37393221259117126,0
2021-06-09,XGBoost,5,1,0.29793423414230347,0
2021-06-10,XGBoost,5,1,0.3526596426963806,0
2021-06-11,XGBoost,5,1,0.3778482675552368,0
2021-06-14,XGBoost,5,0,0.10908568650484085,0
2021-06-15,XGBoost,5,0,0.3449469804763794,0
2021-06-16,XGBoost,5,0,0.23580414056777954,0
2021-06-17,XGBoost,5,0,0.2765674293041229,0
2021-06-18,XGBoost,5,1,0.8194541335105896,1
2021-06-21,XGBoost,5,1,0.29444390535354614,0
2021-06-22,XGBoost,5,0,0.49240976572036743,0
2021-06-23,XGBoost,5,1,0.2250925600528717,0
2021-06-24,XGBoost,5,1,0.06725765764713287,0
2021-06-25,XGBoost,5,1,0.5581609606742859,1
2021-06-28,XGBoost,5,1,0.36192643642425537,0
2021-06-29,XGBoost,5,1,0.23964622616767883,0
2021-06-30,XGBoost,5,1,0.40513136982917786,0
2021-07-01,XGBoost,5,1,0.3562442660331726,0
2021-07-02,XGBoost,5,0,0.40417060256004333,0
2021-07-06,XGBoost,5,1,0.6520425081253052,1
2021-07-07,XGBoost,5,0,0.44172897934913635,0
2021-07-08,XGBoost,5,1,0.09037669748067856,0
2021-07-09,XGBoost,5,1,0.12499463558197021,0
2021-07-12,XGBoost,5,0,0.7238314747810364,1
2021-07-13,XGBoost,5,1,0.5833587050437927,1
2021-07-14,XGBoost,5,0,0.3155914843082428,0
2021-07-15,XGBoost,5,0,0.5709788799285889,1
2021-07-16,XGBoost,5,0,0.7014371752738953,1
2021-07-19,XGBoost,5,1,0.3556329607963562,0
2021-07-20,XGBoost,5,1,0.6268787384033203,1
2021-07-21,XGBoost,5,1,0.5711408853530884,1
2021-07-22,XGBoost,5,1,0.5094714760780334,1
2021-07-23,XGBoost,5,1,0.36950457096099854,0
2021-07-26,XGBoost,5,0,0.5064963698387146,1
2021-07-27,XGBoost,5,0,0.3872646689414978,0
2021-07-28,XGBoost,5,1,0.37187087535858154,0
2021-07-29,XGBoost,5,0,0.23978868126869202,0
2021-07-30,XGBoost,5,0,0.6877136826515198,1
2021-08-02,XGBoost,5,1,0.586753785610199,1
2021-08-03,XGBoost,5,0,0.5529003739356995,1
2021-08-04,XGBoost,5,1,0.39501410722732544,0
2021-08-05,XGBoost,5,1,0.3709374964237213,0
2021-08-06,XGBoost,5,0,0.33682405948638916,0
2021-08-09,XGBoost,5,1,0.17686209082603455,0
2021-08-10,XGBoost,5,1,0.34148794412612915,0
2021-08-11,XGBoost,5,1,0.12669996917247772,0
2021-08-12,XGBoost,5,1,0.26395824551582336,0
2021-08-13,XGBoost,5,1,0.13851049542427063,0
2021-08-16,XGBoost,5,0,0.30094391107559204,0
2021-08-17,XGBoost,5,0,0.12891802191734314,0
2021-08-18,XGBoost,5,1,0.7339162230491638,1
2021-08-19,XGBoost,5,1,0.5577182769775391,1
2021-08-20,XGBoost,5,1,0.4163644313812256,0
2021-08-23,XGBoost,5,1,0.5039358139038086,1
2021-08-24,XGBoost,5,1,0.2214880883693695,0
2021-08-25,XGBoost,5,0,0.15569821000099182,0
2021-08-26,XGBoost,5,1,0.32463887333869934,0
2021-08-27,XGBoost,5,1,0.28905948996543884,0
2021-08-30,XGBoost,5,0,0.7569254636764526,1
2021-08-31,XGBoost,5,1,0.5738454461097717,1
2021-09-01,XGBoost,5,1,0.47320911288261414,0
2021-09-02,XGBoost,5,0,0.39071810245513916,0
2021-09-03,XGBoost,5,0,0.36573028564453125,0
2021-09-07,XGBoost,5,0,0.7287027835845947,1
2021-09-08,XGBoost,5,0,0.6446303129196167,1
2021-09-09,XGBoost,5,0,0.769408106803894,1
2021-09-10,XGBoost,5,1,0.38628268241882324,0
2021-09-13,XGBoost,5,0,0.21143579483032227,0
2021-09-14,XGBoost,5,1,0.34589067101478577,0
2021-09-15,XGBoost,5,0,0.27440375089645386,0
2021-09-16,XGBoost,5,0,0.8003568053245544,1
2021-09-17,XGBoost,5,0,0.36052361130714417,0
2021-09-20,XGBoost,5,0,0.833425760269165,1
2021-09-21,XGBoost,5,1,0.8813628554344177,1
2021-09-22,XGBoost,5,1,0.7361704707145691,1
2021-09-23,XGBoost,5,1,0.6270681619644165,1
2021-09-24,XGBoost,5,0,0.36443030834198,0
2021-09-27,XGBoost,5,0,0.8270223736763,1
2021-09-28,XGBoost,5,1,0.6709138751029968,1
2021-09-29,XGBoost,5,0,0.8657035231590271,1
2021-09-30,XGBoost,5,1,0.4935455322265625,0
2021-10-01,XGBoost,5,0,0.1582891345024109,0
2021-10-04,XGBoost,5,1,0.7116405367851257,1
2021-10-05,XGBoost,5,1,0.6263281106948853,1
2021-10-06,XGBoost,5,1,0.4203042984008789,0
2021-10-07,XGBoost,5,0,0.27219298481941223,0
2021-10-08,XGBoost,5,0,0.3164224922657013,0
2021-10-11,XGBoost,5,0,0.25470221042633057,0
2021-10-12,XGBoost,5,1,0.5125687718391418,1
2021-10-13,XGBoost,5,1,0.6616693139076233,1
2021-10-14,XGBoost,5,1,0.320368230342865,0
2021-10-15,XGBoost,5,1,0.7088010311126709,1
2021-10-18,XGBoost,5,1,0.7567235827445984,1
2021-10-19,XGBoost,5,1,0.6217209100723267,1
2021-10-20,XGBoost,5,1,0.38597649335861206,0
2021-10-21,XGBoost,5,0,0.5085399746894836,1
2021-10-22,XGBoost,5,1,0.6430337429046631,1
2021-10-25,XGBoost,5,1,0.45579907298088074,0
2021-10-26,XGBoost,5,0,0.6140981912612915,1
2021-10-27,XGBoost,5,1,0.2309887558221817,0
2021-10-28,XGBoost,5,1,0.7432199120521545,1
2021-10-29,XGBoost,5,1,0.4439757764339447,0
2021-11-01,XGBoost,5,1,0.5685195922851562,1
2021-11-02,XGBoost,5,1,0.25737541913986206,0
2021-11-03,XGBoost,5,1,0.3849118947982788,0
2021-11-04,XGBoost,5,1,0.22470292448997498,0
2021-11-05,XGBoost,5,1,0.5292844176292419,1
2021-11-08,XGBoost,5,0,0.2028535008430481,0
2021-11-09,XGBoost,5,0,0.5194685459136963,1
2021-11-10,XGBoost,5,1,0.829466700553894,1
2021-11-11,XGBoost,5,1,0.7391790747642517,1
2021-11-12,XGBoost,5,1,0.6003974676132202,1
2021-11-15,XGBoost,5,1,0.6861826777458191,1
2021-11-16,XGBoost,5,0,0.25187501311302185,0
2021-11-17,XGBoost,5,1,0.5076293349266052,1
2021-11-18,XGBoost,5,0,0.16723772883415222,0
2021-11-19,XGBoost,5,0,0.8610306978225708,1
2021-11-22,XGBoost,5,1,0.6665286421775818,1
2021-11-23,XGBoost,5,1,0.6057227253913879,1
2021-11-24,XGBoost,5,0,0.29338863492012024,0
2021-11-26,XGBoost,5,1,0.8121263980865479,1
2021-11-29,XGBoost,5,0,0.29300084710121155,0
2021-11-30,XGBoost,5,0,0.5844878554344177,1
2021-12-01,XGBoost,5,1,0.16205716133117676,0
2021-12-02,XGBoost,5,0,0.5508509874343872,1
2021-12-03,XGBoost,5,1,0.6004739999771118,1
2021-12-06,XGBoost,5,1,0.24012084305286407,0
2021-12-07,XGBoost,5,1,0.3806288540363312,0
2021-12-08,XGBoost,5,0,0.7347675561904907,1
2021-12-09,XGBoost,5,1,0.4650675654411316,0
2021-12-10,XGBoost,5,0,0.19597527384757996,0
2021-12-13,XGBoost,5,0,0.5701562166213989,1
2021-12-14,XGBoost,5,1,0.4520910978317261,0
2021-12-15,XGBoost,5,0,0.2014930099248886,0
2021-12-16,XGBoost,5,0,0.4495493173599243,0
2021-12-17,XGBoost,5,0,0.31840088963508606,0
2021-12-20,XGBoost,5,1,0.8078464269638062,1
2021-12-21,XGBoost,5,1,0.2452891767024994,0
2021-12-22,XGBoost,5,1,0.36369362473487854,0
2021-12-23,XGBoost,5,1,0.4117220938205719,0
2021-12-27,XGBoost,5,0,0.22229331731796265,0
2021-12-28,XGBoost,5,1,0.7318388819694519,1
2021-12-29,XGBoost,5,0,0.6067919731140137,1
2021-12-30,XGBoost,5,0,0.9001976847648621,1
2021-12-31,XGBoost,5,1,0.7094686031341553,1
